subject,subject_label,predicate,object,object_label,claim_count
resource:B10,"HEAL Data Ecosystem (federatation of Repositories, and a knowledgebase)",ASSOCIATED_WITH_ICO,nihorganizational-unit:nccih:50c008f01bf4,NCCIH,1
resource:B10,"HEAL Data Ecosystem (federatation of Repositories, and a knowledgebase)",ASSOCIATED_WITH_ICO,nihorganizational-unit:nci:3e7dc1723049,NCI,1
resource:B10,"HEAL Data Ecosystem (federatation of Repositories, and a knowledgebase)",ASSOCIATED_WITH_ICO,nihorganizational-unit:nei:e455cbbda0f2,NEI,1
resource:B10,"HEAL Data Ecosystem (federatation of Repositories, and a knowledgebase)",ASSOCIATED_WITH_ICO,nihorganizational-unit:nia:5fb35d52763b,NIA,1
resource:B10,"HEAL Data Ecosystem (federatation of Repositories, and a knowledgebase)",ASSOCIATED_WITH_ICO,nihorganizational-unit:niaaa:1a5c466ca5fc,NIAAA,1
resource:B10,"HEAL Data Ecosystem (federatation of Repositories, and a knowledgebase)",ASSOCIATED_WITH_ICO,nihorganizational-unit:niams:c3613b2538d2,NIAMS,1
resource:B10,"HEAL Data Ecosystem (federatation of Repositories, and a knowledgebase)",ASSOCIATED_WITH_ICO,nihorganizational-unit:nichd:02216d8a5581,NICHD,1
resource:B10,"HEAL Data Ecosystem (federatation of Repositories, and a knowledgebase)",ASSOCIATED_WITH_ICO,nihorganizational-unit:nida:509096dabb23,NIDA,1
resource:B10,"HEAL Data Ecosystem (federatation of Repositories, and a knowledgebase)",ASSOCIATED_WITH_ICO,nihorganizational-unit:nidcr:742157a1c02c,NIDCR,1
resource:B10,"HEAL Data Ecosystem (federatation of Repositories, and a knowledgebase)",ASSOCIATED_WITH_ICO,nihorganizational-unit:niddk:7de1d46d6cb2,NIDDK,1
resource:B10,"HEAL Data Ecosystem (federatation of Repositories, and a knowledgebase)",IDENTIFIED_BY,external-identifier:bmic-row-b10:e021e2e5eace,bmic_row: B10,1
resource:B10,"HEAL Data Ecosystem (federatation of Repositories, and a knowledgebase)",IDENTIFIED_BY,external-identifier:data-access-url-https-healdata-org:0b2920d5b186,data_access_url: https://healdata.org/,1
resource:B10,"HEAL Data Ecosystem (federatation of Repositories, and a knowledgebase)",IDENTIFIED_BY,external-identifier:data-submission-url-https-healdata-org:36e02e28012f,data_submission_url: https://healdata.org/,1
resource:B105,Children's Allergy and Asthma Data Repository (CADRE),ASSOCIATED_WITH_ICO,nihorganizational-unit:niaid:5b9617862b14,NIAID,1
resource:B105,Children's Allergy and Asthma Data Repository (CADRE),IDENTIFIED_BY,external-identifier:bmic-row-b105:a085cc47377e,bmic_row: B105,1
resource:B105,Children's Allergy and Asthma Data Repository (CADRE),IDENTIFIED_BY,external-identifier:data-access-url-https-cadre-med-wisc-edu-data:882c913aa336,data_access_url: https://cadre.med.wisc.edu/data/,1
resource:B105,Children's Allergy and Asthma Data Repository (CADRE),IDENTIFIED_BY,external-identifier:data-submission-url-https-redcap-wisc-edu-surveys-s-aytttfacxlp83xyl:4b4f8984b87a,data_submission_url: https://redcap.wisc.edu/surveys/?s=AYTTTFACXLP83XYL,1
resource:B106,"Database of Immune Cell Expression, Expression quantitative trait loci (eQTLs) and Epigenomics (DICE)",ASSOCIATED_WITH_ICO,nihorganizational-unit:niaid:5b9617862b14,NIAID,1
resource:B106,"Database of Immune Cell Expression, Expression quantitative trait loci (eQTLs) and Epigenomics (DICE)",IDENTIFIED_BY,external-identifier:bmic-row-b106:11aedc375165,bmic_row: B106,1
resource:B106,"Database of Immune Cell Expression, Expression quantitative trait loci (eQTLs) and Epigenomics (DICE)",IDENTIFIED_BY,external-identifier:data-access-url-https-dice-database-org:3742b5f03598,data_access_url: https://dice-database.org/,1
resource:B106,"Database of Immune Cell Expression, Expression quantitative trait loci (eQTLs) and Epigenomics (DICE)",IDENTIFIED_BY,external-identifier:fairsharing-doi-10-25504-fairsharing-155896:46b1eebf9229,fairsharing_doi: 10.25504/FAIRsharing.155896,1
resource:B106,"Database of Immune Cell Expression, Expression quantitative trait loci (eQTLs) and Epigenomics (DICE)",IDENTIFIED_BY,external-identifier:re3data-https-www-re3data-org-search-query-database-20of-20immune-20cell-20expre:aa87f59b7383,re3data: https://www.re3data.org/search?query=Database%20of%20Immune%20Cell%20Expression%2C%20Expression%20quantitative%20trait%20loci%20%28eQTLs%29%20and%20Epigenomics,1
resource:B106,"Database of Immune Cell Expression, Expression quantitative trait loci (eQTLs) and Epigenomics (DICE)",IDENTIFIED_BY,external-identifier:rrid-rrid-scr-018259:fc2a0fa5276d,rrid: RRID:SCR_018259,1
resource:B113,Papillomavirus Episteme (PaVE),ASSOCIATED_WITH_ICO,nihorganizational-unit:niaid:5b9617862b14,NIAID,1
resource:B113,Papillomavirus Episteme (PaVE),IDENTIFIED_BY,external-identifier:bmic-row-b113:bf2f152aaa1d,bmic_row: B113,1
resource:B113,Papillomavirus Episteme (PaVE),IDENTIFIED_BY,external-identifier:data-access-url-https-pave-niaid-nih-gov:84eb17d8008d,data_access_url: https://pave.niaid.nih.gov/,1
resource:B113,Papillomavirus Episteme (PaVE),IDENTIFIED_BY,external-identifier:rrid-rrid-scr-016599:304a93418e4e,rrid: RRID:SCR_016599,1
resource:B122,Arthritis and Autoimmune and Related Diseases Knowledge Portal (ARK Portal),ASSOCIATED_WITH_ICO,nihorganizational-unit:niams:c3613b2538d2,NIAMS,1
resource:B122,Arthritis and Autoimmune and Related Diseases Knowledge Portal (ARK Portal),EXPOSES_API,apiservice:b122-http-data-bioontology-org-documentation:7efe8d0a25b0,REST service for Arthritis and Autoimmune and Related Diseases Knowledge Portal (ARK Portal),1
resource:B122,Arthritis and Autoimmune and Related Diseases Knowledge Portal (ARK Portal),IDENTIFIED_BY,external-identifier:bmic-row-b122:fc9c33a631c5,bmic_row: B122,1
resource:B122,Arthritis and Autoimmune and Related Diseases Knowledge Portal (ARK Portal),IDENTIFIED_BY,external-identifier:data-access-url-https-arkportal-synapse-org-explore-all-20data:2d206e513ed8,data_access_url: https://arkportal.synapse.org/Explore/All%20Data,1
resource:B126,Rodent Open Science Skeletal Archive,ASSOCIATED_WITH_ICO,nihorganizational-unit:niams:c3613b2538d2,NIAMS,1
resource:B126,Rodent Open Science Skeletal Archive,ASSOCIATED_WITH_ICO,nihorganizational-unit:od:f97d185e1e26,OD,1
resource:B126,Rodent Open Science Skeletal Archive,IDENTIFIED_BY,external-identifier:bmic-row-b126:2c826bba2687,bmic_row: B126,1
resource:B126,Rodent Open Science Skeletal Archive,IDENTIFIED_BY,external-identifier:data-access-url-https-rossa-uchc-edu-search:136083c58f74,data_access_url: https://rossa.uchc.edu/search,1
resource:B126,Rodent Open Science Skeletal Archive,IDENTIFIED_BY,external-identifier:data-submission-url-https-rossa-uchc-edu-data-submission:1be6907e010d,data_submission_url: https://rossa.uchc.edu/data-submission,1
resource:B14,All RNA-seq and ChIP-seq sample and signature search (ARCHS4),ASSOCIATED_WITH_ICO,nihorganizational-unit:nci:3e7dc1723049,NCI,1
resource:B14,All RNA-seq and ChIP-seq sample and signature search (ARCHS4),IDENTIFIED_BY,external-identifier:bmic-row-b14:b88588063745,bmic_row: B14,1
resource:B14,All RNA-seq and ChIP-seq sample and signature search (ARCHS4),IDENTIFIED_BY,external-identifier:data-access-url-https-archs4-org-download:046a962e20d2,data_access_url: https://archs4.org/download,1
resource:B14,All RNA-seq and ChIP-seq sample and signature search (ARCHS4),IDENTIFIED_BY,external-identifier:rrid-rrid-scr-024821:4341a37785a3,rrid: RRID:SCR_024821,1
resource:B140,Somatic Mosaicism across Human Tissues (SMaHT),ASSOCIATED_WITH_ICO,nihorganizational-unit:nida:509096dabb23,NIDA,1
resource:B140,Somatic Mosaicism across Human Tissues (SMaHT),IDENTIFIED_BY,external-identifier:bmic-row-b140:3b63769f0743,bmic_row: B140,1
resource:B140,Somatic Mosaicism across Human Tissues (SMaHT),IDENTIFIED_BY,external-identifier:data-access-url-https-data-smaht-org:4e8b29e8cf7e,data_access_url: https://data.smaht.org/,1
resource:B140,Somatic Mosaicism across Human Tissues (SMaHT),IDENTIFIED_BY,external-identifier:data-submission-url-https-data-smaht-org:b7044b71745e,data_submission_url: https://data.smaht.org/,1
resource:B140,Somatic Mosaicism across Human Tissues (SMaHT),PROVIDED_BY,organization:harvard-none:34ac6d4e64c5,Harvard,1
resource:B140,Somatic Mosaicism across Human Tissues (SMaHT),PROVIDED_BY,organization:somatic-mosaicism-across-human-tissues-smaht-network-none:2c34e5feb74a,Somatic Mosaicism across Human Tissues (SMaHT) Network,1
resource:B146,gEAR,ASSOCIATED_WITH_ICO,nihorganizational-unit:nidcd:b1c1e8c17be1,NIDCD,1
resource:B146,gEAR,FUNDED_BY,organization:international-nucleotide-sequence-database-collaboration-aaa:81c856dcd10c,International Nucleotide Sequence Database Collaboration,1
resource:B146,gEAR,IDENTIFIED_BY,external-identifier:bmic-row-b146:7d93737f0a77,bmic_row: B146,1
resource:B146,gEAR,IDENTIFIED_BY,external-identifier:data-access-url-https-github-com-igs-gear-wiki-downloading-data:fe602f72b3a7,data_access_url: https://github.com/IGS/gEAR/wiki#downloading-data,1
resource:B146,gEAR,IDENTIFIED_BY,external-identifier:data-submission-url-https-github-com-igs-gear-blob-main-docs-wiki-uploadingoverv:221ded6789c2,data_submission_url: https://github.com/IGS/gEAR/blob/main/docs/wiki/UploadingOverview.md,1
resource:B146,gEAR,IDENTIFIED_BY,external-identifier:fairsharing-doi-10-25504-fairsharing-hesbcy:a9089e8789b5,fairsharing_doi: 10.25504/FAIRsharing.hESBcy,1
resource:B146,gEAR,IDENTIFIED_BY,external-identifier:re3data-r3d100013187:27fb85543d65,re3data: r3d100013187,1
resource:B146,gEAR,PROVIDED_BY,organization:national-institute-of-genetics-jpn:2167c5979b3a,National Institute of Genetics,1
resource:B146,gEAR,SUPPORTS_IDENTIFIER_SCHEME,identifier-scheme:other:6d45f56afab5,other,1
resource:B154,Accelerating Medicines Partnership in Common Metabolic Diseases Knowledge Portal (AMP-CMDKP),ASSOCIATED_WITH_ICO,nihorganizational-unit:niddk:7de1d46d6cb2,NIDDK,1
resource:B154,Accelerating Medicines Partnership in Common Metabolic Diseases Knowledge Portal (AMP-CMDKP),ASSOCIATED_WITH_ICO,nihorganizational-unit:od:f97d185e1e26,OD,1
resource:B154,Accelerating Medicines Partnership in Common Metabolic Diseases Knowledge Portal (AMP-CMDKP),IDENTIFIED_BY,external-identifier:bmic-row-b154:9be1f19052de,bmic_row: B154,1
resource:B154,Accelerating Medicines Partnership in Common Metabolic Diseases Knowledge Portal (AMP-CMDKP),IDENTIFIED_BY,external-identifier:data-access-url-https-hugeamp-org:cd9a08525d9d,data_access_url: https://hugeamp.org/,1
resource:B154,Accelerating Medicines Partnership in Common Metabolic Diseases Knowledge Portal (AMP-CMDKP),IDENTIFIED_BY,external-identifier:data-submission-url-https-hugeamp-org-collaborate-html:65e55fb7d2de,data_submission_url: https://hugeamp.org/collaborate.html,1
resource:B154,Accelerating Medicines Partnership in Common Metabolic Diseases Knowledge Portal (AMP-CMDKP),IDENTIFIED_BY,external-identifier:fairsharing-doi-10-25504-fairsharing-0ce6b6:93b0309ea506,fairsharing_doi: 10.25504/FAIRsharing.0ce6b6,1
resource:B154,Accelerating Medicines Partnership in Common Metabolic Diseases Knowledge Portal (AMP-CMDKP),IDENTIFIED_BY,external-identifier:re3data-https-www-re3data-org-search-query-accelerating-20medicines-20partnershi:720252c954a6,re3data: https://www.re3data.org/search?query=Accelerating%20Medicines%20Partnership%20in%20Common%20Metabolic%20Diseases%20%28AMP-CMD%29%20Knowledge%20Portal,1
resource:B155,Accelerating Medicines Partnership in Type 2 Diabetes Knowledge Portal (AMP-T2D),ASSOCIATED_WITH_ICO,nihorganizational-unit:niddk:7de1d46d6cb2,NIDDK,1
resource:B155,Accelerating Medicines Partnership in Type 2 Diabetes Knowledge Portal (AMP-T2D),ASSOCIATED_WITH_ICO,nihorganizational-unit:od:f97d185e1e26,OD,1
resource:B155,Accelerating Medicines Partnership in Type 2 Diabetes Knowledge Portal (AMP-T2D),IDENTIFIED_BY,external-identifier:bmic-row-b155:1992c340c157,bmic_row: B155,1
resource:B155,Accelerating Medicines Partnership in Type 2 Diabetes Knowledge Portal (AMP-T2D),IDENTIFIED_BY,external-identifier:data-access-url-https-t2d-hugeamp-org-help-html-page-915:d745c0bd7b6c,data_access_url: https://t2d.hugeamp.org/help.html?page=915,1
resource:B155,Accelerating Medicines Partnership in Type 2 Diabetes Knowledge Portal (AMP-T2D),IDENTIFIED_BY,external-identifier:data-submission-url-https-t2d-hugeamp-org-help-html-page-939:95f34d7bd3c7,data_submission_url: https://t2d.hugeamp.org/help.html?page=939,1
resource:B155,Accelerating Medicines Partnership in Type 2 Diabetes Knowledge Portal (AMP-T2D),IDENTIFIED_BY,external-identifier:rrid-rrid-scr-003743:6a63bff06fe7,rrid: RRID:SCR_003743,1
resource:B159,Human Health Exposure Analysis Resource (HHEAR) Data Repository,ASSOCIATED_WITH_ICO,nihorganizational-unit:niehs:abb8d2604b98,NIEHS,1
resource:B159,Human Health Exposure Analysis Resource (HHEAR) Data Repository,IDENTIFIED_BY,external-identifier:bmic-row-b159:05e458d3d95a,bmic_row: B159,1
resource:B159,Human Health Exposure Analysis Resource (HHEAR) Data Repository,IDENTIFIED_BY,external-identifier:data-access-url-https-hheardatacenter-mssm-edu-register-terms:de46cc8928dd,data_access_url: https://hheardatacenter.mssm.edu/Register/Terms,1
resource:B159,Human Health Exposure Analysis Resource (HHEAR) Data Repository,IDENTIFIED_BY,external-identifier:fairsharing-doi-10-25504-fairsharing-affe7e:6fa6a0bdc4f9,fairsharing_doi: 10.25504/FAIRsharing.affe7e,1
resource:B159,Human Health Exposure Analysis Resource (HHEAR) Data Repository,IDENTIFIED_BY,external-identifier:re3data-https-www-re3data-org-search-query-human-20health-20exposure-20analysis-:b5a41fce7677,re3data: https://www.re3data.org/search?query=Human%20Health%20Exposure%20Analysis%20Resource%20%28HHEAR%29%20Data%20Repository,1
resource:B162,Reasoning Over Biomedical Objects Linked in Knowledge-Oriented Pathways (ROBOKOP),ASSOCIATED_WITH_ICO,nihorganizational-unit:niehs:abb8d2604b98,NIEHS,1
resource:B162,Reasoning Over Biomedical Objects Linked in Knowledge-Oriented Pathways (ROBOKOP),ASSOCIATED_WITH_ICO,nihorganizational-unit:od:f97d185e1e26,OD,1
resource:B162,Reasoning Over Biomedical Objects Linked in Knowledge-Oriented Pathways (ROBOKOP),IDENTIFIED_BY,external-identifier:bmic-row-b162:b9dc77b2c763,bmic_row: B162,1
resource:B162,Reasoning Over Biomedical Objects Linked in Knowledge-Oriented Pathways (ROBOKOP),IDENTIFIED_BY,external-identifier:data-access-url-https-robokop-renci-org-explore-graphs:da8b3165d90c,data_access_url: https://robokop.renci.org/explore/graphs,1
resource:B175,Allen Brain Cell (ABC) Atlas (aka Adult whole brain cell atlas in human and NHP),ASSOCIATED_WITH_ICO,nihorganizational-unit:nimh:e34089bd2ccf,NIMH,1
resource:B175,Allen Brain Cell (ABC) Atlas (aka Adult whole brain cell atlas in human and NHP),IDENTIFIED_BY,external-identifier:bmic-row-b175:c5f8dd2a8d72,bmic_row: B175,1
resource:B175,Allen Brain Cell (ABC) Atlas (aka Adult whole brain cell atlas in human and NHP),IDENTIFIED_BY,external-identifier:data-access-url-https-alleninstitute-github-io-abc-atlas-access-intro-html:829604443280,data_access_url: https://alleninstitute.github.io/abc_atlas_access/intro.html,1
resource:B180,Distributed Archives for Neurophysiology Data Integration (The DANDI Archive),ASSOCIATED_WITH_ICO,nihorganizational-unit:nimh:e34089bd2ccf,NIMH,1
resource:B180,Distributed Archives for Neurophysiology Data Integration (The DANDI Archive),EXPOSES_API,apiservice:b180-https-api-dandiarchive-org-swagger-format-openapi:f0fdb98d0fd5,REST service for Distributed Archives for Neurophysiology Data Integration (The DANDI Archive),1
resource:B180,Distributed Archives for Neurophysiology Data Integration (The DANDI Archive),IDENTIFIED_BY,external-identifier:bmic-row-b180:f27c5a2366e6,bmic_row: B180,1
resource:B180,Distributed Archives for Neurophysiology Data Integration (The DANDI Archive),IDENTIFIED_BY,external-identifier:data-access-url-https-docs-dandiarchive-org-user-guide-using-accessing-data:fff1c20f1bcf,data_access_url: https://docs.dandiarchive.org/user-guide-using/accessing-data/,1
resource:B180,Distributed Archives for Neurophysiology Data Integration (The DANDI Archive),IDENTIFIED_BY,external-identifier:data-submission-url-https-docs-dandiarchive-org-user-guide-sharing-creating-dand:d9094cfef58b,data_submission_url: https://docs.dandiarchive.org/user-guide-sharing/creating-dandiset/,1
resource:B180,Distributed Archives for Neurophysiology Data Integration (The DANDI Archive),IDENTIFIED_BY,external-identifier:re3data-https-www-re3data-org-search-query-the-20dandi-20archive:b6f1fc25dc57,re3data: https://www.re3data.org/search?query=The%20DANDI%20Archive,1
resource:B180,Distributed Archives for Neurophysiology Data Integration (The DANDI Archive),IMPLEMENTS_STANDARD,standard:https-rdamsc-bath-ac-uk-msc-m11:f5350646ed04,DataCite Metadata Schema,1
resource:B180,Distributed Archives for Neurophysiology Data Integration (The DANDI Archive),IMPLEMENTS_STANDARD,standard:https-rdamsc-bath-ac-uk-msc-m33:9e76c3730ffd,PROV,1
resource:B180,Distributed Archives for Neurophysiology Data Integration (The DANDI Archive),IMPLEMENTS_STANDARD,standard:https-rdamsc-bath-ac-uk-msc-m36:25f92105a432,Repository-Developed Metadata Schemas,1
resource:B180,Distributed Archives for Neurophysiology Data Integration (The DANDI Archive),SUPPORTS_IDENTIFIER_SCHEME,identifier-scheme:https-www-doi-org:5861c32be6d4,DOI,1
resource:B180,Distributed Archives for Neurophysiology Data Integration (The DANDI Archive),SUPPORTS_IDENTIFIER_SCHEME,identifier-scheme:other:6d45f56afab5,other,1
resource:B181,Ecosystem for Multimodal Brain-Behavior Experimentation and Research (EMBER),ASSOCIATED_WITH_ICO,nihorganizational-unit:nimh:e34089bd2ccf,NIMH,1
resource:B181,Ecosystem for Multimodal Brain-Behavior Experimentation and Research (EMBER),IDENTIFIED_BY,external-identifier:bmic-row-b181:4bad73040884,bmic_row: B181,1
resource:B181,Ecosystem for Multimodal Brain-Behavior Experimentation and Research (EMBER),IDENTIFIED_BY,external-identifier:data-access-url-https-dandi-emberarchive-org-gl-1-83raml-ga-mzkwmzeymdy1lje3nzay:2f7f97fe4697,data_access_url: https://dandi.emberarchive.org/?_gl=1*83raml*_ga*MzkwMzEyMDY1LjE3NzAyMjU5NjE.*_ga_0QL6YPBXFZ*czE3NzAyMjU5NjAkbzEkZzEkdDE3NzAyMjYwMzckajQ5JGwwJGgw,1
resource:B181,Ecosystem for Multimodal Brain-Behavior Experimentation and Research (EMBER),IDENTIFIED_BY,external-identifier:data-submission-url-https-emberarchive-org-documentation:d0aa2312f6f2,data_submission_url: https://emberarchive.org/documentation,1
resource:B181,Ecosystem for Multimodal Brain-Behavior Experimentation and Research (EMBER),IDENTIFIED_BY,external-identifier:fairsharing-doi-10-25504-fairsharing-f74c9d:8c578e4b93ab,fairsharing_doi: 10.25504/FAIRsharing.f74c9d,1
resource:B181,Ecosystem for Multimodal Brain-Behavior Experimentation and Research (EMBER),IDENTIFIED_BY,external-identifier:rrid-rrid-scr-026700:54cd866abe24,rrid: RRID:SCR_026700,1
resource:B190,"Accelerating Medicine Partnership in Amyotrophic Lateral Sclerosis (AMP-ALS), ALS Knowledge Portal",ASSOCIATED_WITH_ICO,nihorganizational-unit:ninds:5cfdd7438e69,NINDS,1
resource:B190,"Accelerating Medicine Partnership in Amyotrophic Lateral Sclerosis (AMP-ALS), ALS Knowledge Portal",HAS_ACCESS_SYSTEM,access-system:als-kp-access-system:adb6e27bcabf,ALS KP Access System,1
resource:B190,"Accelerating Medicine Partnership in Amyotrophic Lateral Sclerosis (AMP-ALS), ALS Knowledge Portal",HAS_POLICY_DESIGNATION,policy-designation:nih-controlled-access-data-repository:fc6f37ee4801,NIH Controlled-Access Data Repository,1
resource:B190,"Accelerating Medicine Partnership in Amyotrophic Lateral Sclerosis (AMP-ALS), ALS Knowledge Portal",IDENTIFIED_BY,external-identifier:bmic-row-b190:b4a3beb6f8f1,bmic_row: B190,1
resource:B190,"Accelerating Medicine Partnership in Amyotrophic Lateral Sclerosis (AMP-ALS), ALS Knowledge Portal",IDENTIFIED_BY,external-identifier:data-access-url-https-ampals-synapse-org:73484a74a8a9,data_access_url: https://ampals.synapse.org/,1
resource:B190,"Accelerating Medicine Partnership in Amyotrophic Lateral Sclerosis (AMP-ALS), ALS Knowledge Portal",IDENTIFIED_BY,external-identifier:data-submission-url-https-ampals-synapse-org-contribute-20data:f8ac5f866ef1,data_submission_url: https://ampals.synapse.org/Contribute%20Data,1
resource:B193,Imaging Repository for the Cerebrovascular Disease Knowledge Portal (iCDKP),ASSOCIATED_WITH_ICO,nihorganizational-unit:ninds:5cfdd7438e69,NINDS,1
resource:B193,Imaging Repository for the Cerebrovascular Disease Knowledge Portal (iCDKP),ASSOCIATED_WITH_ICO,nihorganizational-unit:od:f97d185e1e26,OD,1
resource:B193,Imaging Repository for the Cerebrovascular Disease Knowledge Portal (iCDKP),IDENTIFIED_BY,external-identifier:bmic-row-b193:94af0d9520bf,bmic_row: B193,1
resource:B193,Imaging Repository for the Cerebrovascular Disease Knowledge Portal (iCDKP),IDENTIFIED_BY,external-identifier:data-access-url-https-sites-wustl-edu-icdkp-explore-datasets:f89a1918dcec,data_access_url: https://sites.wustl.edu/icdkp/explore-datasets/,1
resource:B193,Imaging Repository for the Cerebrovascular Disease Knowledge Portal (iCDKP),IDENTIFIED_BY,external-identifier:data-submission-url-https-sites-wustl-edu-icdkp:04ce234ee71f,data_submission_url: https://sites.wustl.edu/icdkp/,1
resource:B205,"NCBI Datasets: Gene, Genome, Assembly, Orthologs, and Taxonomy Database",ASSOCIATED_WITH_ICO,nihorganizational-unit:nlm:8b1526a4e813,NLM,1
resource:B205,"NCBI Datasets: Gene, Genome, Assembly, Orthologs, and Taxonomy Database",FUNDED_BY,organization:national-institutes-of-health-usa:49c1f347e2a5,National Institutes of Health,1
resource:B205,"NCBI Datasets: Gene, Genome, Assembly, Orthologs, and Taxonomy Database",FUNDED_BY,organization:national-library-of-medicine-national-center-for-biotechnology-information-usa:3fef963f6ea8,"National Library of Medicine, National Center for Biotechnology Information",1
resource:B205,"NCBI Datasets: Gene, Genome, Assembly, Orthologs, and Taxonomy Database",FUNDED_BY,organization:u-s-department-of-health-human-services-usa:554526404376,U.S. Department of Health & Human Services,1
resource:B205,"NCBI Datasets: Gene, Genome, Assembly, Orthologs, and Taxonomy Database",IDENTIFIED_BY,external-identifier:bmic-row-b205:52b1163896c5,bmic_row: B205,1
resource:B205,"NCBI Datasets: Gene, Genome, Assembly, Orthologs, and Taxonomy Database",IDENTIFIED_BY,external-identifier:data-access-url-https-www-ncbi-nlm-nih-gov-datasets:68cf8bc65589,data_access_url: https://www.ncbi.nlm.nih.gov/datasets/,1
resource:B205,"NCBI Datasets: Gene, Genome, Assembly, Orthologs, and Taxonomy Database",IDENTIFIED_BY,external-identifier:fairsharing-doi-10-25504-fairsharing-9kahy4:ad14f029d873,fairsharing_doi: 10.25504/FAIRsharing.9kahy4,1
resource:B205,"NCBI Datasets: Gene, Genome, Assembly, Orthologs, and Taxonomy Database",IDENTIFIED_BY,external-identifier:re3data-r3d100010282:5c7f33d3d58c,re3data: r3d100010282,1
resource:B205,"NCBI Datasets: Gene, Genome, Assembly, Orthologs, and Taxonomy Database",IDENTIFIED_BY,external-identifier:rrid-rrid-scr-006472:021ae2148bac,rrid: RRID:SCR_006472,1
resource:B205,"NCBI Datasets: Gene, Genome, Assembly, Orthologs, and Taxonomy Database",SUPPORTS_IDENTIFIER_SCHEME,identifier-scheme:https-www-doi-org:5861c32be6d4,DOI,1
resource:B40,The BRCA Exchange Knowledgebase,ASSOCIATED_WITH_ICO,nihorganizational-unit:nci:3e7dc1723049,NCI,1
resource:B40,The BRCA Exchange Knowledgebase,IDENTIFIED_BY,external-identifier:bmic-row-b40:8f9f4975ab95,bmic_row: B40,1
resource:B40,The BRCA Exchange Knowledgebase,IDENTIFIED_BY,external-identifier:data-access-url-https-brcaexchange-org-about-api:d0367981de25,data_access_url: https://brcaexchange.org/about/api,1
resource:B40,The BRCA Exchange Knowledgebase,IDENTIFIED_BY,external-identifier:data-submission-url-https-brcaexchange-org-about-datasubmissionpolicy:c7b989554c0b,data_submission_url: https://brcaexchange.org/about/dataSubmissionPolicy,1
resource:B46,UCSC Genome Browser,ASSOCIATED_WITH_ICO,nihorganizational-unit:nci:3e7dc1723049,NCI,1
resource:B46,UCSC Genome Browser,ASSOCIATED_WITH_ICO,nihorganizational-unit:nhgri:efad3a63729a,NHGRI,1
resource:B46,UCSC Genome Browser,FUNDED_BY,organization:howard-hughes-medical-institute-usa:6d9e6bc0bcee,Howard Hughes Medical Institute,1
resource:B46,UCSC Genome Browser,FUNDED_BY,organization:national-cancer-institute-usa:8a5c5587f71f,National Cancer Institute,1
resource:B46,UCSC Genome Browser,FUNDED_BY,organization:national-human-genome-research-institute-usa:56f800564609,National Human Genome Research Institute,1
resource:B46,UCSC Genome Browser,FUNDED_BY,organization:university-of-california-santa-cruz-genomics-institute-usa:2a9c93709ff3,"University of California Santa Cruz, Genomics Institute",1
resource:B46,UCSC Genome Browser,IDENTIFIED_BY,external-identifier:bmic-row-b46:1bd43e96552c,bmic_row: B46,1
resource:B46,UCSC Genome Browser,IDENTIFIED_BY,external-identifier:data-access-url-https-genome-ucsc-edu:710c47009e6f,data_access_url: https://genome.ucsc.edu/,1
resource:B46,UCSC Genome Browser,IDENTIFIED_BY,external-identifier:fairsharing-doi-10-25504-fairsharing-s22qdj:6b60942d5c74,fairsharing_doi: 10.25504/FAIRsharing.s22qdj,1
resource:B46,UCSC Genome Browser,IDENTIFIED_BY,external-identifier:re3data-r3d100010243:13837dff1204,re3data: r3d100010243,1
resource:B46,UCSC Genome Browser,IDENTIFIED_BY,external-identifier:rrid-rrid-scr-005780:0330bdc98ded,rrid: RRID:SCR_005780,1
resource:B46,UCSC Genome Browser,SUPPORTS_IDENTIFIER_SCHEME,identifier-scheme:none:a293bcf5747a,none,1
resource:B62,gnomAD Genome Aggregation Database,ASSOCIATED_WITH_ICO,nihorganizational-unit:nhgri:efad3a63729a,NHGRI,1
resource:B62,gnomAD Genome Aggregation Database,FUNDED_BY,organization:university-of-guelph-department-of-integrative-biology-can:0735c7ff9b7b,"University of Guelph, Department of Integrative Biology",1
resource:B62,gnomAD Genome Aggregation Database,IDENTIFIED_BY,external-identifier:bmic-row-b62:05a325ecfecb,bmic_row: B62,1
resource:B62,gnomAD Genome Aggregation Database,IDENTIFIED_BY,external-identifier:data-access-url-https-gnomad-broadinstitute-org:95170826b691,data_access_url: https://gnomad.broadinstitute.org/,1
resource:B62,gnomAD Genome Aggregation Database,IDENTIFIED_BY,external-identifier:fairsharing-doi-10-25504-fairsharing-548df7:547634884bc1,fairsharing_doi: 10.25504/FAIRsharing.548df7,1
resource:B62,gnomAD Genome Aggregation Database,IDENTIFIED_BY,external-identifier:re3data-r3d100012517:744725ee3276,re3data: r3d100012517,1
resource:B62,gnomAD Genome Aggregation Database,IDENTIFIED_BY,external-identifier:rrid-rrid-scr-014964:4e8e2df854ef,rrid: RRID:SCR_014964,1
resource:B62,gnomAD Genome Aggregation Database,SUPPORTS_IDENTIFIER_SCHEME,identifier-scheme:none:a293bcf5747a,none,1
resource:B65,"NHGRI Genomic Data Science Analysis, Visualization, and Informatics Lab-space (AnVIL)",ASSOCIATED_WITH_ICO,nihorganizational-unit:nhgri:efad3a63729a,NHGRI,1
resource:B65,"NHGRI Genomic Data Science Analysis, Visualization, and Informatics Lab-space (AnVIL)",HAS_ACCESS_SYSTEM,access-system:dbgap-access-system:8447ce4e0852,dbGaP Access System,1
resource:B65,"NHGRI Genomic Data Science Analysis, Visualization, and Informatics Lab-space (AnVIL)",HAS_POLICY_DESIGNATION,policy-designation:nih-controlled-access-data-repository:fc6f37ee4801,NIH Controlled-Access Data Repository,1
resource:B65,"NHGRI Genomic Data Science Analysis, Visualization, and Informatics Lab-space (AnVIL)",IDENTIFIED_BY,external-identifier:bmic-row-b65:70c7269e9b0d,bmic_row: B65,1
resource:B65,"NHGRI Genomic Data Science Analysis, Visualization, and Informatics Lab-space (AnVIL)",IDENTIFIED_BY,external-identifier:data-access-url-https-anvilproject-org-learn-accessing-data-requesting-data-acce:d4da3b8daba5,data_access_url: https://anvilproject.org/learn/accessing-data/requesting-data-access/,1
resource:B65,"NHGRI Genomic Data Science Analysis, Visualization, and Informatics Lab-space (AnVIL)",IDENTIFIED_BY,external-identifier:data-submission-url-https-anvilproject-org-learn-data-submitters-submission-guid:d280b1469098,data_submission_url: https://anvilproject.org/learn/data-submitters/submission-guide/data-submitters-overview/,1
resource:B78,Biologic Specimen and Data Repository Information Coordinating Center (BioLINCC),ASSOCIATED_WITH_ICO,nihorganizational-unit:nhlbi:a47a761791eb,NHLBI,1
resource:B78,Biologic Specimen and Data Repository Information Coordinating Center (BioLINCC),HAS_ACCESS_SYSTEM,access-system:biolincc:d4f899b0a32e,BioLINCC,1
resource:B78,Biologic Specimen and Data Repository Information Coordinating Center (BioLINCC),HAS_POLICY_DESIGNATION,policy-designation:nih-controlled-access-data-repository:fc6f37ee4801,NIH Controlled-Access Data Repository,1
resource:B78,Biologic Specimen and Data Repository Information Coordinating Center (BioLINCC),IDENTIFIED_BY,external-identifier:bmic-row-b78:6c9c8158b225,bmic_row: B78,1
resource:B78,Biologic Specimen and Data Repository Information Coordinating Center (BioLINCC),IDENTIFIED_BY,external-identifier:data-access-url-https-biolincc-nhlbi-nih-gov-studies:ae526697de78,data_access_url: https://biolincc.nhlbi.nih.gov/studies/,1
resource:B78,Biologic Specimen and Data Repository Information Coordinating Center (BioLINCC),IDENTIFIED_BY,external-identifier:data-submission-url-https-biolincc-nhlbi-nih-gov-submit-datasets:076dd4fe4aa7,data_submission_url: https://biolincc.nhlbi.nih.gov/submit_datasets/,1
resource:B78,Biologic Specimen and Data Repository Information Coordinating Center (BioLINCC),IDENTIFIED_BY,external-identifier:fairsharing-doi-10-25504-fairsharing-a46gtf:284a48425cf3,fairsharing_doi: 10.25504/FAIRsharing.a46gtf,1
resource:B78,Biologic Specimen and Data Repository Information Coordinating Center (BioLINCC),IDENTIFIED_BY,external-identifier:re3data-https-www-re3data-org-search-query-biologic-20specimen-20and-20data-20re:ac21803d79af,re3data: https://www.re3data.org/search?query=Biologic%20Specimen%20and%20Data%20Repository%20Information%20Coordinating%20Center,1
resource:B78,Biologic Specimen and Data Repository Information Coordinating Center (BioLINCC),IDENTIFIED_BY,external-identifier:rrid-rrid-scr-013142:b6a995db670d,rrid: RRID:SCR_013142,1
resource:B78,Biologic Specimen and Data Repository Information Coordinating Center (BioLINCC),SUPPORTS_IDENTIFIER_SCHEME,identifier-scheme:none:a293bcf5747a,none,1
resource:B97,National NeuroHIV Tissue Consortium,ASSOCIATED_WITH_ICO,nihorganizational-unit:nia:5fb35d52763b,NIA,1
resource:B97,National NeuroHIV Tissue Consortium,ASSOCIATED_WITH_ICO,nihorganizational-unit:nida:509096dabb23,NIDA,1
resource:B97,National NeuroHIV Tissue Consortium,ASSOCIATED_WITH_ICO,nihorganizational-unit:nimh:e34089bd2ccf,NIMH,1
resource:B97,National NeuroHIV Tissue Consortium,ASSOCIATED_WITH_ICO,nihorganizational-unit:ninds:5cfdd7438e69,NINDS,1
resource:B97,National NeuroHIV Tissue Consortium,IDENTIFIED_BY,external-identifier:bmic-row-b97:37beb4806803,bmic_row: B97,1
resource:R1,Federal Interagency Traumatic Brain Injury Research (FITBIR) Informatics System,ASSOCIATED_WITH_ICO,nihorganizational-unit:cit:4ea091b4a678,CIT,1
resource:R1,Federal Interagency Traumatic Brain Injury Research (FITBIR) Informatics System,ASSOCIATED_WITH_ICO,nihorganizational-unit:ninds:5cfdd7438e69,NINDS,1
resource:R1,Federal Interagency Traumatic Brain Injury Research (FITBIR) Informatics System,HAS_ACCESS_SYSTEM,access-system:fitbir-access-system-built-from-brics:3a71efc7b3a1,FITBIR Access System (built from BRICS),1
resource:R1,Federal Interagency Traumatic Brain Injury Research (FITBIR) Informatics System,HAS_POLICY_DESIGNATION,policy-designation:nih-controlled-access-data-repository:fc6f37ee4801,NIH Controlled-Access Data Repository,1
resource:R1,Federal Interagency Traumatic Brain Injury Research (FITBIR) Informatics System,IDENTIFIED_BY,external-identifier:bmic-row-b4:db22aaa89485,bmic_row: B4,1
resource:R1,Federal Interagency Traumatic Brain Injury Research (FITBIR) Informatics System,IDENTIFIED_BY,external-identifier:csv-id-1:ec006f177c9f,csv_id: 1,1
resource:R1,Federal Interagency Traumatic Brain Injury Research (FITBIR) Informatics System,IDENTIFIED_BY,external-identifier:data-access-url-https-fitbir-nih-gov-content-access-data:7604e6758e9a,data_access_url: https://fitbir.nih.gov/content/access-data,1
resource:R1,Federal Interagency Traumatic Brain Injury Research (FITBIR) Informatics System,IDENTIFIED_BY,external-identifier:data-submission-url-https-fitbir-nih-gov-content-contribute-data:e9f77894a754,data_submission_url: https://fitbir.nih.gov/content/contribute-data,1
resource:R1,Federal Interagency Traumatic Brain Injury Research (FITBIR) Informatics System,IDENTIFIED_BY,external-identifier:fairsharing-doi-10-25504-fairsharing-rz7h29:f6b8066bdbd3,fairsharing_doi: 10.25504/FAIRsharing.rz7h29,1
resource:R1,Federal Interagency Traumatic Brain Injury Research (FITBIR) Informatics System,IDENTIFIED_BY,external-identifier:re3data-https-www-re3data-org-search-query-federal-20interagency-20traumatic-20b:9550213ce007,re3data: https://www.re3data.org/search?query=Federal%20Interagency%20Traumatic%20Brain%20Injury%20Research%20Informatics%20System,1
resource:R1,Federal Interagency Traumatic Brain Injury Research (FITBIR) Informatics System,IDENTIFIED_BY,external-identifier:rrid-rrid-scr-006856:8ba404e036f7,rrid: RRID:SCR_006856,1
resource:R1,Federal Interagency Traumatic Brain Injury Research (FITBIR) Informatics System,IMPLEMENTS_STANDARD,standard:generic:a9a2542e57ab,generic,1
resource:R1,Federal Interagency Traumatic Brain Injury Research (FITBIR) Informatics System,IMPLEMENTS_STANDARD,standard:https-spec-openapis-org-oas-latest-html:ddce3578cfaa,OpenAPI Specification,1
resource:R1,Federal Interagency Traumatic Brain Injury Research (FITBIR) Informatics System,SUPPORTS_GUID_SYSTEM,guidsystem:https-fitbir-nih-gov-content-global-unique-identifier:02529cd651fd,FITBIR Global Unique Identifier (GUID),1
resource:R1,Federal Interagency Traumatic Brain Injury Research (FITBIR) Informatics System,SUPPORTS_IDENTIFIER_SCHEME,identifier-scheme:https-www-doi-org:5861c32be6d4,DOI,1
resource:R1,Federal Interagency Traumatic Brain Injury Research (FITBIR) Informatics System,SUPPORTS_IDENTIFIER_SCHEME,identifier-scheme:other:6d45f56afab5,other,1
resource:R10,NCATS OpenData Portal,ASSOCIATED_WITH_ICO,nihorganizational-unit:ncats:f103a9f46aee,NCATS,1
resource:R10,NCATS OpenData Portal,IDENTIFIED_BY,external-identifier:bmic-row-r10:0ec74612daf7,bmic_row: R10,1
resource:R10,NCATS OpenData Portal,IDENTIFIED_BY,external-identifier:data-access-url-https-opendata-ncats-nih-gov-home:cdf967a7509c,data_access_url: https://opendata.ncats.nih.gov/home,1
resource:R10,NCATS OpenData Portal,IDENTIFIED_BY,external-identifier:fairsharing-doi-10-25504-fairsharing-279381:c8b655702374,fairsharing_doi: 10.25504/FAIRsharing.279381,1
resource:R10,NCATS OpenData Portal,IDENTIFIED_BY,external-identifier:re3data-https-www-re3data-org-search-query-ncats-20opendata-20portal:5fcdb5aa1d3f,re3data: https://www.re3data.org/search?query=NCATS%20OpenData%20Portal,1
resource:R10,NCATS OpenData Portal,IMPLEMENTS_STANDARD,standard:generic:a9a2542e57ab,generic,1
resource:R10,NCATS OpenData Portal,IMPLEMENTS_STANDARD,standard:https-hl7-org-fhir:24110bbf8f70,HL7 FHIR,1
resource:R10,NCATS OpenData Portal,IMPLEMENTS_STANDARD,standard:https-spec-graphql-org:f96d667c7f20,GraphQL Specification,1
resource:R10,NCATS OpenData Portal,IMPLEMENTS_STANDARD,standard:https-spec-openapis-org-oas-latest-html:ddce3578cfaa,OpenAPI Specification,1
resource:R10,NCATS OpenData Portal,IMPLEMENTS_STANDARD,standard:rest:f201967f1d34,rest,1
resource:R100,NIAAA Controlled Datasets,ASSOCIATED_WITH_ICO,nihorganizational-unit:niaaa:1a5c466ca5fc,NIAAA,1
resource:R100,NIAAA Controlled Datasets,HAS_ACCESS_SYSTEM,access-system:niaaa-controlled-data-access-system:053b27713030,NIAAA Controlled Data Access System,1
resource:R100,NIAAA Controlled Datasets,HAS_POLICY_DESIGNATION,policy-designation:nih-controlled-access-data-repository:fc6f37ee4801,NIH Controlled-Access Data Repository,1
resource:R100,NIAAA Controlled Datasets,IDENTIFIED_BY,external-identifier:bmic-row-r100:6916174706b1,bmic_row: R100,1
resource:R100,NIAAA Controlled Datasets,IDENTIFIED_BY,external-identifier:re3data-https-www-re3data-org-search-query-niaaa-20controlled-20datasets-2a:f1540a446edb,re3data: https://www.re3data.org/search?query=NIAAA%20Controlled%20Datasets%2A,1
resource:R100,NIAAA Controlled Datasets,IMPLEMENTS_STANDARD,standard:generic:a9a2542e57ab,generic,1
resource:R100,NIAAA Controlled Datasets,IMPLEMENTS_STANDARD,standard:https-spec-openapis-org-oas-latest-html:ddce3578cfaa,OpenAPI Specification,1
resource:R101,NIAAA Data Archive,ASSOCIATED_WITH_ICO,nihorganizational-unit:niaaa:1a5c466ca5fc,NIAAA,1
resource:R101,NIAAA Data Archive,EXPOSES_API,apiservice:r101-https-nda-nih-gov-api-datadictionary-v2-docs-swagger-ui-html:3ede7b966b2d,REST service for NIAAA Data Archive,1
resource:R101,NIAAA Data Archive,IDENTIFIED_BY,external-identifier:bmic-row-r101:f78470202fcf,bmic_row: R101,1
resource:R101,NIAAA Data Archive,IDENTIFIED_BY,external-identifier:data-access-url-https-nda-nih-gov-nda-access-data-info:aff8808c4ed5,data_access_url: https://nda.nih.gov/nda/access-data-info,1
resource:R101,NIAAA Data Archive,IDENTIFIED_BY,external-identifier:data-submission-url-https-nda-nih-gov-nda-data-contribution-html:2e76f3402696,data_submission_url: https://nda.nih.gov/nda/data-contribution.html,1
resource:R101,NIAAA Data Archive,IDENTIFIED_BY,external-identifier:fairsharing-doi-10-25504-fairsharing-cblhss:538b26c4bb1b,fairsharing_doi: 10.25504/FAIRsharing.CbLHss,1
resource:R101,NIAAA Data Archive,IDENTIFIED_BY,external-identifier:rrid-rrid-scr-004434:84c926a186e5,rrid: RRID:SCR_004434,1
resource:R101,NIAAA Data Archive,IMPLEMENTS_STANDARD,standard:generic:a9a2542e57ab,generic,1
resource:R101,NIAAA Data Archive,IMPLEMENTS_STANDARD,standard:https-spec-openapis-org-oas-latest-html:ddce3578cfaa,OpenAPI Specification,1
resource:R101,NIAAA Data Archive,IMPLEMENTS_STANDARD,standard:rest:f201967f1d34,rest,1
resource:R101,NIAAA Data Archive,SUPPORTS_IDENTIFIER_SCHEME,identifier-scheme:https-www-doi-org:5861c32be6d4,DOI,1
resource:R102,Southern HIV and Alcohol Research Consortium Biomedical Data Repository,ASSOCIATED_WITH_ICO,nihorganizational-unit:niaaa:1a5c466ca5fc,NIAAA,1
resource:R102,Southern HIV and Alcohol Research Consortium Biomedical Data Repository,IDENTIFIED_BY,external-identifier:bmic-row-r102:e8074e48cd51,bmic_row: R102,1
resource:R102,Southern HIV and Alcohol Research Consortium Biomedical Data Repository,IDENTIFIED_BY,external-identifier:data-access-url-https-sharc-research-org-research-data-sharc-concepts-system:a03c45427faf,data_access_url: https://sharc-research.org/research/data/sharc-concepts-system/,1
resource:R102,Southern HIV and Alcohol Research Consortium Biomedical Data Repository,IDENTIFIED_BY,external-identifier:data-submission-url-https-sharc-research-org-research-data-sharc-concepts-system:76793cadaaea,data_submission_url: https://sharc-research.org/research/data/sharc-concepts-system/,1
resource:R102,Southern HIV and Alcohol Research Consortium Biomedical Data Repository,IMPLEMENTS_STANDARD,standard:generic:a9a2542e57ab,generic,1
resource:R102,Southern HIV and Alcohol Research Consortium Biomedical Data Repository,IMPLEMENTS_STANDARD,standard:https-spec-openapis-org-oas-latest-html:ddce3578cfaa,OpenAPI Specification,1
resource:R103,NIMH Data Archive,ASSOCIATED_WITH_ICO,nihorganizational-unit:niaaa:1a5c466ca5fc,NIAAA,1
resource:R103,NIMH Data Archive,ASSOCIATED_WITH_ICO,nihorganizational-unit:nimh:e34089bd2ccf,NIMH,1
resource:R103,NIMH Data Archive,ASSOCIATED_WITH_ICO,nihorganizational-unit:ninds:5cfdd7438e69,NINDS,1
resource:R103,NIMH Data Archive,HAS_ACCESS_SYSTEM,access-system:nda-access-system:81262cf599a5,NDA Access System,1
resource:R103,NIMH Data Archive,HAS_POLICY_DESIGNATION,policy-designation:nih-controlled-access-data-repository:fc6f37ee4801,NIH Controlled-Access Data Repository,1
resource:R103,NIMH Data Archive,IDENTIFIED_BY,external-identifier:bmic-row-r103:10449a40d215,bmic_row: R103,1
resource:R103,NIMH Data Archive,IDENTIFIED_BY,external-identifier:data-access-url-https-nda-nih-gov-nda-access-data-info-html:0af89e73b02e,data_access_url: https://nda.nih.gov/nda/access-data-info.html,1
resource:R103,NIMH Data Archive,IDENTIFIED_BY,external-identifier:data-submission-url-https-nda-nih-gov-nda-data-contribution-html:2e76f3402696,data_submission_url: https://nda.nih.gov/nda/data-contribution.html,1
resource:R103,NIMH Data Archive,IDENTIFIED_BY,external-identifier:fairsharing-doi-10-25504-fairsharing-cblhss:538b26c4bb1b,fairsharing_doi: 10.25504/FAIRsharing.CbLHss,1
resource:R103,NIMH Data Archive,IDENTIFIED_BY,external-identifier:re3data-https-www-re3data-org-search-query-nimh-20data-20archive:0f157de416ae,re3data: https://www.re3data.org/search?query=NIMH%20Data%20Archive,1
resource:R103,NIMH Data Archive,IDENTIFIED_BY,external-identifier:rrid-rrid-scr-004434:84c926a186e5,rrid: RRID:SCR_004434,1
resource:R103,NIMH Data Archive,IMPLEMENTS_STANDARD,standard:generic:a9a2542e57ab,generic,1
resource:R103,NIMH Data Archive,IMPLEMENTS_STANDARD,standard:https-spec-openapis-org-oas-latest-html:ddce3578cfaa,OpenAPI Specification,1
resource:R103,NIMH Data Archive,IMPLEMENTS_STANDARD,standard:rest:f201967f1d34,rest,1
resource:R103,NIMH Data Archive,SUPPORTS_GUID_SYSTEM,guidsystem:https-nda-nih-gov-s-guid-nda-guid-html:cca380f15541,NDA Global Unique Identifier (GUID),1
resource:R103,NIMH Data Archive,SUPPORTS_IDENTIFIER_SCHEME,identifier-scheme:https-www-doi-org:5861c32be6d4,DOI,1
resource:R103,NIMH Data Archive,SUPPORTS_IDENTIFIER_SCHEME,identifier-scheme:other:6d45f56afab5,other,1
resource:R104,AccessClinicalData@NIAID,ASSOCIATED_WITH_ICO,nihorganizational-unit:niaid:5b9617862b14,NIAID,1
resource:R104,AccessClinicalData@NIAID,HAS_ACCESS_SYSTEM,access-system:niaid-accessclinicaldata-access-system:727debe6865c,NIAID AccessClinicalData Access System,1
resource:R104,AccessClinicalData@NIAID,HAS_POLICY_DESIGNATION,policy-designation:nih-controlled-access-data-repository:fc6f37ee4801,NIH Controlled-Access Data Repository,1
resource:R104,AccessClinicalData@NIAID,IDENTIFIED_BY,external-identifier:bmic-row-r104:a0af8a592f9d,bmic_row: R104,1
resource:R104,AccessClinicalData@NIAID,IDENTIFIED_BY,external-identifier:data-access-url-https-accessclinicaldata-niaid-nih-gov:d1a45edf29f6,data_access_url: https://accessclinicaldata.niaid.nih.gov/,1
resource:R104,AccessClinicalData@NIAID,IDENTIFIED_BY,external-identifier:data-submission-url-https-accessclinicaldata-niaid-nih-gov:8b93e907fe72,data_submission_url: https://accessclinicaldata.niaid.nih.gov/,1
resource:R104,AccessClinicalData@NIAID,IDENTIFIED_BY,external-identifier:fairsharing-doi-10-25504-fairsharing-40d9e9:deacf6ec8e56,fairsharing_doi: 10.25504/FAIRsharing.40d9e9,1
resource:R104,AccessClinicalData@NIAID,IDENTIFIED_BY,external-identifier:re3data-https-www-re3data-org-search-query-niaid-20accessclinical-20data:f13c2ffac966,re3data: https://www.re3data.org/search?query=Niaid%20Accessclinical%20Data,1
resource:R104,AccessClinicalData@NIAID,IMPLEMENTS_STANDARD,standard:generic:a9a2542e57ab,generic,1
resource:R104,AccessClinicalData@NIAID,IMPLEMENTS_STANDARD,standard:https-hl7-org-fhir:24110bbf8f70,HL7 FHIR,1
resource:R104,AccessClinicalData@NIAID,IMPLEMENTS_STANDARD,standard:https-spec-graphql-org:f96d667c7f20,GraphQL Specification,1
resource:R104,AccessClinicalData@NIAID,IMPLEMENTS_STANDARD,standard:https-spec-openapis-org-oas-latest-html:ddce3578cfaa,OpenAPI Specification,1
resource:R104,AccessClinicalData@NIAID,IMPLEMENTS_STANDARD,standard:rest:f201967f1d34,rest,1
resource:R105,AIRR Data Commons (ADC),ASSOCIATED_WITH_ICO,nihorganizational-unit:niaid:5b9617862b14,NIAID,1
resource:R105,AIRR Data Commons (ADC),EXPOSES_API,apiservice:r105-http-dbc-nao-ac-jp-lcat-cftp-html:29e10770076c,FTP service for AIRR Data Commons (ADC),1
resource:R105,AIRR Data Commons (ADC),IDENTIFIED_BY,external-identifier:bmic-row-r105:b74c4b5146c8,bmic_row: R105,1
resource:R105,AIRR Data Commons (ADC),IDENTIFIED_BY,external-identifier:data-access-url-https-docs-airr-community-org-en-stable-api-adc-html:ee6e8dc82e2e,data_access_url: https://docs.airr-community.org/en/stable/api/adc.html,1
resource:R105,AIRR Data Commons (ADC),IDENTIFIED_BY,external-identifier:data-submission-url-https-docs-airr-community-org-en-stable-standards-data-submi:4e61e2cd0106,data_submission_url: https://docs.airr-community.org/en/stable/standards/data_submission.html,1
resource:R105,AIRR Data Commons (ADC),IMPLEMENTS_STANDARD,standard:generic:a9a2542e57ab,generic,1
resource:R105,AIRR Data Commons (ADC),IMPLEMENTS_STANDARD,standard:https-spec-openapis-org-oas-latest-html:ddce3578cfaa,OpenAPI Specification,1
resource:R105,AIRR Data Commons (ADC),SUPPORTS_IDENTIFIER_SCHEME,identifier-scheme:none:a293bcf5747a,none,1
resource:R106,Bacterial and Viral Bioinformatics Resource Center (BV-BRC),ASSOCIATED_WITH_ICO,nihorganizational-unit:niaid:5b9617862b14,NIAID,1
resource:R106,Bacterial and Viral Bioinformatics Resource Center (BV-BRC),EXPOSES_API,apiservice:r106-https-www-bv-brc-org-api-doc:7a5703fb346d,FTP service for Bacterial and Viral Bioinformatics Resource Center (BV-BRC),1
resource:R106,Bacterial and Viral Bioinformatics Resource Center (BV-BRC),EXPOSES_API,apiservice:r106-https-www-bv-brc-org-docs-quick-references-ftp-html:e73ac7620684,other service for Bacterial and Viral Bioinformatics Resource Center (BV-BRC),1
resource:R106,Bacterial and Viral Bioinformatics Resource Center (BV-BRC),IDENTIFIED_BY,external-identifier:bmic-row-r106:0113a2abaa4a,bmic_row: R106,1
resource:R106,Bacterial and Viral Bioinformatics Resource Center (BV-BRC),IDENTIFIED_BY,external-identifier:data-access-url-https-www-bv-brc-org:b9de8a9f6de7,data_access_url: https://www.bv-brc.org/,1
resource:R106,Bacterial and Viral Bioinformatics Resource Center (BV-BRC),IDENTIFIED_BY,external-identifier:data-submission-url-https-www-bv-brc-org-docs-overview-html:4f0f2ffb3b38,data_submission_url: https://www.bv-brc.org/docs//overview.html,1
resource:R106,Bacterial and Viral Bioinformatics Resource Center (BV-BRC),IDENTIFIED_BY,external-identifier:fairsharing-doi-10-25504-fairsharing-2ea3ef:183dac7138c8,fairsharing_doi: 10.25504/FAIRsharing.2ea3ef,1
resource:R106,Bacterial and Viral Bioinformatics Resource Center (BV-BRC),IDENTIFIED_BY,external-identifier:re3data-https-www-re3data-org-search-query-bacterial-20and-20viral-20bioinformat:e10ff11c20f4,re3data: https://www.re3data.org/search?query=Bacterial%20and%20Viral%20Bioinformatics%20Resource%20Center%20%28BV-BRC%29,1
resource:R106,Bacterial and Viral Bioinformatics Resource Center (BV-BRC),IMPLEMENTS_STANDARD,standard:generic:a9a2542e57ab,generic,1
resource:R106,Bacterial and Viral Bioinformatics Resource Center (BV-BRC),IMPLEMENTS_STANDARD,standard:https-hl7-org-fhir:24110bbf8f70,HL7 FHIR,1
resource:R106,Bacterial and Viral Bioinformatics Resource Center (BV-BRC),IMPLEMENTS_STANDARD,standard:https-spec-graphql-org:f96d667c7f20,GraphQL Specification,1
resource:R106,Bacterial and Viral Bioinformatics Resource Center (BV-BRC),IMPLEMENTS_STANDARD,standard:https-spec-openapis-org-oas-latest-html:ddce3578cfaa,OpenAPI Specification,1
resource:R106,Bacterial and Viral Bioinformatics Resource Center (BV-BRC),IMPLEMENTS_STANDARD,standard:rest:f201967f1d34,rest,1
resource:R106,Bacterial and Viral Bioinformatics Resource Center (BV-BRC),SUPPORTS_IDENTIFIER_SCHEME,identifier-scheme:none:a293bcf5747a,none,1
resource:R108,HIV Drug Resistance Database,ASSOCIATED_WITH_ICO,nihorganizational-unit:niaid:5b9617862b14,NIAID,1
resource:R108,HIV Drug Resistance Database,IDENTIFIED_BY,external-identifier:bmic-row-r108:ac42114fd7f5,bmic_row: R108,1
resource:R108,HIV Drug Resistance Database,IDENTIFIED_BY,external-identifier:data-access-url-https-hivdb-stanford-edu-pages-documentpage-user-guide-pdf:8912b1eb19d0,data_access_url: https://hivdb.stanford.edu/pages/documentPage/user_guide.pdf,1
resource:R108,HIV Drug Resistance Database,IMPLEMENTS_STANDARD,standard:generic:a9a2542e57ab,generic,1
resource:R108,HIV Drug Resistance Database,IMPLEMENTS_STANDARD,standard:https-spec-openapis-org-oas-latest-html:ddce3578cfaa,OpenAPI Specification,1
resource:R109,Immune Epitope Database and Analysis Resource (IEDB),ASSOCIATED_WITH_ICO,nihorganizational-unit:niaid:5b9617862b14,NIAID,1
resource:R109,Immune Epitope Database and Analysis Resource (IEDB),IDENTIFIED_BY,external-identifier:bmic-row-r109:66e73930a6ca,bmic_row: R109,1
resource:R109,Immune Epitope Database and Analysis Resource (IEDB),IDENTIFIED_BY,external-identifier:data-access-url-www-iedb-org:7666b35914ab,data_access_url: www.iedb.org/,1
resource:R109,Immune Epitope Database and Analysis Resource (IEDB),IDENTIFIED_BY,external-identifier:data-submission-url-https-help-iedb-org-hc-en-us-articles-115001729911-data-subm:7723ceb035c9,data_submission_url: https://help.iedb.org/hc/en-us/articles/115001729911-Data-submission-process-overview,1
resource:R109,Immune Epitope Database and Analysis Resource (IEDB),IDENTIFIED_BY,external-identifier:re3data-https-www-re3data-org-search-query-immune-20epitope-20database-20and-20a:0f160b78c45a,re3data: https://www.re3data.org/search?query=Immune%20Epitope%20Database%20and%20Analysis%20Resource,1
resource:R109,Immune Epitope Database and Analysis Resource (IEDB),IDENTIFIED_BY,external-identifier:rrid-rrid-scr-006604:d8e91a2d1ca9,rrid: RRID:SCR_006604,1
resource:R109,Immune Epitope Database and Analysis Resource (IEDB),IMPLEMENTS_STANDARD,standard:generic:a9a2542e57ab,generic,1
resource:R109,Immune Epitope Database and Analysis Resource (IEDB),IMPLEMENTS_STANDARD,standard:https-rdamsc-bath-ac-uk-msc-m36:25f92105a432,Repository-Developed Metadata Schemas,1
resource:R109,Immune Epitope Database and Analysis Resource (IEDB),IMPLEMENTS_STANDARD,standard:https-spec-openapis-org-oas-latest-html:ddce3578cfaa,OpenAPI Specification,1
resource:R109,Immune Epitope Database and Analysis Resource (IEDB),SUPPORTS_IDENTIFIER_SCHEME,identifier-scheme:none:a293bcf5747a,none,1
resource:R11,National Clinical Cohort Collaborative (N3C),ASSOCIATED_WITH_ICO,nihorganizational-unit:nigms:c3596537d785,NIGMS,1
resource:R11,National Clinical Cohort Collaborative (N3C),HAS_ACCESS_SYSTEM,access-system:n3c-access-system:e43529f157c7,N3C Access System,1
resource:R11,National Clinical Cohort Collaborative (N3C),HAS_POLICY_DESIGNATION,policy-designation:nih-controlled-access-data-repository:fc6f37ee4801,NIH Controlled-Access Data Repository,1
resource:R11,National Clinical Cohort Collaborative (N3C),IDENTIFIED_BY,external-identifier:bmic-row-b174:78b98e297933,bmic_row: B174,1
resource:R11,National Clinical Cohort Collaborative (N3C),IDENTIFIED_BY,external-identifier:csv-id-11:781a832b4f61,csv_id: 11,1
resource:R11,National Clinical Cohort Collaborative (N3C),IDENTIFIED_BY,external-identifier:data-access-url-https-covid-cd2h-org-account-instructions:c47c664a86d0,data_access_url: https://covid.cd2h.org/account-instructions,1
resource:R11,National Clinical Cohort Collaborative (N3C),IDENTIFIED_BY,external-identifier:data-submission-url-https-ncats-nih-gov-n3c-about-data-overview:11a46e1b3e09,data_submission_url: https://ncats.nih.gov/n3c/about/data-overview,1
resource:R11,National Clinical Cohort Collaborative (N3C),IDENTIFIED_BY,external-identifier:fairsharing-doi-10-25504-fairsharing-bbbffe:fbc89df9126d,fairsharing_doi: 10.25504/FAIRsharing.bbbffe,1
resource:R11,National Clinical Cohort Collaborative (N3C),IDENTIFIED_BY,external-identifier:re3data-https-www-re3data-org-search-query-national-20covid-20cohort-20collabora:262441d9587c,re3data: https://www.re3data.org/search?query=National%20COVID%20Cohort%20Collaborative,1
resource:R11,National Clinical Cohort Collaborative (N3C),IMPLEMENTS_STANDARD,standard:generic:a9a2542e57ab,generic,1
resource:R11,National Clinical Cohort Collaborative (N3C),IMPLEMENTS_STANDARD,standard:https-spec-openapis-org-oas-latest-html:ddce3578cfaa,OpenAPI Specification,1
resource:R110,ImmuneSpace,ASSOCIATED_WITH_ICO,nihorganizational-unit:niaid:5b9617862b14,NIAID,1
resource:R110,ImmuneSpace,IDENTIFIED_BY,external-identifier:bmic-row-r110:412cbf28b01d,bmic_row: R110,1
resource:R110,ImmuneSpace,IDENTIFIED_BY,external-identifier:data-access-url-https-immunespace-org-query-filters:688a5e0038b9,data_access_url: https://immunespace.org/query/filters,1
resource:R110,ImmuneSpace,IDENTIFIED_BY,external-identifier:re3data-https-www-re3data-org-search-query-immunespace:c86d96c94ef9,re3data: https://www.re3data.org/search?query=ImmuneSpace,1
resource:R110,ImmuneSpace,IMPLEMENTS_STANDARD,standard:generic:a9a2542e57ab,generic,1
resource:R110,ImmuneSpace,IMPLEMENTS_STANDARD,standard:https-spec-openapis-org-oas-latest-html:ddce3578cfaa,OpenAPI Specification,1
resource:R111,Immunological Genome Project (ImmGen),ASSOCIATED_WITH_ICO,nihorganizational-unit:niaid:5b9617862b14,NIAID,1
resource:R111,Immunological Genome Project (ImmGen),IDENTIFIED_BY,external-identifier:bmic-row-r111:07a31b233b87,bmic_row: R111,1
resource:R111,Immunological Genome Project (ImmGen),IDENTIFIED_BY,external-identifier:data-access-url-http-rstats-immgen-org-datapage:b9bd34c279a7,data_access_url: http://rstats.immgen.org/DataPage/,1
resource:R111,Immunological Genome Project (ImmGen),IDENTIFIED_BY,external-identifier:fairsharing-doi-10-25504-fairsharing-3247c0:3e3f8cf6c774,fairsharing_doi: 10.25504/FAIRsharing.3247c0,1
resource:R111,Immunological Genome Project (ImmGen),IDENTIFIED_BY,external-identifier:re3data-https-www-re3data-org-search-query-immunological-20genome-20project:41810d377771,re3data: https://www.re3data.org/search?query=Immunological%20Genome%20Project,1
resource:R111,Immunological Genome Project (ImmGen),IDENTIFIED_BY,external-identifier:rrid-rrid-scr-021792:c6ed8c5540a0,rrid: RRID:SCR_021792,1
resource:R111,Immunological Genome Project (ImmGen),IMPLEMENTS_STANDARD,standard:generic:a9a2542e57ab,generic,1
resource:R111,Immunological Genome Project (ImmGen),IMPLEMENTS_STANDARD,standard:https-spec-openapis-org-oas-latest-html:ddce3578cfaa,OpenAPI Specification,1
resource:R112,International Committee on Taxonomy of Viruses (ICTV),ASSOCIATED_WITH_ICO,nihorganizational-unit:niaid:5b9617862b14,NIAID,1
resource:R112,International Committee on Taxonomy of Viruses (ICTV),IDENTIFIED_BY,external-identifier:bmic-row-r112:6b0d163d3fe2,bmic_row: R112,1
resource:R112,International Committee on Taxonomy of Viruses (ICTV),IDENTIFIED_BY,external-identifier:data-access-url-https-ictv-global-taxonomy:5878f287ccf5,data_access_url: https://ictv.global/taxonomy,1
resource:R112,International Committee on Taxonomy of Viruses (ICTV),IDENTIFIED_BY,external-identifier:data-submission-url-https-ictv-global-taxonomy-templates:51ccbec4da72,data_submission_url: https://ictv.global/taxonomy/templates,1
resource:R112,International Committee on Taxonomy of Viruses (ICTV),IDENTIFIED_BY,external-identifier:fairsharing-doi-10-25504-fairsharing-c92ffe:a0fef22d2cd5,fairsharing_doi: 10.25504/FAIRsharing.c92ffe,1
resource:R112,International Committee on Taxonomy of Viruses (ICTV),IMPLEMENTS_STANDARD,standard:generic:a9a2542e57ab,generic,1
resource:R112,International Committee on Taxonomy of Viruses (ICTV),IMPLEMENTS_STANDARD,standard:https-spec-openapis-org-oas-latest-html:ddce3578cfaa,OpenAPI Specification,1
resource:R113,NIAID-DOE LANL HIV Database and Analysis Unit,ASSOCIATED_WITH_ICO,nihorganizational-unit:niaid:5b9617862b14,NIAID,1
resource:R113,NIAID-DOE LANL HIV Database and Analysis Unit,IDENTIFIED_BY,external-identifier:bmic-row-r113:1968fea8f475,bmic_row: R113,1
resource:R113,NIAID-DOE LANL HIV Database and Analysis Unit,IDENTIFIED_BY,external-identifier:data-access-url-https-www-hiv-lanl-gov-content-index:5bd4dc72612e,data_access_url: https://www.hiv.lanl.gov/content/index,1
resource:R113,NIAID-DOE LANL HIV Database and Analysis Unit,IDENTIFIED_BY,external-identifier:fairsharing-doi-10-25504-fairsharing-17ebc2:6cd755dddc8a,fairsharing_doi: 10.25504/FAIRsharing.17ebc2,1
resource:R113,NIAID-DOE LANL HIV Database and Analysis Unit,IDENTIFIED_BY,external-identifier:re3data-https-www-re3data-org-search-query-niaid-doe-20lanl-20hiv-20database-20a:3b4aa7d7b81c,re3data: https://www.re3data.org/search?query=NIAID-DOE%20LANL%20HIV%20Database%20and%20Analysis%20Unit,1
resource:R113,NIAID-DOE LANL HIV Database and Analysis Unit,IDENTIFIED_BY,external-identifier:rrid-rrid-scr-000614:1938c096c38e,rrid: RRID:SCR_000614,1
resource:R113,NIAID-DOE LANL HIV Database and Analysis Unit,IMPLEMENTS_STANDARD,standard:generic:a9a2542e57ab,generic,1
resource:R113,NIAID-DOE LANL HIV Database and Analysis Unit,IMPLEMENTS_STANDARD,standard:https-hl7-org-fhir:24110bbf8f70,HL7 FHIR,1
resource:R113,NIAID-DOE LANL HIV Database and Analysis Unit,IMPLEMENTS_STANDARD,standard:https-spec-graphql-org:f96d667c7f20,GraphQL Specification,1
resource:R113,NIAID-DOE LANL HIV Database and Analysis Unit,IMPLEMENTS_STANDARD,standard:https-spec-openapis-org-oas-latest-html:ddce3578cfaa,OpenAPI Specification,1
resource:R113,NIAID-DOE LANL HIV Database and Analysis Unit,IMPLEMENTS_STANDARD,standard:rest:f201967f1d34,rest,1
resource:R114,SCREEN: Search Candidate cis-Regulatory Elements by ENCODE,ASSOCIATED_WITH_ICO,nihorganizational-unit:niaid:5b9617862b14,NIAID,1
resource:R114,SCREEN: Search Candidate cis-Regulatory Elements by ENCODE,IDENTIFIED_BY,external-identifier:bmic-row-r114:41d0fde57f3c,bmic_row: R114,1
resource:R114,SCREEN: Search Candidate cis-Regulatory Elements by ENCODE,IDENTIFIED_BY,external-identifier:data-access-url-https-screen-wenglab-org-downloads:fba84d26128c,data_access_url: https://screen.wenglab.org/downloads,1
resource:R114,SCREEN: Search Candidate cis-Regulatory Elements by ENCODE,IMPLEMENTS_STANDARD,standard:generic:a9a2542e57ab,generic,1
resource:R114,SCREEN: Search Candidate cis-Regulatory Elements by ENCODE,IMPLEMENTS_STANDARD,standard:https-spec-openapis-org-oas-latest-html:ddce3578cfaa,OpenAPI Specification,1
resource:R115,Structure Database,ASSOCIATED_WITH_ICO,nihorganizational-unit:niaid:5b9617862b14,NIAID,1
resource:R115,Structure Database,IDENTIFIED_BY,external-identifier:bmic-row-b115:7cc439f5ae4c,bmic_row: B115,1
resource:R115,Structure Database,IDENTIFIED_BY,external-identifier:csv-id-115:90e6dd70218f,csv_id: 115,1
resource:R115,Structure Database,IDENTIFIED_BY,external-identifier:data-access-url-https-www-ncbi-nlm-nih-gov-structure:9314ac00e5df,data_access_url: https://www.ncbi.nlm.nih.gov/structure,1
resource:R115,Structure Database,IDENTIFIED_BY,external-identifier:fairsharing-doi-10-25504-fairsharing-9kahy4:ad14f029d873,fairsharing_doi: 10.25504/FAIRsharing.9kahy4,1
resource:R115,Structure Database,IDENTIFIED_BY,external-identifier:rrid-rrid-scr-004690:545581960f69,rrid: RRID:SCR_004690,1
resource:R115,Structure Database,IMPLEMENTS_STANDARD,standard:generic:a9a2542e57ab,generic,1
resource:R115,Structure Database,IMPLEMENTS_STANDARD,standard:https-spec-openapis-org-oas-latest-html:ddce3578cfaa,OpenAPI Specification,1
resource:R116,TB Portals Program,ASSOCIATED_WITH_ICO,nihorganizational-unit:niaid:5b9617862b14,NIAID,1
resource:R116,TB Portals Program,EXPOSES_API,apiservice:r116-https-datasharing-tbportals-niaid-nih-gov-data-api:3ac011dbf2d7,other service for TB Portals Program,1
resource:R116,TB Portals Program,HAS_ACCESS_SYSTEM,access-system:access-clinical-data-access-system:5f324c753d58,Access Clinical Data Access System,1
resource:R116,TB Portals Program,HAS_POLICY_DESIGNATION,policy-designation:nih-controlled-access-data-repository:fc6f37ee4801,NIH Controlled-Access Data Repository,1
resource:R116,TB Portals Program,IDENTIFIED_BY,external-identifier:bmic-row-b116:00cdae4f08c0,bmic_row: B116,1
resource:R116,TB Portals Program,IDENTIFIED_BY,external-identifier:csv-id-116:db1163a145eb,csv_id: 116,1
resource:R116,TB Portals Program,IDENTIFIED_BY,external-identifier:data-access-url-https-tbportals-niaid-nih-gov-download-data:7dfdba12c44b,data_access_url: https://tbportals.niaid.nih.gov/download-data,1
resource:R116,TB Portals Program,IDENTIFIED_BY,external-identifier:data-submission-url-https-tbportals-niaid-nih-gov-data-sharing-policies:b4623a2596c6,data_submission_url: https://tbportals.niaid.nih.gov/data-sharing-policies,1
resource:R116,TB Portals Program,IDENTIFIED_BY,external-identifier:fairsharing-doi-10-25504-fairsharing-61239b:f92802e11f9e,fairsharing_doi: 10.25504/FAIRsharing.61239b,1
resource:R116,TB Portals Program,IDENTIFIED_BY,external-identifier:re3data-https-www-re3data-org-search-query-tb-20portals:4f387b4ceeeb,re3data: https://www.re3data.org/search?query=TB%20Portals,1
resource:R116,TB Portals Program,IMPLEMENTS_STANDARD,standard:generic:a9a2542e57ab,generic,1
resource:R116,TB Portals Program,IMPLEMENTS_STANDARD,standard:https-spec-openapis-org-oas-latest-html:ddce3578cfaa,OpenAPI Specification,1
resource:R117,Vaccine Investigation and Online Information Network (VIOLIN),ASSOCIATED_WITH_ICO,nihorganizational-unit:niaid:5b9617862b14,NIAID,1
resource:R117,Vaccine Investigation and Online Information Network (VIOLIN),IDENTIFIED_BY,external-identifier:bmic-row-b119:f5ff7a8c4b2c,bmic_row: B119,1
resource:R117,Vaccine Investigation and Online Information Network (VIOLIN),IDENTIFIED_BY,external-identifier:bmic-row-r117:df3e5cd14f76,bmic_row: R117,1
resource:R117,Vaccine Investigation and Online Information Network (VIOLIN),IDENTIFIED_BY,external-identifier:data-access-url-https-violinet-org-vaxquery-index-php:4342b51ce9aa,data_access_url: https://violinet.org/vaxquery/index.php,1
resource:R117,Vaccine Investigation and Online Information Network (VIOLIN),IDENTIFIED_BY,external-identifier:data-access-url-https-violinet-org:55ce56a17b65,data_access_url: https://violinet.org/,1
resource:R117,Vaccine Investigation and Online Information Network (VIOLIN),IDENTIFIED_BY,external-identifier:data-submission-url-https-violinet-org-submit-index-php:128257046f8a,data_submission_url: https://violinet.org/submit/index.php,1
resource:R117,Vaccine Investigation and Online Information Network (VIOLIN),IDENTIFIED_BY,external-identifier:data-submission-url-https-violinet-org-submit-simple-submit-index-php:9161f10b1e52,data_submission_url: https://violinet.org/submit/simple_submit/index.php,1
resource:R117,Vaccine Investigation and Online Information Network (VIOLIN),IDENTIFIED_BY,external-identifier:fairsharing-doi-10-25504-fairsharing-24b97b:bead1d4befba,fairsharing_doi: 10.25504/FAIRsharing.24b97b,1
resource:R117,Vaccine Investigation and Online Information Network (VIOLIN),IDENTIFIED_BY,external-identifier:rrid-rrid-scr-012749:e4eb4d601688,rrid: RRID:SCR_012749,1
resource:R117,Vaccine Investigation and Online Information Network (VIOLIN),IMPLEMENTS_STANDARD,standard:generic:a9a2542e57ab,generic,1
resource:R117,Vaccine Investigation and Online Information Network (VIOLIN),IMPLEMENTS_STANDARD,standard:https-spec-openapis-org-oas-latest-html:ddce3578cfaa,OpenAPI Specification,1
resource:R118,VDJServer Community Data Portal,ASSOCIATED_WITH_ICO,nihorganizational-unit:niaid:5b9617862b14,NIAID,1
resource:R118,VDJServer Community Data Portal,IDENTIFIED_BY,external-identifier:bmic-row-r118:b917dccfe51c,bmic_row: R118,1
resource:R118,VDJServer Community Data Portal,IDENTIFIED_BY,external-identifier:data-access-url-https-vdjserver-org-community-8899006209436478995-242ac118-0001-:1aabd5c04c8b,data_access_url: https://vdjserver.org/community/8899006209436478995-242ac118-0001-012,1
resource:R118,VDJServer Community Data Portal,IDENTIFIED_BY,external-identifier:data-submission-url-https-vdjserver-readthedocs-io-en-latest-user-cdp-html:50f342a9833d,data_submission_url: https://vdjserver.readthedocs.io/en/latest/user/cdp.html,1
resource:R118,VDJServer Community Data Portal,IDENTIFIED_BY,external-identifier:re3data-https-www-re3data-org-search-query-vdjserver-20community-20data-20portal:c2f0d83cff96,re3data: https://www.re3data.org/search?query=VDJServer%20Community%20Data%20Portal,1
resource:R118,VDJServer Community Data Portal,IMPLEMENTS_STANDARD,standard:generic:a9a2542e57ab,generic,1
resource:R118,VDJServer Community Data Portal,IMPLEMENTS_STANDARD,standard:https-hl7-org-fhir:24110bbf8f70,HL7 FHIR,1
resource:R118,VDJServer Community Data Portal,IMPLEMENTS_STANDARD,standard:https-spec-graphql-org:f96d667c7f20,GraphQL Specification,1
resource:R118,VDJServer Community Data Portal,IMPLEMENTS_STANDARD,standard:https-spec-openapis-org-oas-latest-html:ddce3578cfaa,OpenAPI Specification,1
resource:R118,VDJServer Community Data Portal,IMPLEMENTS_STANDARD,standard:rest:f201967f1d34,rest,1
resource:R119,TrialShare,ASSOCIATED_WITH_ICO,nihorganizational-unit:niaid:5b9617862b14,NIAID,1
resource:R119,TrialShare,ASSOCIATED_WITH_ICO,nihorganizational-unit:niddk:7de1d46d6cb2,NIDDK,1
resource:R119,TrialShare,IDENTIFIED_BY,external-identifier:bmic-row-r119:1afe210c4a4f,bmic_row: R119,1
resource:R119,TrialShare,IDENTIFIED_BY,external-identifier:data-access-url-https-www-itntrialshare-org-login-home-login-view-returnurl-2fho:ecd5e33c3066,data_access_url: https://www.itntrialshare.org/login/home/login.view?returnUrl=%2Fhome%2Fproject-start.view%3F,1
resource:R119,TrialShare,IDENTIFIED_BY,external-identifier:re3data-https-www-re3data-org-search-query-trialshare:2f76ef9c166f,re3data: https://www.re3data.org/search?query=TrialShare,1
resource:R119,TrialShare,IMPLEMENTS_STANDARD,standard:generic:a9a2542e57ab,generic,1
resource:R119,TrialShare,IMPLEMENTS_STANDARD,standard:https-spec-openapis-org-oas-latest-html:ddce3578cfaa,OpenAPI Specification,1
resource:R12,mapMECFS,ASSOCIATED_WITH_ICO,nihorganizational-unit:nccih:50c008f01bf4,NCCIH,1
resource:R12,mapMECFS,ASSOCIATED_WITH_ICO,nihorganizational-unit:nhlbi:a47a761791eb,NHLBI,1
resource:R12,mapMECFS,ASSOCIATED_WITH_ICO,nihorganizational-unit:niaaa:1a5c466ca5fc,NIAAA,1
resource:R12,mapMECFS,ASSOCIATED_WITH_ICO,nihorganizational-unit:niaid:5b9617862b14,NIAID,1
resource:R12,mapMECFS,ASSOCIATED_WITH_ICO,nihorganizational-unit:ninds:5cfdd7438e69,NINDS,1
resource:R12,mapMECFS,EXPOSES_API,apiservice:r12-documentation-https-github-com-rtiinternational-mapmecfs-api:6592ee50a6d7,mapMECFS-API,1
resource:R12,mapMECFS,HAS_ACCESS_SYSTEM,access-system:mapme-cfs-ccr-access-system:174dee2a312d,mapME/CFS CCR Access System,1
resource:R12,mapMECFS,HAS_POLICY_DESIGNATION,policy-designation:nih-controlled-access-data-repository:fc6f37ee4801,NIH Controlled-Access Data Repository,1
resource:R12,mapMECFS,IDENTIFIED_BY,external-identifier:bmic-row-r12:595b72556c62,bmic_row: R12,1
resource:R12,mapMECFS,IDENTIFIED_BY,external-identifier:data-access-url-https-mapmecfs-org-dataset:d1f3a4a8795b,data_access_url: https://mapmecfs.org/dataset,1
resource:R12,mapMECFS,IDENTIFIED_BY,external-identifier:data-submission-url-https-mapmecfs-org-user-guide-upload-and-share-data:9572dbb88c3f,data_submission_url: https://mapmecfs.org/user-guide/upload-and-share-data,1
resource:R12,mapMECFS,IDENTIFIED_BY,external-identifier:fairsharing-doi-10-25504-fairsharing-8cbc46:0c6f71b727a1,fairsharing_doi: 10.25504/FAIRsharing.8cbc46,1
resource:R12,mapMECFS,IDENTIFIED_BY,external-identifier:re3data-https-www-re3data-org-search-query-mapme-cfs-20ccr:da92819abb19,re3data: https://www.re3data.org/search?query=Mapme/Cfs%20Ccr,1
resource:R12,mapMECFS,IMPLEMENTS_STANDARD,standard:generic:a9a2542e57ab,generic,1
resource:R12,mapMECFS,IMPLEMENTS_STANDARD,standard:https-spec-openapis-org-oas-latest-html:ddce3578cfaa,OpenAPI Specification,1
resource:R120,Immunology Database and Analysis Portal (ImmPort),ASSOCIATED_WITH_ICO,nihorganizational-unit:niaid:5b9617862b14,NIAID,1
resource:R120,Immunology Database and Analysis Portal (ImmPort),ASSOCIATED_WITH_ICO,nihorganizational-unit:od:f97d185e1e26,OD,1
resource:R120,Immunology Database and Analysis Portal (ImmPort),EXPOSES_API,apiservice:r120-https-docs-immport-org:6e91680c8591,REST service for Immunology Database and Analysis Portal (ImmPort),1
resource:R120,Immunology Database and Analysis Portal (ImmPort),HAS_ACCESS_SYSTEM,access-system:niaid-accessclinicaldata-access-system:727debe6865c,NIAID AccessClinicalData Access System,1
resource:R120,Immunology Database and Analysis Portal (ImmPort),HAS_POLICY_DESIGNATION,policy-designation:nih-controlled-access-data-repository:fc6f37ee4801,NIH Controlled-Access Data Repository,1
resource:R120,Immunology Database and Analysis Portal (ImmPort),IDENTIFIED_BY,external-identifier:bmic-row-r120:2025be65b20d,bmic_row: R120,1
resource:R120,Immunology Database and Analysis Portal (ImmPort),IDENTIFIED_BY,external-identifier:data-access-url-https-docs-immport-org-home-about:cc34db8375c9,data_access_url: https://docs.immport.org/home/about/,1
resource:R120,Immunology Database and Analysis Portal (ImmPort),IDENTIFIED_BY,external-identifier:data-submission-url-https-docs-dev-immport-org-datasubmission-general:e8b211e9005c,data_submission_url: https://docs.dev.immport.org/datasubmission/general/,1
resource:R120,Immunology Database and Analysis Portal (ImmPort),IDENTIFIED_BY,external-identifier:re3data-https-www-re3data-org-search-query-immunology-20database-20and-20analysi:29d63da58116,re3data: https://www.re3data.org/search?query=Immunology%20Database%20and%20Analysis%20Portal%20%28ImmPort%29,1
resource:R120,Immunology Database and Analysis Portal (ImmPort),IDENTIFIED_BY,external-identifier:rrid-rrid-scr-012804:86f7e2da4677,rrid: RRID:SCR_012804,1
resource:R120,Immunology Database and Analysis Portal (ImmPort),IMPLEMENTS_STANDARD,standard:generic:a9a2542e57ab,generic,1
resource:R120,Immunology Database and Analysis Portal (ImmPort),IMPLEMENTS_STANDARD,standard:https-hl7-org-fhir:24110bbf8f70,HL7 FHIR,1
resource:R120,Immunology Database and Analysis Portal (ImmPort),IMPLEMENTS_STANDARD,standard:https-rdamsc-bath-ac-uk-msc-m36:25f92105a432,Repository-Developed Metadata Schemas,1
resource:R120,Immunology Database and Analysis Portal (ImmPort),IMPLEMENTS_STANDARD,standard:https-spec-graphql-org:f96d667c7f20,GraphQL Specification,1
resource:R120,Immunology Database and Analysis Portal (ImmPort),IMPLEMENTS_STANDARD,standard:https-spec-openapis-org-oas-latest-html:ddce3578cfaa,OpenAPI Specification,1
resource:R120,Immunology Database and Analysis Portal (ImmPort),IMPLEMENTS_STANDARD,standard:rest:f201967f1d34,rest,1
resource:R120,Immunology Database and Analysis Portal (ImmPort),SUPPORTS_IDENTIFIER_SCHEME,identifier-scheme:https-www-doi-org:5861c32be6d4,DOI,1
resource:R123,Hair-GEL,ASSOCIATED_WITH_ICO,nihorganizational-unit:niams:c3613b2538d2,NIAMS,1
resource:R123,Hair-GEL,IDENTIFIED_BY,external-identifier:bmic-row-r123:443dd1457467,bmic_row: R123,1
resource:R123,Hair-GEL,IDENTIFIED_BY,external-identifier:data-access-url-http-www-hair-gel-net:400b85e4a369,data_access_url: http://www.hair-gel.net/,1
resource:R123,Hair-GEL,IDENTIFIED_BY,external-identifier:data-submission-url-https-labs-icahn-mssm-edu-rendl-lab-https-labs-icahn-mssm-ed:2c6f46a1a626,data_submission_url: https://labs.icahn.mssm.edu/rendl-lab/ https://labs.icahn.mssm.edu/maayanlab/,1
resource:R123,Hair-GEL,IDENTIFIED_BY,external-identifier:fairsharing-doi-10-25504-fairsharing-533ac3:2e1af8077a2d,fairsharing_doi: 10.25504/FAIRsharing.533ac3,1
resource:R123,Hair-GEL,IDENTIFIED_BY,external-identifier:re3data-https-www-re3data-org-search-query-hair-gel:7a20826b27c8,re3data: https://www.re3data.org/search?query=Hair-GEL,1
resource:R123,Hair-GEL,IMPLEMENTS_STANDARD,standard:generic:a9a2542e57ab,generic,1
resource:R123,Hair-GEL,IMPLEMENTS_STANDARD,standard:https-spec-openapis-org-oas-latest-html:ddce3578cfaa,OpenAPI Specification,1
resource:R124,Musculoskeletal Knowledge Portal,ASSOCIATED_WITH_ICO,nihorganizational-unit:niams:c3613b2538d2,NIAMS,1
resource:R124,Musculoskeletal Knowledge Portal,IDENTIFIED_BY,external-identifier:bmic-row-b124:b44a9f5bf0a8,bmic_row: B124,1
resource:R124,Musculoskeletal Knowledge Portal,IDENTIFIED_BY,external-identifier:csv-id-124:03a643b8697b,csv_id: 124,1
resource:R124,Musculoskeletal Knowledge Portal,IDENTIFIED_BY,external-identifier:data-access-url-https-msk-hugeamp-org-downloads-html:37f5cfeceb26,data_access_url: https://msk.hugeamp.org/downloads.html,1
resource:R124,Musculoskeletal Knowledge Portal,IDENTIFIED_BY,external-identifier:rrid-rrid-scr-023171:e120a3840fd1,rrid: RRID:SCR_023171,1
resource:R124,Musculoskeletal Knowledge Portal,IMPLEMENTS_STANDARD,standard:generic:a9a2542e57ab,generic,1
resource:R124,Musculoskeletal Knowledge Portal,IMPLEMENTS_STANDARD,standard:https-spec-openapis-org-oas-latest-html:ddce3578cfaa,OpenAPI Specification,1
resource:R125,SkinRegeneration,ASSOCIATED_WITH_ICO,nihorganizational-unit:niams:c3613b2538d2,NIAMS,1
resource:R125,SkinRegeneration,IDENTIFIED_BY,external-identifier:bmic-row-r125:44affec11258,bmic_row: R125,1
resource:R125,SkinRegeneration,IDENTIFIED_BY,external-identifier:data-access-url-https-skinregeneration-org-data-atlas:230dfb8ff580,data_access_url: https://skinregeneration.org/data/atlas/,1
resource:R125,SkinRegeneration,IDENTIFIED_BY,external-identifier:fairsharing-doi-10-25504-fairsharing-fc8a5e:954b4c6ed7e1,fairsharing_doi: 10.25504/FAIRsharing.fc8a5e,1
resource:R125,SkinRegeneration,IDENTIFIED_BY,external-identifier:re3data-https-www-re3data-org-search-query-skinregeneration:001be53f2729,re3data: https://www.re3data.org/search?query=SkinRegeneration,1
resource:R125,SkinRegeneration,IMPLEMENTS_STANDARD,standard:generic:a9a2542e57ab,generic,1
resource:R125,SkinRegeneration,IMPLEMENTS_STANDARD,standard:https-spec-openapis-org-oas-latest-html:ddce3578cfaa,OpenAPI Specification,1
resource:R126,Medical Imaging and Data Resource Center (MIDRC),ASSOCIATED_WITH_ICO,nihorganizational-unit:nibib:aed22c486521,NIBIB,1
resource:R126,Medical Imaging and Data Resource Center (MIDRC),IDENTIFIED_BY,external-identifier:bmic-row-r126:855431f8cce0,bmic_row: R126,1
resource:R126,Medical Imaging and Data Resource Center (MIDRC),IDENTIFIED_BY,external-identifier:data-access-url-https-data-midrc-org:a5adcb11789b,data_access_url: https://data.midrc.org/,1
resource:R126,Medical Imaging and Data Resource Center (MIDRC),IDENTIFIED_BY,external-identifier:data-submission-url-https-www-midrc-org-donate:35e240e13afa,data_submission_url: https://www.midrc.org/donate,1
resource:R126,Medical Imaging and Data Resource Center (MIDRC),IDENTIFIED_BY,external-identifier:re3data-https-www-re3data-org-search-query-medical-20imaging-20and-20data-20reso:50639c23d935,re3data: https://www.re3data.org/search?query=Medical%20Imaging%20and%20Data%20Resource%20Center,1
resource:R126,Medical Imaging and Data Resource Center (MIDRC),IMPLEMENTS_STANDARD,standard:generic:a9a2542e57ab,generic,1
resource:R126,Medical Imaging and Data Resource Center (MIDRC),IMPLEMENTS_STANDARD,standard:https-spec-graphql-org:f96d667c7f20,GraphQL Specification,1
resource:R126,Medical Imaging and Data Resource Center (MIDRC),IMPLEMENTS_STANDARD,standard:https-spec-openapis-org-oas-latest-html:ddce3578cfaa,OpenAPI Specification,1
resource:R126,Medical Imaging and Data Resource Center (MIDRC),IMPLEMENTS_STANDARD,standard:https-www-ga4gh-org-product-data-repository-service-drs:ffeeea5aada2,GA4GH Data Repository Service (DRS),1
resource:R127,PhysioNet,ASSOCIATED_WITH_ICO,nihorganizational-unit:nhlbi:a47a761791eb,NHLBI,1
resource:R127,PhysioNet,ASSOCIATED_WITH_ICO,nihorganizational-unit:nibib:aed22c486521,NIBIB,1
resource:R127,PhysioNet,ASSOCIATED_WITH_ICO,nihorganizational-unit:odss:bb2f55b72bda,ODSS,1
resource:R127,PhysioNet,EXPOSES_API,apiservice:r127-https-physionet-org-content-wfdb-matlab-0-10-0:0b5edba1c350,FTP service for PhysioNet,1
resource:R127,PhysioNet,IDENTIFIED_BY,external-identifier:bmic-row-r127:7968657a2f84,bmic_row: R127,1
resource:R127,PhysioNet,IDENTIFIED_BY,external-identifier:data-access-url-https-physionet-org-about-database:cd0e6155211d,data_access_url: https://physionet.org/about/database/,1
resource:R127,PhysioNet,IDENTIFIED_BY,external-identifier:data-submission-url-https-physionet-org-about-publish:414e30e3f14e,data_submission_url: https://physionet.org/about/publish/,1
resource:R127,PhysioNet,IDENTIFIED_BY,external-identifier:fairsharing-doi-10-25504-fairsharing-bemzxg:abe05e55ee2f,fairsharing_doi: 10.25504/FAIRsharing.bemzxg,1
resource:R127,PhysioNet,IDENTIFIED_BY,external-identifier:re3data-https-www-re3data-org-search-query-physionet:387a2aa3040c,re3data: https://www.re3data.org/search?query=PhysioNet,1
resource:R127,PhysioNet,IDENTIFIED_BY,external-identifier:rrid-rrid-scr-007345:a811a7c38bc2,rrid: RRID:SCR_007345,1
resource:R127,PhysioNet,IMPLEMENTS_STANDARD,standard:generic:a9a2542e57ab,generic,1
resource:R127,PhysioNet,IMPLEMENTS_STANDARD,standard:https-spec-openapis-org-oas-latest-html:ddce3578cfaa,OpenAPI Specification,1
resource:R127,PhysioNet,SUPPORTS_IDENTIFIER_SCHEME,identifier-scheme:https-www-doi-org:5861c32be6d4,DOI,1
resource:R128,Child Language Data Exchange System (CHILDES),ASSOCIATED_WITH_ICO,nihorganizational-unit:nichd:02216d8a5581,NICHD,1
resource:R128,Child Language Data Exchange System (CHILDES),IDENTIFIED_BY,external-identifier:bmic-row-r128:384d1e1d6b6a,bmic_row: R128,1
resource:R128,Child Language Data Exchange System (CHILDES),IDENTIFIED_BY,external-identifier:data-access-url-https-talkbank-org-childes-index-html:c8e897b36ceb,data_access_url: https://talkbank.org/childes/index.html,1
resource:R128,Child Language Data Exchange System (CHILDES),IDENTIFIED_BY,external-identifier:data-submission-url-https-talkbank-org-0share-contrib-html:de9eac7c50c1,data_submission_url: https://talkbank.org/0share/contrib.html,1
resource:R128,Child Language Data Exchange System (CHILDES),IDENTIFIED_BY,external-identifier:fairsharing-doi-10-25504-fairsharing-d969d2:85f61b085387,fairsharing_doi: 10.25504/FAIRsharing.d969d2,1
resource:R128,Child Language Data Exchange System (CHILDES),IDENTIFIED_BY,external-identifier:re3data-https-www-re3data-org-search-query-child-20language-20data-20exchange-20:2886a1269280,re3data: https://www.re3data.org/search?query=Child%20Language%20Data%20Exchange%20System,1
resource:R128,Child Language Data Exchange System (CHILDES),IMPLEMENTS_STANDARD,standard:generic:a9a2542e57ab,generic,1
resource:R128,Child Language Data Exchange System (CHILDES),IMPLEMENTS_STANDARD,standard:https-spec-openapis-org-oas-latest-html:ddce3578cfaa,OpenAPI Specification,1
resource:R128,Child Language Data Exchange System (CHILDES),SUPPORTS_IDENTIFIER_SCHEME,identifier-scheme:hdl:c3a9abdd4dc5,hdl,1
resource:R13,Natural Products Magnetic Resonance Database (NP-MRD),ASSOCIATED_WITH_ICO,nihorganizational-unit:nccih:50c008f01bf4,NCCIH,1
resource:R13,Natural Products Magnetic Resonance Database (NP-MRD),ASSOCIATED_WITH_ICO,nihorganizational-unit:od:f97d185e1e26,OD,1
resource:R13,Natural Products Magnetic Resonance Database (NP-MRD),IDENTIFIED_BY,external-identifier:bmic-row-r13:b79db3c07827,bmic_row: R13,1
resource:R13,Natural Products Magnetic Resonance Database (NP-MRD),IDENTIFIED_BY,external-identifier:data-access-url-https-np-mrd-org-downloads:c61ca1c269ea,data_access_url: https://np-mrd.org/downloads,1
resource:R13,Natural Products Magnetic Resonance Database (NP-MRD),IDENTIFIED_BY,external-identifier:data-submission-url-https-np-mrd-org-sign-in:209085d14c9f,data_submission_url: https://np-mrd.org/sign_in,1
resource:R13,Natural Products Magnetic Resonance Database (NP-MRD),IDENTIFIED_BY,external-identifier:fairsharing-doi-10-25504-fairsharing-5bdf88:87207c6e40f7,fairsharing_doi: 10.25504/FAIRsharing.5bdf88,1
resource:R13,Natural Products Magnetic Resonance Database (NP-MRD),IDENTIFIED_BY,external-identifier:re3data-https-www-re3data-org-search-query-natural-20products-20magnetic-20reson:3b5a4d02f8f5,re3data: https://www.re3data.org/search?query=Natural%20Products%20Magnetic%20Resonance%20Database,1
resource:R13,Natural Products Magnetic Resonance Database (NP-MRD),IMPLEMENTS_STANDARD,standard:generic:a9a2542e57ab,generic,1
resource:R13,Natural Products Magnetic Resonance Database (NP-MRD),IMPLEMENTS_STANDARD,standard:https-spec-openapis-org-oas-latest-html:ddce3578cfaa,OpenAPI Specification,1
resource:R130,Data Sharing for Demographic Research (DSDR),ASSOCIATED_WITH_ICO,nihorganizational-unit:nichd:02216d8a5581,NICHD,1
resource:R130,Data Sharing for Demographic Research (DSDR),IDENTIFIED_BY,external-identifier:bmic-row-r130:7349e8251141,bmic_row: R130,1
resource:R130,Data Sharing for Demographic Research (DSDR),IDENTIFIED_BY,external-identifier:data-access-url-https-www-icpsr-umich-edu-sites-dsdr-browse:66e56774ecb3,data_access_url: https://www.icpsr.umich.edu/sites/dsdr/browse,1
resource:R130,Data Sharing for Demographic Research (DSDR),IDENTIFIED_BY,external-identifier:data-submission-url-https-www-icpsr-umich-edu-sites-dsdr-deposit:092a6ab81e00,data_submission_url: https://www.icpsr.umich.edu/sites/dsdr/deposit,1
resource:R130,Data Sharing for Demographic Research (DSDR),IDENTIFIED_BY,external-identifier:fairsharing-doi-10-25504-fairsharing-v4mara:b353980084ea,fairsharing_doi: 10.25504/FAIRsharing.v4mara,1
resource:R130,Data Sharing for Demographic Research (DSDR),IDENTIFIED_BY,external-identifier:re3data-https-www-re3data-org-search-query-data-20sharing-20for-20demographic-20:7c0fe3f48b0c,re3data: https://www.re3data.org/search?query=Data%20Sharing%20for%20Demographic%20Research,1
resource:R130,Data Sharing for Demographic Research (DSDR),IDENTIFIED_BY,external-identifier:rrid-rrid-scr-008902:4e85004c6960,rrid: RRID:SCR_008902,1
resource:R130,Data Sharing for Demographic Research (DSDR),IMPLEMENTS_STANDARD,standard:generic:a9a2542e57ab,generic,1
resource:R130,Data Sharing for Demographic Research (DSDR),IMPLEMENTS_STANDARD,standard:https-rdamsc-bath-ac-uk-msc-m13:e641100b6dfa,DDI (Data Documentation Initiative),1
resource:R130,Data Sharing for Demographic Research (DSDR),IMPLEMENTS_STANDARD,standard:https-spec-openapis-org-oas-latest-html:ddce3578cfaa,OpenAPI Specification,1
resource:R130,Data Sharing for Demographic Research (DSDR),SUPPORTS_IDENTIFIER_SCHEME,identifier-scheme:https-www-doi-org:5861c32be6d4,DOI,1
resource:R131,Echinobase,ASSOCIATED_WITH_ICO,nihorganizational-unit:nichd:02216d8a5581,NICHD,1
resource:R131,Echinobase,IDENTIFIED_BY,external-identifier:bmic-row-r131:17f3f0c6582f,bmic_row: R131,1
resource:R131,Echinobase,IDENTIFIED_BY,external-identifier:data-access-url-https-www-echinobase-org-echinobase-static-echinobase-ftpdatafil:e785f287d48f,data_access_url: https://www.echinobase.org/echinobase/static-echinobase/ftpDatafiles.jsp,1
resource:R131,Echinobase,IMPLEMENTS_STANDARD,standard:generic:a9a2542e57ab,generic,1
resource:R131,Echinobase,IMPLEMENTS_STANDARD,standard:https-spec-openapis-org-oas-latest-html:ddce3578cfaa,OpenAPI Specification,1
resource:R132,Environmental influences on Child Health Outcomes (ECHO),ASSOCIATED_WITH_ICO,nihorganizational-unit:cit:4ea091b4a678,CIT,1
resource:R132,Environmental influences on Child Health Outcomes (ECHO),ASSOCIATED_WITH_ICO,nihorganizational-unit:nichd:02216d8a5581,NICHD,1
resource:R132,Environmental influences on Child Health Outcomes (ECHO),IDENTIFIED_BY,external-identifier:bmic-row-b2:5d56a0589466,bmic_row: B2,1
resource:R132,Environmental influences on Child Health Outcomes (ECHO),IDENTIFIED_BY,external-identifier:csv-id-132:f466a8a13e81,csv_id: 132,1
resource:R132,Environmental influences on Child Health Outcomes (ECHO),IDENTIFIED_BY,external-identifier:data-access-url-https-dash-nichd-nih-gov:ca7044f10e47,data_access_url: https://dash.nichd.nih.gov/,1
resource:R132,Environmental influences on Child Health Outcomes (ECHO),IDENTIFIED_BY,external-identifier:data-submission-url-https-echochildren-org-dash:9acd9c81b1f7,data_submission_url: https://echochildren.org/dash/,1
resource:R132,Environmental influences on Child Health Outcomes (ECHO),IDENTIFIED_BY,external-identifier:rrid-rrid-scr-028393:614eb28481a2,rrid: RRID:SCR_028393,1
resource:R132,Environmental influences on Child Health Outcomes (ECHO),IMPLEMENTS_STANDARD,standard:generic:a9a2542e57ab,generic,1
resource:R132,Environmental influences on Child Health Outcomes (ECHO),IMPLEMENTS_STANDARD,standard:https-spec-openapis-org-oas-latest-html:ddce3578cfaa,OpenAPI Specification,1
resource:R133,IPUMS,ASSOCIATED_WITH_ICO,nihorganizational-unit:nichd:02216d8a5581,NICHD,1
resource:R133,IPUMS,IDENTIFIED_BY,external-identifier:bmic-row-r133:0546a5379df3,bmic_row: R133,1
resource:R133,IPUMS,IDENTIFIED_BY,external-identifier:data-access-url-https-www-ipums-org:404dd1686bca,data_access_url: https://www.ipums.org/,1
resource:R133,IPUMS,IMPLEMENTS_STANDARD,standard:generic:a9a2542e57ab,generic,1
resource:R133,IPUMS,IMPLEMENTS_STANDARD,standard:https-spec-openapis-org-oas-latest-html:ddce3578cfaa,OpenAPI Specification,1
resource:R133,IPUMS,SUPPORTS_IDENTIFIER_SCHEME,identifier-scheme:none:a293bcf5747a,none,1
resource:R134,Learning &amp; Development Data Repository (LDbase),ASSOCIATED_WITH_ICO,nihorganizational-unit:nichd:02216d8a5581,NICHD,1
resource:R134,Learning &amp; Development Data Repository (LDbase),IDENTIFIED_BY,external-identifier:bmic-row-b133:559cd8c0950c,bmic_row: B133,1
resource:R134,Learning &amp; Development Data Repository (LDbase),IDENTIFIED_BY,external-identifier:csv-id-134:51245974c3ef,csv_id: 134,1
resource:R134,Learning &amp; Development Data Repository (LDbase),IDENTIFIED_BY,external-identifier:data-access-url-https-ldbase-org-browse-data:72f2f2c6be3e,data_access_url: https://ldbase.org/browse-data,1
resource:R134,Learning &amp; Development Data Repository (LDbase),IDENTIFIED_BY,external-identifier:data-submission-url-https-ldbase-org-resources-first-time-storing-data:70c26378581e,data_submission_url: https://ldbase.org/resources/first-time-storing-data,1
resource:R134,Learning &amp; Development Data Repository (LDbase),IMPLEMENTS_STANDARD,standard:generic:a9a2542e57ab,generic,1
resource:R134,Learning &amp; Development Data Repository (LDbase),IMPLEMENTS_STANDARD,standard:https-rdamsc-bath-ac-uk-msc-m36:25f92105a432,Repository-Developed Metadata Schemas,1
resource:R134,Learning &amp; Development Data Repository (LDbase),IMPLEMENTS_STANDARD,standard:https-spec-openapis-org-oas-latest-html:ddce3578cfaa,OpenAPI Specification,1
resource:R134,Learning &amp; Development Data Repository (LDbase),SUPPORTS_IDENTIFIER_SCHEME,identifier-scheme:https-www-doi-org:5861c32be6d4,DOI,1
resource:R135,NICHD Data and Specimen Hub (DASH),ASSOCIATED_WITH_ICO,nihorganizational-unit:cit:4ea091b4a678,CIT,1
resource:R135,NICHD Data and Specimen Hub (DASH),ASSOCIATED_WITH_ICO,nihorganizational-unit:nichd:02216d8a5581,NICHD,1
resource:R135,NICHD Data and Specimen Hub (DASH),HAS_ACCESS_SYSTEM,access-system:brics-access-system:8da211698e83,BRICS Access System,1
resource:R135,NICHD Data and Specimen Hub (DASH),HAS_POLICY_DESIGNATION,policy-designation:nih-controlled-access-data-repository:fc6f37ee4801,NIH Controlled-Access Data Repository,1
resource:R135,NICHD Data and Specimen Hub (DASH),IDENTIFIED_BY,external-identifier:bmic-row-r135:33f1c5ddc856,bmic_row: R135,1
resource:R135,NICHD Data and Specimen Hub (DASH),IDENTIFIED_BY,external-identifier:data-access-url-https-dash-nichd-nih-gov-explore-dataset:56b3c8887da6,data_access_url: https://dash.nichd.nih.gov/explore/dataset,1
resource:R135,NICHD Data and Specimen Hub (DASH),IDENTIFIED_BY,external-identifier:data-submission-url-https-dash-nichd-nih-gov-resource-submission:ac4be3f82794,data_submission_url: https://dash.nichd.nih.gov/resource/submission,1
resource:R135,NICHD Data and Specimen Hub (DASH),IMPLEMENTS_STANDARD,standard:generic:a9a2542e57ab,generic,1
resource:R135,NICHD Data and Specimen Hub (DASH),IMPLEMENTS_STANDARD,standard:https-rdamsc-bath-ac-uk-msc-m11:f5350646ed04,DataCite Metadata Schema,1
resource:R135,NICHD Data and Specimen Hub (DASH),IMPLEMENTS_STANDARD,standard:https-spec-openapis-org-oas-latest-html:ddce3578cfaa,OpenAPI Specification,1
resource:R135,NICHD Data and Specimen Hub (DASH),SUPPORTS_IDENTIFIER_SCHEME,identifier-scheme:https-www-doi-org:5861c32be6d4,DOI,1
resource:R136,PhonBank,ASSOCIATED_WITH_ICO,nihorganizational-unit:nichd:02216d8a5581,NICHD,1
resource:R136,PhonBank,IDENTIFIED_BY,external-identifier:bmic-row-r136:caf366a9ce19,bmic_row: R136,1
resource:R136,PhonBank,IDENTIFIED_BY,external-identifier:data-access-url-https-talkbank-org-phon-access-index-html:6eb4c1a9e7e2,data_access_url: https://talkbank.org/phon/access/index.html,1
resource:R136,PhonBank,IDENTIFIED_BY,external-identifier:data-submission-url-https-talkbank-org-0share-contrib-html:de9eac7c50c1,data_submission_url: https://talkbank.org/0share/contrib.html,1
resource:R136,PhonBank,IDENTIFIED_BY,external-identifier:re3data-https-www-re3data-org-search-query-phonbank:b1938e277198,re3data: https://www.re3data.org/search?query=PhonBank,1
resource:R136,PhonBank,IMPLEMENTS_STANDARD,standard:generic:a9a2542e57ab,generic,1
resource:R136,PhonBank,IMPLEMENTS_STANDARD,standard:https-rdamsc-bath-ac-uk-msc-m36:25f92105a432,Repository-Developed Metadata Schemas,1
resource:R136,PhonBank,IMPLEMENTS_STANDARD,standard:https-spec-openapis-org-oas-latest-html:ddce3578cfaa,OpenAPI Specification,1
resource:R136,PhonBank,SUPPORTS_IDENTIFIER_SCHEME,identifier-scheme:hdl:c3a9abdd4dc5,hdl,1
resource:R137,Xenbase,ASSOCIATED_WITH_ICO,nihorganizational-unit:nichd:02216d8a5581,NICHD,1
resource:R137,Xenbase,ASSOCIATED_WITH_ICO,nihorganizational-unit:od:f97d185e1e26,OD,1
resource:R137,Xenbase,EXPOSES_API,apiservice:r137-https-download-xenbase-org-xenbase:f6f476e2f833,FTP service for Xenbase,1
resource:R137,Xenbase,IDENTIFIED_BY,external-identifier:bmic-row-r137:973c768c8b19,bmic_row: R137,1
resource:R137,Xenbase,IDENTIFIED_BY,external-identifier:data-access-url-https-www-xenbase-org-entry-static-xenbase-ftpdatafiles-jsp:334072f6be8a,data_access_url: https://www.xenbase.org/entry/static-xenbase/ftpDatafiles.jsp,1
resource:R137,Xenbase,IDENTIFIED_BY,external-identifier:data-submission-url-https-www-xenbase-org-entry-static-xenbase-datasubmission-js:f809c7df6470,data_submission_url: https://www.xenbase.org/entry/static-xenbase/dataSubmission.jsp,1
resource:R137,Xenbase,IDENTIFIED_BY,external-identifier:fairsharing-doi-10-25504-fairsharing-17zapb:98c9e8298de6,fairsharing_doi: 10.25504/FAIRsharing.17zapb,1
resource:R137,Xenbase,IDENTIFIED_BY,external-identifier:re3data-https-www-re3data-org-search-query-xenbase:f7fff41e0825,re3data: https://www.re3data.org/search?query=Xenbase,1
resource:R137,Xenbase,IMPLEMENTS_STANDARD,standard:generic:a9a2542e57ab,generic,1
resource:R137,Xenbase,IMPLEMENTS_STANDARD,standard:https-spec-openapis-org-oas-latest-html:ddce3578cfaa,OpenAPI Specification,1
resource:R137,Xenbase,IMPLEMENTS_STANDARD,standard:https-www-w3-org-tr-sparql11-query:2d6377d7c0d3,SPARQL 1.1,1
resource:R137,Xenbase,SUPPORTS_IDENTIFIER_SCHEME,identifier-scheme:none:a293bcf5747a,none,1
resource:R138,Mouse Phenome Database,ASSOCIATED_WITH_ICO,nihorganizational-unit:nida:509096dabb23,NIDA,1
resource:R138,Mouse Phenome Database,EXPOSES_API,apiservice:r138-https-phenome-jax-org-about-api:300d8efeaf2e,REST service for Mouse Phenome Database,1
resource:R138,Mouse Phenome Database,IDENTIFIED_BY,external-identifier:bmic-row-r138:803294fec115,bmic_row: R138,1
resource:R138,Mouse Phenome Database,IDENTIFIED_BY,external-identifier:data-access-url-https-phenome-jax-org-downloads:6b97b1b940ee,data_access_url: https://phenome.jax.org/downloads,1
resource:R138,Mouse Phenome Database,IDENTIFIED_BY,external-identifier:data-submission-url-https-studyintake-jax-org-welcome:d504296cbc48,data_submission_url: https://studyintake.jax.org/welcome,1
resource:R138,Mouse Phenome Database,IDENTIFIED_BY,external-identifier:re3data-https-www-re3data-org-search-query-mouse-20phenome-20database:7c8cdd12823a,re3data: https://www.re3data.org/search?query=Mouse%20Phenome%20Database,1
resource:R138,Mouse Phenome Database,IDENTIFIED_BY,external-identifier:rrid-rrid-scr-003212:f321ec655531,rrid: RRID:SCR_003212,1
resource:R138,Mouse Phenome Database,IMPLEMENTS_STANDARD,standard:generic:a9a2542e57ab,generic,1
resource:R138,Mouse Phenome Database,IMPLEMENTS_STANDARD,standard:https-hl7-org-fhir:24110bbf8f70,HL7 FHIR,1
resource:R138,Mouse Phenome Database,IMPLEMENTS_STANDARD,standard:https-spec-graphql-org:f96d667c7f20,GraphQL Specification,1
resource:R138,Mouse Phenome Database,IMPLEMENTS_STANDARD,standard:https-spec-openapis-org-oas-latest-html:ddce3578cfaa,OpenAPI Specification,1
resource:R138,Mouse Phenome Database,IMPLEMENTS_STANDARD,standard:https-www-w3-org-tr-sparql11-query:2d6377d7c0d3,SPARQL 1.1,1
resource:R138,Mouse Phenome Database,IMPLEMENTS_STANDARD,standard:rest:f201967f1d34,rest,1
resource:R138,Mouse Phenome Database,SUPPORTS_IDENTIFIER_SCHEME,identifier-scheme:none:a293bcf5747a,none,1
resource:R139,National Addiction and Health Data Archive Program (NAHDAP),ASSOCIATED_WITH_ICO,nihorganizational-unit:nida:509096dabb23,NIDA,1
resource:R139,National Addiction and Health Data Archive Program (NAHDAP),IDENTIFIED_BY,external-identifier:bmic-row-b137:059651cd3ecc,bmic_row: B137,1
resource:R139,National Addiction and Health Data Archive Program (NAHDAP),IDENTIFIED_BY,external-identifier:csv-id-139:f5347c6bc888,csv_id: 139,1
resource:R139,National Addiction and Health Data Archive Program (NAHDAP),IDENTIFIED_BY,external-identifier:data-access-url-https-www-icpsr-umich-edu-sites-nahdap-home:53bf5715c9bc,data_access_url: https://www.icpsr.umich.edu/sites/nahdap/home,1
resource:R139,National Addiction and Health Data Archive Program (NAHDAP),IDENTIFIED_BY,external-identifier:data-submission-url-https-www-icpsr-umich-edu-sites-nahdap-deposit-data:304c22e9e391,data_submission_url: https://www.icpsr.umich.edu/sites/nahdap/deposit-data,1
resource:R139,National Addiction and Health Data Archive Program (NAHDAP),IDENTIFIED_BY,external-identifier:re3data-https-www-re3data-org-search-query-national-20addiction-20-26-20hiv-20da:cd03bce5961c,re3data: https://www.re3data.org/search?query=National%20Addiction%20%26%20HIV%20Data%20Archive%20Program,1
resource:R139,National Addiction and Health Data Archive Program (NAHDAP),IDENTIFIED_BY,external-identifier:rrid-rrid-scr-008902:4e85004c6960,rrid: RRID:SCR_008902,1
resource:R139,National Addiction and Health Data Archive Program (NAHDAP),IMPLEMENTS_STANDARD,standard:generic:a9a2542e57ab,generic,1
resource:R139,National Addiction and Health Data Archive Program (NAHDAP),IMPLEMENTS_STANDARD,standard:https-rdamsc-bath-ac-uk-msc-m13:e641100b6dfa,DDI (Data Documentation Initiative),1
resource:R139,National Addiction and Health Data Archive Program (NAHDAP),IMPLEMENTS_STANDARD,standard:https-spec-openapis-org-oas-latest-html:ddce3578cfaa,OpenAPI Specification,1
resource:R139,National Addiction and Health Data Archive Program (NAHDAP),IMPLEMENTS_STANDARD,standard:https-www-w3-org-tr-sparql11-query:2d6377d7c0d3,SPARQL 1.1,1
resource:R139,National Addiction and Health Data Archive Program (NAHDAP),SUPPORTS_IDENTIFIER_SCHEME,identifier-scheme:https-www-doi-org:5861c32be6d4,DOI,1
resource:R14,Topological Atlas and Repository for Acupoint research (TARA),ASSOCIATED_WITH_ICO,nihorganizational-unit:nccih:50c008f01bf4,NCCIH,1
resource:R14,Topological Atlas and Repository for Acupoint research (TARA),ASSOCIATED_WITH_ICO,nihorganizational-unit:od:f97d185e1e26,OD,1
resource:R14,Topological Atlas and Repository for Acupoint research (TARA),IDENTIFIED_BY,external-identifier:bmic-row-r14:3c3def482609,bmic_row: R14,1
resource:R14,Topological Atlas and Repository for Acupoint research (TARA),IDENTIFIED_BY,external-identifier:data-access-url-https-tara-repository-mgb-org-acutrials-search:37746b8f381c,data_access_url: https://tara-repository.mgb.org/acutrials_search,1
resource:R14,Topological Atlas and Repository for Acupoint research (TARA),IMPLEMENTS_STANDARD,standard:generic:a9a2542e57ab,generic,1
resource:R14,Topological Atlas and Repository for Acupoint research (TARA),IMPLEMENTS_STANDARD,standard:https-spec-openapis-org-oas-latest-html:ddce3578cfaa,OpenAPI Specification,1
resource:R14,Topological Atlas and Repository for Acupoint research (TARA),IMPLEMENTS_STANDARD,standard:https-www-w3-org-tr-sparql11-query:2d6377d7c0d3,SPARQL 1.1,1
resource:R142,NIDA Center for Genetics Studies,ASSOCIATED_WITH_ICO,nihorganizational-unit:nida:509096dabb23,NIDA,1
resource:R142,NIDA Center for Genetics Studies,HAS_ACCESS_SYSTEM,access-system:nida-center-for-genetic-studies-access-system:d7e08a970824,NIDA Center for Genetic Studies Access System,1
resource:R142,NIDA Center for Genetics Studies,HAS_POLICY_DESIGNATION,policy-designation:nih-controlled-access-data-repository:fc6f37ee4801,NIH Controlled-Access Data Repository,1
resource:R142,NIDA Center for Genetics Studies,IDENTIFIED_BY,external-identifier:bmic-row-b139:2d6d506f23ec,bmic_row: B139,1
resource:R142,NIDA Center for Genetics Studies,IDENTIFIED_BY,external-identifier:csv-id-142:ddc827c59964,csv_id: 142,1
resource:R142,NIDA Center for Genetics Studies,IDENTIFIED_BY,external-identifier:data-access-url-https-nidagenetics-org-instructions-for-access-to-data-and-bioma:0832eea7e6e3,data_access_url: https://nidagenetics.org/instructions-for-access-to-data-and-biomaterials/,1
resource:R142,NIDA Center for Genetics Studies,IDENTIFIED_BY,external-identifier:data-submission-url-https-nida-nih-gov-research-research-data-measures-resources:523a84ed9eff,data_submission_url: https://nida.nih.gov/research/research-data-measures-resources/genetics-research-resources/workgroups-interest-groups-consortia/genetics-workgroup-gwg/nida-genetics-consortium-ngc/distribution-genetic-data-biomaterials-nida-center-genetic-studies/faqs-related-to-nida,1
resource:R142,NIDA Center for Genetics Studies,IDENTIFIED_BY,external-identifier:re3data-https-www-re3data-org-search-query-nida-20center-20for-20genetic-20studi:b01657f7524b,re3data: https://www.re3data.org/search?query=NIDA%20Center%20for%20Genetic%20Studies,1
resource:R142,NIDA Center for Genetics Studies,IMPLEMENTS_STANDARD,standard:generic:a9a2542e57ab,generic,1
resource:R142,NIDA Center for Genetics Studies,IMPLEMENTS_STANDARD,standard:https-spec-openapis-org-oas-latest-html:ddce3578cfaa,OpenAPI Specification,1
resource:R143,NIH Brain Development Cohorts (NBDC) Data Hub,ASSOCIATED_WITH_ICO,nihorganizational-unit:nci:3e7dc1723049,NCI,1
resource:R143,NIH Brain Development Cohorts (NBDC) Data Hub,ASSOCIATED_WITH_ICO,nihorganizational-unit:nhlbi:a47a761791eb,NHLBI,1
resource:R143,NIH Brain Development Cohorts (NBDC) Data Hub,ASSOCIATED_WITH_ICO,nihorganizational-unit:niaaa:1a5c466ca5fc,NIAAA,1
resource:R143,NIH Brain Development Cohorts (NBDC) Data Hub,ASSOCIATED_WITH_ICO,nihorganizational-unit:nichd:02216d8a5581,NICHD,1
resource:R143,NIH Brain Development Cohorts (NBDC) Data Hub,ASSOCIATED_WITH_ICO,nihorganizational-unit:nida:509096dabb23,NIDA,1
resource:R143,NIH Brain Development Cohorts (NBDC) Data Hub,ASSOCIATED_WITH_ICO,nihorganizational-unit:nimh:e34089bd2ccf,NIMH,1
resource:R143,NIH Brain Development Cohorts (NBDC) Data Hub,ASSOCIATED_WITH_ICO,nihorganizational-unit:nimhd:11a5e40f7b7b,NIMHD,1
resource:R143,NIH Brain Development Cohorts (NBDC) Data Hub,ASSOCIATED_WITH_ICO,nihorganizational-unit:ninds:5cfdd7438e69,NINDS,1
resource:R143,NIH Brain Development Cohorts (NBDC) Data Hub,ASSOCIATED_WITH_ICO,nihorganizational-unit:obssr:25b527cf1c54,OBSSR,1
resource:R143,NIH Brain Development Cohorts (NBDC) Data Hub,ASSOCIATED_WITH_ICO,nihorganizational-unit:orwh:8f87882b4fd8,ORWH,1
resource:R143,NIH Brain Development Cohorts (NBDC) Data Hub,HAS_ACCESS_SYSTEM,access-system:nbdc-data-hub-access-system:300f7e51149c,NBDC Data Hub Access System,1
resource:R143,NIH Brain Development Cohorts (NBDC) Data Hub,HAS_POLICY_DESIGNATION,policy-designation:nih-controlled-access-data-repository:fc6f37ee4801,NIH Controlled-Access Data Repository,1
resource:R143,NIH Brain Development Cohorts (NBDC) Data Hub,IDENTIFIED_BY,external-identifier:bmic-row-b49:8e53c69a2c2c,bmic_row: B49,1
resource:R143,NIH Brain Development Cohorts (NBDC) Data Hub,IDENTIFIED_BY,external-identifier:csv-id-143:8ba8d7f2d570,csv_id: 143,1
resource:R143,NIH Brain Development Cohorts (NBDC) Data Hub,IDENTIFIED_BY,external-identifier:data-access-url-https-www-nbdc-datahub-org-data-tools-lasso:f48b2b5a6e0d,data_access_url: https://www.nbdc-datahub.org/data-tools-lasso,1
resource:R143,NIH Brain Development Cohorts (NBDC) Data Hub,IDENTIFIED_BY,external-identifier:rrid-rrid-scr-027710:eb9edf894840,rrid: RRID:SCR_027710,1
resource:R143,NIH Brain Development Cohorts (NBDC) Data Hub,IMPLEMENTS_STANDARD,standard:generic:a9a2542e57ab,generic,1
resource:R143,NIH Brain Development Cohorts (NBDC) Data Hub,IMPLEMENTS_STANDARD,standard:https-spec-openapis-org-oas-latest-html:ddce3578cfaa,OpenAPI Specification,1
resource:R144,NeMO Single Cell Opioid Responses in the Context of HIV (NeMO SCORCH),ASSOCIATED_WITH_ICO,nihorganizational-unit:nida:509096dabb23,NIDA,1
resource:R144,NeMO Single Cell Opioid Responses in the Context of HIV (NeMO SCORCH),IDENTIFIED_BY,external-identifier:bmic-row-b138:43dbd9ee7452,bmic_row: B138,1
resource:R144,NeMO Single Cell Opioid Responses in the Context of HIV (NeMO SCORCH),IDENTIFIED_BY,external-identifier:csv-id-144:c070e68067f0,csv_id: 144,1
resource:R144,NeMO Single Cell Opioid Responses in the Context of HIV (NeMO SCORCH),IDENTIFIED_BY,external-identifier:data-access-url-https-scorch-portal-nemoarchive-org:c785fae8d9ec,data_access_url: https://scorch-portal.nemoarchive.org/,1
resource:R144,NeMO Single Cell Opioid Responses in the Context of HIV (NeMO SCORCH),IDENTIFIED_BY,external-identifier:data-submission-url-https-nemoarchive-org-resources-data-submission:8d66eb087662,data_submission_url: https://nemoarchive.org/resources/data-submission,1
resource:R144,NeMO Single Cell Opioid Responses in the Context of HIV (NeMO SCORCH),IDENTIFIED_BY,external-identifier:fairsharing-doi-10-25504-fairsharing-df2177:aa4e375c8cd0,fairsharing_doi: 10.25504/FAIRsharing.df2177,1
resource:R144,NeMO Single Cell Opioid Responses in the Context of HIV (NeMO SCORCH),IDENTIFIED_BY,external-identifier:re3data-https-www-re3data-org-search-query-single-20cell-20opioid-20responses-20:2873b90ded85,re3data: https://www.re3data.org/search?query=Single%20Cell%20Opioid%20Responses%20in%20the%20Context%20of%20HIV,1
resource:R144,NeMO Single Cell Opioid Responses in the Context of HIV (NeMO SCORCH),IMPLEMENTS_STANDARD,standard:generic:a9a2542e57ab,generic,1
resource:R144,NeMO Single Cell Opioid Responses in the Context of HIV (NeMO SCORCH),IMPLEMENTS_STANDARD,standard:https-spec-openapis-org-oas-latest-html:ddce3578cfaa,OpenAPI Specification,1
resource:R145,Neuroscience Information Framework,ASSOCIATED_WITH_ICO,nihorganizational-unit:nida:509096dabb23,NIDA,1
resource:R145,Neuroscience Information Framework,ASSOCIATED_WITH_ICO,nihorganizational-unit:niddk:7de1d46d6cb2,NIDDK,1
resource:R145,Neuroscience Information Framework,EXPOSES_API,apiservice:r145-documentation-https-neuinfo-org-about-devsupport:ba9a595edb8e,Developer Support,1
resource:R145,Neuroscience Information Framework,EXPOSES_API,apiservice:r145-https-neuinfo-org-about-devsupport:e22feed3b72b,REST service for Neuroscience Information Framework,1
resource:R145,Neuroscience Information Framework,EXPOSES_API,apiservice:r145-https-scicrunch-org-browse-api-docs-index-html-url-https-scicrunch-org-swag:1667bfc7c9cd,REST service for Neuroscience Information Framework,1
resource:R145,Neuroscience Information Framework,IDENTIFIED_BY,external-identifier:bmic-row-r145:2d4f04faa8dc,bmic_row: R145,1
resource:R145,Neuroscience Information Framework,IDENTIFIED_BY,external-identifier:data-access-url-https-neuinfo-org-data-search-q-l-all:65494896f301,data_access_url: https://neuinfo.org/data/search?q=*&l=#all,1
resource:R145,Neuroscience Information Framework,IDENTIFIED_BY,external-identifier:re3data-https-www-re3data-org-search-query-neuroscience-20information-20framewor:abeb9a8dc99f,re3data: https://www.re3data.org/search?query=Neuroscience%20Information%20Framework,1
resource:R145,Neuroscience Information Framework,IMPLEMENTS_STANDARD,standard:generic:a9a2542e57ab,generic,1
resource:R145,Neuroscience Information Framework,IMPLEMENTS_STANDARD,standard:https-rdamsc-bath-ac-uk-msc-m36:25f92105a432,Repository-Developed Metadata Schemas,1
resource:R145,Neuroscience Information Framework,IMPLEMENTS_STANDARD,standard:https-spec-openapis-org-oas-latest-html:ddce3578cfaa,OpenAPI Specification,1
resource:R145,Neuroscience Information Framework,SUPPORTS_IDENTIFIER_SCHEME,identifier-scheme:other:6d45f56afab5,other,1
resource:R146,AphasiaBank,ASSOCIATED_WITH_ICO,nihorganizational-unit:nidcd:b1c1e8c17be1,NIDCD,1
resource:R146,AphasiaBank,IDENTIFIED_BY,external-identifier:bmic-row-r146:cf11b49df974,bmic_row: R146,1
resource:R146,AphasiaBank,IDENTIFIED_BY,external-identifier:data-access-url-https-talkbank-org-aphasia-access-html:b089a089ae76,data_access_url: https://talkbank.org/aphasia/access.html,1
resource:R146,AphasiaBank,IDENTIFIED_BY,external-identifier:data-submission-url-https-talkbank-org-0share-contrib-html:de9eac7c50c1,data_submission_url: https://talkbank.org/0share/contrib.html,1
resource:R146,AphasiaBank,IDENTIFIED_BY,external-identifier:fairsharing-doi-10-25504-fairsharing-258c91:5f46063cada2,fairsharing_doi: 10.25504/FAIRsharing.258c91,1
resource:R146,AphasiaBank,IDENTIFIED_BY,external-identifier:re3data-https-www-re3data-org-search-query-aphasiabank:4187f3f6a873,re3data: https://www.re3data.org/search?query=AphasiaBank,1
resource:R146,AphasiaBank,IMPLEMENTS_STANDARD,standard:generic:a9a2542e57ab,generic,1
resource:R146,AphasiaBank,IMPLEMENTS_STANDARD,standard:https-spec-openapis-org-oas-latest-html:ddce3578cfaa,OpenAPI Specification,1
resource:R147,FluencyBank,ASSOCIATED_WITH_ICO,nihorganizational-unit:nidcd:b1c1e8c17be1,NIDCD,1
resource:R147,FluencyBank,IDENTIFIED_BY,external-identifier:bmic-row-r147:9a70475591c1,bmic_row: R147,1
resource:R147,FluencyBank,IDENTIFIED_BY,external-identifier:data-access-url-https-talkbank-org-fluency-access-html:fa52544bf26e,data_access_url: https://talkbank.org/fluency/access.html,1
resource:R147,FluencyBank,IDENTIFIED_BY,external-identifier:data-submission-url-https-talkbank-org-0share-contrib-html:de9eac7c50c1,data_submission_url: https://talkbank.org/0share/contrib.html,1
resource:R147,FluencyBank,IDENTIFIED_BY,external-identifier:fairsharing-doi-10-25504-fairsharing-ea3062:fccce7d59ec2,fairsharing_doi: 10.25504/FAIRsharing.ea3062,1
resource:R147,FluencyBank,IDENTIFIED_BY,external-identifier:re3data-https-www-re3data-org-search-query-fluencybank:f71bf24ceddf,re3data: https://www.re3data.org/search?query=FluencyBank,1
resource:R147,FluencyBank,IMPLEMENTS_STANDARD,standard:generic:a9a2542e57ab,generic,1
resource:R147,FluencyBank,IMPLEMENTS_STANDARD,standard:https-spec-openapis-org-oas-latest-html:ddce3578cfaa,OpenAPI Specification,1
resource:R148,Candida Genome Database,ASSOCIATED_WITH_ICO,nihorganizational-unit:nidcr:742157a1c02c,NIDCR,1
resource:R148,Candida Genome Database,EXPOSES_API,apiservice:r148-https-www-candidagenome-org:512878cbc8d1,REST service for Candida Genome Database,1
resource:R148,Candida Genome Database,IDENTIFIED_BY,external-identifier:bmic-row-r148:d05dff89abbb,bmic_row: R148,1
resource:R148,Candida Genome Database,IDENTIFIED_BY,external-identifier:data-access-url-http-www-candidagenome-org-help-gettingstarted-shtml:47b3c453397e,data_access_url: http://www.candidagenome.org/help/GettingStarted.shtml,1
resource:R148,Candida Genome Database,IDENTIFIED_BY,external-identifier:re3data-https-www-re3data-org-search-query-candida-20genome-20database:669e12c3b23e,re3data: https://www.re3data.org/search?query=Candida%20Genome%20Database,1
resource:R148,Candida Genome Database,IMPLEMENTS_STANDARD,standard:generic:a9a2542e57ab,generic,1
resource:R148,Candida Genome Database,IMPLEMENTS_STANDARD,standard:https-hl7-org-fhir:24110bbf8f70,HL7 FHIR,1
resource:R148,Candida Genome Database,IMPLEMENTS_STANDARD,standard:https-spec-graphql-org:f96d667c7f20,GraphQL Specification,1
resource:R148,Candida Genome Database,IMPLEMENTS_STANDARD,standard:https-spec-openapis-org-oas-latest-html:ddce3578cfaa,OpenAPI Specification,1
resource:R148,Candida Genome Database,IMPLEMENTS_STANDARD,standard:rest:f201967f1d34,rest,1
resource:R148,Candida Genome Database,SUPPORTS_IDENTIFIER_SCHEME,identifier-scheme:none:a293bcf5747a,none,1
resource:R149,Human Oral Microbiome Database (HOMD),ASSOCIATED_WITH_ICO,nihorganizational-unit:nidcr:742157a1c02c,NIDCR,1
resource:R149,Human Oral Microbiome Database (HOMD),EXPOSES_API,apiservice:r149-https-www-homd-org-ftp:321e465af14e,FTP service for Human Oral Microbiome Database (HOMD),1
resource:R149,Human Oral Microbiome Database (HOMD),IDENTIFIED_BY,external-identifier:bmic-row-r149:f9088c1ad9f0,bmic_row: R149,1
resource:R149,Human Oral Microbiome Database (HOMD),IDENTIFIED_BY,external-identifier:data-access-url-https-homd-org-download:9d3b9f147def,data_access_url: https://homd.org/download,1
resource:R149,Human Oral Microbiome Database (HOMD),IDENTIFIED_BY,external-identifier:re3data-https-www-re3data-org-search-query-human-20oral-20microbiome-20database:bf9dd22f9d05,re3data: https://www.re3data.org/search?query=Human%20Oral%20Microbiome%20Database,1
resource:R149,Human Oral Microbiome Database (HOMD),IMPLEMENTS_STANDARD,standard:generic:a9a2542e57ab,generic,1
resource:R149,Human Oral Microbiome Database (HOMD),IMPLEMENTS_STANDARD,standard:https-spec-openapis-org-oas-latest-html:ddce3578cfaa,OpenAPI Specification,1
resource:R149,Human Oral Microbiome Database (HOMD),SUPPORTS_IDENTIFIER_SCHEME,identifier-scheme:none:a293bcf5747a,none,1
resource:R150,Human Salivary Proteome,ASSOCIATED_WITH_ICO,nihorganizational-unit:nidcr:742157a1c02c,NIDCR,1
resource:R150,Human Salivary Proteome,IDENTIFIED_BY,external-identifier:bmic-row-b150:eba17cf9c076,bmic_row: B150,1
resource:R150,Human Salivary Proteome,IDENTIFIED_BY,external-identifier:csv-id-150:f3bf5a1e5425,csv_id: 150,1
resource:R150,Human Salivary Proteome,IDENTIFIED_BY,external-identifier:data-access-url-https-www-salivaryproteome-org-download:26b065992542,data_access_url: https://www.salivaryproteome.org/download,1
resource:R150,Human Salivary Proteome,IDENTIFIED_BY,external-identifier:data-submission-url-https-www-salivaryproteome-org-upload-experiment:4bad9adc3ebb,data_submission_url: https://www.salivaryproteome.org/upload-experiment,1
resource:R150,Human Salivary Proteome,IDENTIFIED_BY,external-identifier:fairsharing-doi-10-25504-fairsharing-af6463:5f3fa12779f0,fairsharing_doi: 10.25504/FAIRsharing.af6463,1
resource:R150,Human Salivary Proteome,IDENTIFIED_BY,external-identifier:re3data-https-www-re3data-org-search-query-human-20salivary-20proteome-20wiki:bfc286db2ee4,re3data: https://www.re3data.org/search?query=Human%20Salivary%20Proteome%20Wiki,1
resource:R150,Human Salivary Proteome,IMPLEMENTS_STANDARD,standard:generic:a9a2542e57ab,generic,1
resource:R150,Human Salivary Proteome,IMPLEMENTS_STANDARD,standard:https-spec-openapis-org-oas-latest-html:ddce3578cfaa,OpenAPI Specification,1
resource:R151,FaceBase,ASSOCIATED_WITH_ICO,nihorganizational-unit:nidcd:b1c1e8c17be1,NIDCD,1
resource:R151,FaceBase,ASSOCIATED_WITH_ICO,nihorganizational-unit:nidcr:742157a1c02c,NIDCR,1
resource:R151,FaceBase,ASSOCIATED_WITH_ICO,nihorganizational-unit:od:f97d185e1e26,OD,1
resource:R151,FaceBase,EXPOSES_API,apiservice:r151-https-docs-derivacloud-org-deriva-py-api-deriva-html:65553ae14572,REST service for FaceBase,1
resource:R151,FaceBase,HAS_ACCESS_SYSTEM,access-system:facebase-access-system:b19a74628916,FaceBase Access System,1
resource:R151,FaceBase,HAS_POLICY_DESIGNATION,policy-designation:nih-controlled-access-data-repository:fc6f37ee4801,NIH Controlled-Access Data Repository,1
resource:R151,FaceBase,IDENTIFIED_BY,external-identifier:bmic-row-r151:91d4ac70d7d7,bmic_row: R151,1
resource:R151,FaceBase,IDENTIFIED_BY,external-identifier:data-access-url-https-www-facebase-org-access-policies:eb1f8d8d0549,data_access_url: https://www.facebase.org/access/policies/,1
resource:R151,FaceBase,IDENTIFIED_BY,external-identifier:data-submission-url-https-www-facebase-org-help-submitting-data:2cf4403d6b5a,data_submission_url: https://www.facebase.org/help/submitting-data/,1
resource:R151,FaceBase,IDENTIFIED_BY,external-identifier:re3data-https-www-re3data-org-search-query-nidcr-20facebase:b1706d1091d2,re3data: https://www.re3data.org/search?query=NIDCR%20FaceBase,1
resource:R151,FaceBase,IMPLEMENTS_STANDARD,standard:generic:a9a2542e57ab,generic,1
resource:R151,FaceBase,IMPLEMENTS_STANDARD,standard:https-spec-openapis-org-oas-latest-html:ddce3578cfaa,OpenAPI Specification,1
resource:R151,FaceBase,SUPPORTS_IDENTIFIER_SCHEME,identifier-scheme:https-www-doi-org:5861c32be6d4,DOI,1
resource:R154,NIDA Data Share,ASSOCIATED_WITH_ICO,nihorganizational-unit:niddk:7de1d46d6cb2,NIDDK,1
resource:R154,NIDA Data Share,IDENTIFIED_BY,external-identifier:bmic-row-b151:851861ff226b,bmic_row: B151,1
resource:R154,NIDA Data Share,IDENTIFIED_BY,external-identifier:csv-id-154:5dadd5a410f9,csv_id: 154,1
resource:R154,NIDA Data Share,IDENTIFIED_BY,external-identifier:data-access-url-https-datashare-nida-nih-gov-data:8830623ba2f6,data_access_url: https://datashare.nida.nih.gov/data,1
resource:R154,NIDA Data Share,IDENTIFIED_BY,external-identifier:fairsharing-doi-10-25504-fairsharing-a7p1zt:73852299ae0a,fairsharing_doi: 10.25504/FAIRsharing.a7p1zt,1
resource:R154,NIDA Data Share,IDENTIFIED_BY,external-identifier:rrid-rrid-scr-002002:88cf63b3fda6,rrid: RRID:SCR_002002,1
resource:R154,NIDA Data Share,IMPLEMENTS_STANDARD,standard:generic:a9a2542e57ab,generic,1
resource:R154,NIDA Data Share,IMPLEMENTS_STANDARD,standard:https-spec-openapis-org-oas-latest-html:ddce3578cfaa,OpenAPI Specification,1
resource:R157,United States Renal Data System (USRDS),ASSOCIATED_WITH_ICO,nihorganizational-unit:niddk:7de1d46d6cb2,NIDDK,1
resource:R157,United States Renal Data System (USRDS),IDENTIFIED_BY,external-identifier:bmic-row-b153:a749d878473c,bmic_row: B153,1
resource:R157,United States Renal Data System (USRDS),IDENTIFIED_BY,external-identifier:csv-id-157:a8c3355f9e5d,csv_id: 157,1
resource:R157,United States Renal Data System (USRDS),IDENTIFIED_BY,external-identifier:data-access-url-https-www-niddk-nih-gov-about-niddk-strategic-plans-reports-usrd:997dc426c388,data_access_url: https://www.niddk.nih.gov/about-niddk/strategic-plans-reports/usrds/for-researchers,1
resource:R157,United States Renal Data System (USRDS),IDENTIFIED_BY,external-identifier:rrid-rrid-scr-006699:86b2634f73f3,rrid: RRID:SCR_006699,1
resource:R157,United States Renal Data System (USRDS),IMPLEMENTS_STANDARD,standard:generic:a9a2542e57ab,generic,1
resource:R157,United States Renal Data System (USRDS),IMPLEMENTS_STANDARD,standard:https-spec-openapis-org-oas-latest-html:ddce3578cfaa,OpenAPI Specification,1
resource:R16,Cancer Complexity Knowledge Portal,ASSOCIATED_WITH_ICO,nihorganizational-unit:nci:3e7dc1723049,NCI,1
resource:R16,Cancer Complexity Knowledge Portal,IDENTIFIED_BY,external-identifier:bmic-row-r16:f887c86bbe42,bmic_row: R16,1
resource:R16,Cancer Complexity Knowledge Portal,IDENTIFIED_BY,external-identifier:data-access-url-https-cancercomplexity-synapse-org-explore-datasets:6e4cda7e0783,data_access_url: https://cancercomplexity.synapse.org/Explore/Datasets,1
resource:R16,Cancer Complexity Knowledge Portal,IDENTIFIED_BY,external-identifier:data-submission-url-https-help-cancercomplexity-synapse-org-doc-contributing-and:a6dad6ba628b,data_submission_url: https://help.cancercomplexity.synapse.org/doc/contributing-and-updating-data-in-the-portal,1
resource:R16,Cancer Complexity Knowledge Portal,IDENTIFIED_BY,external-identifier:re3data-https-www-re3data-org-search-query-cancer-20complexity-20knowledge-20por:bc071e07a9c8,re3data: https://www.re3data.org/search?query=Cancer%20Complexity%20Knowledge%20Portal,1
resource:R16,Cancer Complexity Knowledge Portal,IMPLEMENTS_STANDARD,standard:generic:a9a2542e57ab,generic,1
resource:R16,Cancer Complexity Knowledge Portal,IMPLEMENTS_STANDARD,standard:https-spec-openapis-org-oas-latest-html:ddce3578cfaa,OpenAPI Specification,1
resource:R16,Cancer Complexity Knowledge Portal,PROVIDED_BY,organization:sage-bionetworks-none:2c4727175a6c,Sage Bionetworks,1
resource:R160,Chemical Effects in Biological Systems (CEBS),ASSOCIATED_WITH_ICO,nihorganizational-unit:niehs:abb8d2604b98,NIEHS,1
resource:R160,Chemical Effects in Biological Systems (CEBS),IDENTIFIED_BY,external-identifier:bmic-row-r160:b2a52c1161c3,bmic_row: R160,1
resource:R160,Chemical Effects in Biological Systems (CEBS),IDENTIFIED_BY,external-identifier:re3data-https-www-re3data-org-search-query-chemical-20effects-20in-20biological-:5f4455102c7e,re3data: https://www.re3data.org/search?query=Chemical%20Effects%20in%20Biological%20Systems,1
resource:R160,Chemical Effects in Biological Systems (CEBS),IDENTIFIED_BY,external-identifier:rrid-rrid-scr-006778:b6efad36b7bc,rrid: RRID:SCR_006778,1
resource:R160,Chemical Effects in Biological Systems (CEBS),IMPLEMENTS_STANDARD,standard:generic:a9a2542e57ab,generic,1
resource:R160,Chemical Effects in Biological Systems (CEBS),IMPLEMENTS_STANDARD,standard:https-rdamsc-bath-ac-uk-msc-m36:25f92105a432,Repository-Developed Metadata Schemas,1
resource:R160,Chemical Effects in Biological Systems (CEBS),IMPLEMENTS_STANDARD,standard:https-spec-openapis-org-oas-latest-html:ddce3578cfaa,OpenAPI Specification,1
resource:R160,Chemical Effects in Biological Systems (CEBS),SUPPORTS_IDENTIFIER_SCHEME,identifier-scheme:none:a293bcf5747a,none,1
resource:R161,Exposome Correlation and Interpretation Database (ECID),ASSOCIATED_WITH_ICO,nihorganizational-unit:niehs:abb8d2604b98,NIEHS,1
resource:R161,Exposome Correlation and Interpretation Database (ECID),IDENTIFIED_BY,external-identifier:bmic-row-b157:f07cbc1e3f28,bmic_row: B157,1
resource:R161,Exposome Correlation and Interpretation Database (ECID),IDENTIFIED_BY,external-identifier:csv-id-161:149f97f66236,csv_id: 161,1
resource:R161,Exposome Correlation and Interpretation Database (ECID),IDENTIFIED_BY,external-identifier:data-access-url-https-www-ecidbase-org-about:a77bd8a14611,data_access_url: https://www.ecidbase.org/about,1
resource:R161,Exposome Correlation and Interpretation Database (ECID),IMPLEMENTS_STANDARD,standard:generic:a9a2542e57ab,generic,1
resource:R161,Exposome Correlation and Interpretation Database (ECID),IMPLEMENTS_STANDARD,standard:https-spec-openapis-org-oas-latest-html:ddce3578cfaa,OpenAPI Specification,1
resource:R161,Exposome Correlation and Interpretation Database (ECID),IMPLEMENTS_STANDARD,standard:https-www-w3-org-tr-sparql11-query:2d6377d7c0d3,SPARQL 1.1,1
resource:R162,GeoSpace,ASSOCIATED_WITH_ICO,nihorganizational-unit:niehs:abb8d2604b98,NIEHS,1
resource:R162,GeoSpace,IDENTIFIED_BY,external-identifier:bmic-row-b158:86956371402b,bmic_row: B158,1
resource:R162,GeoSpace,IDENTIFIED_BY,external-identifier:csv-id-162:f42e1f777303,csv_id: 162,1
resource:R162,GeoSpace,IDENTIFIED_BY,external-identifier:data-access-url-https-zenodo-org-communities-geospace-records-q-l-list-p-1-s-10-:0e38fcf62e80,data_access_url: https://zenodo.org/communities/geospace/records?q=&l=list&p=1&s=10&sort=newest,1
resource:R162,GeoSpace,IDENTIFIED_BY,external-identifier:rrid-rrid-scr-028108:4abe86973f95,rrid: RRID:SCR_028108,1
resource:R162,GeoSpace,IMPLEMENTS_STANDARD,standard:generic:a9a2542e57ab,generic,1
resource:R162,GeoSpace,IMPLEMENTS_STANDARD,standard:https-spec-openapis-org-oas-latest-html:ddce3578cfaa,OpenAPI Specification,1
resource:R162,GeoSpace,IMPLEMENTS_STANDARD,standard:https-www-w3-org-tr-sparql11-query:2d6377d7c0d3,SPARQL 1.1,1
resource:R164,Integrated Chemical Environment (ICE),ASSOCIATED_WITH_ICO,nihorganizational-unit:niehs:abb8d2604b98,NIEHS,1
resource:R164,Integrated Chemical Environment (ICE),IDENTIFIED_BY,external-identifier:bmic-row-b160:a73c61817e04,bmic_row: B160,1
resource:R164,Integrated Chemical Environment (ICE),IDENTIFIED_BY,external-identifier:csv-id-164:6408792ba37f,csv_id: 164,1
resource:R164,Integrated Chemical Environment (ICE),IDENTIFIED_BY,external-identifier:data-access-url-https-ice-ntp-niehs-nih-gov-datasetdescription:d492b5f625a9,data_access_url: https://ice.ntp.niehs.nih.gov/DATASETDESCRIPTION,1
resource:R164,Integrated Chemical Environment (ICE),IDENTIFIED_BY,external-identifier:data-submission-url-https-ntp-niehs-nih-gov-whatwestudy-niceatm-comptox-ct-ice-i:a5b494480873,data_submission_url: https://ntp.niehs.nih.gov/whatwestudy/niceatm/comptox/ct-ice/ice,1
resource:R164,Integrated Chemical Environment (ICE),IMPLEMENTS_STANDARD,standard:generic:a9a2542e57ab,generic,1
resource:R164,Integrated Chemical Environment (ICE),IMPLEMENTS_STANDARD,standard:https-spec-openapis-org-oas-latest-html:ddce3578cfaa,OpenAPI Specification,1
resource:R165,Pathogen Detection,ASSOCIATED_WITH_ICO,nihorganizational-unit:nlm:8b1526a4e813,NLM,1
resource:R165,Pathogen Detection,IDENTIFIED_BY,external-identifier:bmic-row-b207:aa5d71b1a50d,bmic_row: B207,1
resource:R165,Pathogen Detection,IDENTIFIED_BY,external-identifier:csv-id-165:c0abda213d34,csv_id: 165,1
resource:R165,Pathogen Detection,IDENTIFIED_BY,external-identifier:data-access-url-https-www-ncbi-nlm-nih-gov-pathogens:05d8f6a0f69d,data_access_url: https://www.ncbi.nlm.nih.gov/pathogens/,1
resource:R165,Pathogen Detection,IDENTIFIED_BY,external-identifier:data-submission-url-https-www-ncbi-nlm-nih-gov-pathogens-submit-data:c4e5f205b61e,data_submission_url: https://www.ncbi.nlm.nih.gov/pathogens/submit-data/,1
resource:R165,Pathogen Detection,IDENTIFIED_BY,external-identifier:fairsharing-doi-10-25504-fairsharing-9kahy4:ad14f029d873,fairsharing_doi: 10.25504/FAIRsharing.9kahy4,1
resource:R165,Pathogen Detection,IDENTIFIED_BY,external-identifier:rrid-rrid-scr-004690:545581960f69,rrid: RRID:SCR_004690,1
resource:R165,Pathogen Detection,IMPLEMENTS_STANDARD,standard:generic:a9a2542e57ab,generic,1
resource:R165,Pathogen Detection,IMPLEMENTS_STANDARD,standard:https-spec-openapis-org-oas-latest-html:ddce3578cfaa,OpenAPI Specification,1
resource:R166,Comparative Toxicogenomics Database (CTD),ASSOCIATED_WITH_ICO,nihorganizational-unit:niehs:abb8d2604b98,NIEHS,1
resource:R166,Comparative Toxicogenomics Database (CTD),ASSOCIATED_WITH_ICO,nihorganizational-unit:ninds:5cfdd7438e69,NINDS,1
resource:R166,Comparative Toxicogenomics Database (CTD),FUNDED_BY,organization:u-s-department-of-health-human-services-national-institutes-of-health-national-i:d3e2aaef57d8,"U.S. Department of Health & Human Services, National Institutes of Health, National Institute of Environmental Health Sciences",1
resource:R166,Comparative Toxicogenomics Database (CTD),FUNDED_BY,organization:u-s-department-of-health-human-services-national-institutes-of-health-u-s-nation:475e502bab24,"U.S. Department of Health & Human Services, National Institutes of Health, U.S. National Library of Medicine",1
resource:R166,Comparative Toxicogenomics Database (CTD),IDENTIFIED_BY,external-identifier:bmic-row-b161:babcd292dbe2,bmic_row: B161,1
resource:R166,Comparative Toxicogenomics Database (CTD),IDENTIFIED_BY,external-identifier:csv-id-166:0430929de6fb,csv_id: 166,1
resource:R166,Comparative Toxicogenomics Database (CTD),IDENTIFIED_BY,external-identifier:data-access-url-https-ctdbase-org-downloads:a9b11baca463,data_access_url: https://ctdbase.org/downloads/,1
resource:R166,Comparative Toxicogenomics Database (CTD),IDENTIFIED_BY,external-identifier:data-submission-url-https-ctdbase-org-search:d58fdfade375,data_submission_url: https://ctdbase.org/search/,1
resource:R166,Comparative Toxicogenomics Database (CTD),IDENTIFIED_BY,external-identifier:fairsharing-doi-10-25504-fairsharing-h3tjtr:87aa67fe3d45,fairsharing_doi: 10.25504/FAIRsharing.h3tjtr,1
resource:R166,Comparative Toxicogenomics Database (CTD),IDENTIFIED_BY,external-identifier:re3data-r3d100011530:c7685add3336,re3data: r3d100011530,1
resource:R166,Comparative Toxicogenomics Database (CTD),IDENTIFIED_BY,external-identifier:rrid-rrid-scr-006530:3a37f85b9d01,rrid: RRID:SCR_006530,1
resource:R166,Comparative Toxicogenomics Database (CTD),IMPLEMENTS_STANDARD,standard:generic:a9a2542e57ab,generic,1
resource:R166,Comparative Toxicogenomics Database (CTD),IMPLEMENTS_STANDARD,standard:https-spec-openapis-org-oas-latest-html:ddce3578cfaa,OpenAPI Specification,1
resource:R166,Comparative Toxicogenomics Database (CTD),IMPLEMENTS_STANDARD,standard:https-www-w3-org-tr-sparql11-query:2d6377d7c0d3,SPARQL 1.1,1
resource:R166,Comparative Toxicogenomics Database (CTD),PROVIDED_BY,organization:mount-desert-island-biological-laboratory-usa:29fb73a93536,Mount Desert Island Biological Laboratory,1
resource:R166,Comparative Toxicogenomics Database (CTD),PROVIDED_BY,organization:north-carolina-state-university-usa:545a6c6f3d55,North Carolina State University,1
resource:R166,Comparative Toxicogenomics Database (CTD),SUPPORTS_IDENTIFIER_SCHEME,identifier-scheme:none:a293bcf5747a,none,1
resource:R168,Binding Database (BindingDB),ASSOCIATED_WITH_ICO,nihorganizational-unit:nigms:c3596537d785,NIGMS,1
resource:R168,Binding Database (BindingDB),EXPOSES_API,apiservice:r168-https-www-bindingdb-org-rwd-bind-bindingdbrestfulapi-jsp:fc479d377b6a,REST service for Binding Database (BindingDB),1
resource:R168,Binding Database (BindingDB),IDENTIFIED_BY,external-identifier:bmic-row-b163:20d975c2055b,bmic_row: B163,1
resource:R168,Binding Database (BindingDB),IDENTIFIED_BY,external-identifier:csv-id-168:9035bc176a2c,csv_id: 168,1
resource:R168,Binding Database (BindingDB),IDENTIFIED_BY,external-identifier:data-access-url-https-www-bindingdb-org-rwd-bind-chemsearch-marvin-download-jsp:e31cb0c6abcf,data_access_url: https://www.bindingdb.org/rwd/bind/chemsearch/marvin/Download.jsp,1
resource:R168,Binding Database (BindingDB),IDENTIFIED_BY,external-identifier:re3data-https-www-re3data-org-search-query-bindingdb:793c18ea58c8,re3data: https://www.re3data.org/search?query=BindingDB,1
resource:R168,Binding Database (BindingDB),IDENTIFIED_BY,external-identifier:rrid-rrid-scr-000390:2771826f0659,rrid: RRID:SCR_000390,1
resource:R168,Binding Database (BindingDB),IMPLEMENTS_STANDARD,standard:generic:a9a2542e57ab,generic,1
resource:R168,Binding Database (BindingDB),IMPLEMENTS_STANDARD,standard:https-spec-openapis-org-oas-latest-html:ddce3578cfaa,OpenAPI Specification,1
resource:R169,Biological Magnetic Resonance Data Bank (BMRB),ASSOCIATED_WITH_ICO,nihorganizational-unit:nigms:c3596537d785,NIGMS,1
resource:R169,Biological Magnetic Resonance Data Bank (BMRB),EXPOSES_API,apiservice:r169-https-bmrb-io-bmrb-linking-shtml:dd5ffa68581d,REST service for Biological Magnetic Resonance Data Bank (BMRB),1
resource:R169,Biological Magnetic Resonance Data Bank (BMRB),EXPOSES_API,apiservice:r169-https-bmrb-io-ftp-pub-bmrb:1292224795c2,FTP service for Biological Magnetic Resonance Data Bank (BMRB),1
resource:R169,Biological Magnetic Resonance Data Bank (BMRB),IDENTIFIED_BY,external-identifier:bmic-row-r169:1a413736de7c,bmic_row: R169,1
resource:R169,Biological Magnetic Resonance Data Bank (BMRB),IDENTIFIED_BY,external-identifier:data-access-url-https-bmrb-io-software-query:4efd9fbadf0f,data_access_url: https://bmrb.io/software/query/,1
resource:R169,Biological Magnetic Resonance Data Bank (BMRB),IDENTIFIED_BY,external-identifier:data-submission-url-https-bmrb-io-deposit:40f5f7cf572b,data_submission_url: https://bmrb.io/deposit/,1
resource:R169,Biological Magnetic Resonance Data Bank (BMRB),IDENTIFIED_BY,external-identifier:re3data-https-www-re3data-org-search-query-the-20biological-20magnetic-20resonan:6724a104702e,re3data: https://www.re3data.org/search?query=The%20Biological%20Magnetic%20Resonance%20Data%20Bank,1
resource:R169,Biological Magnetic Resonance Data Bank (BMRB),IDENTIFIED_BY,external-identifier:rrid-rrid-scr-002296:4ec98856f780,rrid: RRID:SCR_002296,1
resource:R169,Biological Magnetic Resonance Data Bank (BMRB),IMPLEMENTS_STANDARD,standard:generic:a9a2542e57ab,generic,1
resource:R169,Biological Magnetic Resonance Data Bank (BMRB),IMPLEMENTS_STANDARD,standard:https-spec-openapis-org-oas-latest-html:ddce3578cfaa,OpenAPI Specification,1
resource:R169,Biological Magnetic Resonance Data Bank (BMRB),REQUIRED_BY_PUBLISHER_POLICY,publisher-policy:nature-portfolio-springer-nature-https-www-nature-com-nature-portfolio-editorial:ebd4592da02b,"Reporting standards and availability of data, materials, code and protocols",1
resource:R169,Biological Magnetic Resonance Data Bank (BMRB),SUPPORTS_IDENTIFIER_SCHEME,identifier-scheme:https-www-doi-org:5861c32be6d4,DOI,1
resource:R17,Cancer Data Access System (CDAS),ASSOCIATED_WITH_ICO,nihorganizational-unit:nci:3e7dc1723049,NCI,1
resource:R17,Cancer Data Access System (CDAS),HAS_ACCESS_SYSTEM,access-system:cdas-access-system:2cf766556f14,CDAS Access System,1
resource:R17,Cancer Data Access System (CDAS),HAS_POLICY_DESIGNATION,policy-designation:nih-controlled-access-data-repository:fc6f37ee4801,NIH Controlled-Access Data Repository,1
resource:R17,Cancer Data Access System (CDAS),IDENTIFIED_BY,external-identifier:bmic-row-b16:71a753ab220d,bmic_row: B16,1
resource:R17,Cancer Data Access System (CDAS),IDENTIFIED_BY,external-identifier:csv-id-17:75a0dc469938,csv_id: 17,1
resource:R17,Cancer Data Access System (CDAS),IDENTIFIED_BY,external-identifier:data-access-url-https-cdas-cancer-gov-approved-projects:8b0d037c46c2,data_access_url: https://cdas.cancer.gov/approved-projects/,1
resource:R17,Cancer Data Access System (CDAS),IMPLEMENTS_STANDARD,standard:generic:a9a2542e57ab,generic,1
resource:R17,Cancer Data Access System (CDAS),IMPLEMENTS_STANDARD,standard:https-spec-openapis-org-oas-latest-html:ddce3578cfaa,OpenAPI Specification,1
resource:R170,BioPortal,ASSOCIATED_WITH_ICO,nihorganizational-unit:nigms:c3596537d785,NIGMS,1
resource:R170,BioPortal,EXPOSES_API,apiservice:r170-http-data-bioontology-org-documentation:4c3781f3241d,REST service for BioPortal,1
resource:R170,BioPortal,IDENTIFIED_BY,external-identifier:bmic-row-r170:7698613f0295,bmic_row: R170,1
resource:R170,BioPortal,IDENTIFIED_BY,external-identifier:data-access-url-https-bioportal-bioontology-org:c8e433fa9991,data_access_url: https://bioportal.bioontology.org/,1
resource:R170,BioPortal,IDENTIFIED_BY,external-identifier:fairsharing-doi-10-25504-fairsharing-4m97ah:9ca1b5bf27eb,fairsharing_doi: 10.25504/FAIRsharing.4m97ah,1
resource:R170,BioPortal,IDENTIFIED_BY,external-identifier:re3data-https-www-re3data-org-search-query-bioportal:cac9fd3aaecb,re3data: https://www.re3data.org/search?query=BioPortal,1
resource:R170,BioPortal,IDENTIFIED_BY,external-identifier:rrid-rrid-scr-002713:96f0060f41c7,rrid: RRID:SCR_002713,1
resource:R170,BioPortal,IMPLEMENTS_STANDARD,standard:generic:a9a2542e57ab,generic,1
resource:R170,BioPortal,IMPLEMENTS_STANDARD,standard:https-spec-openapis-org-oas-latest-html:ddce3578cfaa,OpenAPI Specification,1
resource:R170,BioPortal,IMPLEMENTS_STANDARD,standard:https-www-w3-org-tr-sparql11-query:2d6377d7c0d3,SPARQL 1.1,1
resource:R173,DOCKGROUND,ASSOCIATED_WITH_ICO,nihorganizational-unit:nigms:c3596537d785,NIGMS,1
resource:R173,DOCKGROUND,IDENTIFIED_BY,external-identifier:bmic-row-b166:b075ebc7e068,bmic_row: B166,1
resource:R173,DOCKGROUND,IDENTIFIED_BY,external-identifier:csv-id-173:b935948f485f,csv_id: 173,1
resource:R173,DOCKGROUND,IDENTIFIED_BY,external-identifier:data-access-url-https-dockground-compbio-ku-edu-downloads:cf7d89dbab87,data_access_url: https://dockground.compbio.ku.edu/#downloads,1
resource:R173,DOCKGROUND,IDENTIFIED_BY,external-identifier:rrid-rrid-scr-007412:ace3be71b772,rrid: RRID:SCR_007412,1
resource:R173,DOCKGROUND,IMPLEMENTS_STANDARD,standard:generic:a9a2542e57ab,generic,1
resource:R173,DOCKGROUND,IMPLEMENTS_STANDARD,standard:https-spec-openapis-org-oas-latest-html:ddce3578cfaa,OpenAPI Specification,1
resource:R174,EcoCyc,ASSOCIATED_WITH_ICO,nihorganizational-unit:nigms:c3596537d785,NIGMS,1
resource:R174,EcoCyc,EXPOSES_API,apiservice:r174-https-ecocyc-org-web-services-shtml:343429cf39e7,REST service for EcoCyc,1
resource:R174,EcoCyc,FUNDED_BY,organization:national-institutes-of-health-national-institute-of-general-medical-sciences-usa:b33a35aa81bd,"National Institutes of Health, National Institute of General Medical Sciences",1
resource:R174,EcoCyc,IDENTIFIED_BY,external-identifier:bmic-row-b167:6c8105d14346,bmic_row: B167,1
resource:R174,EcoCyc,IDENTIFIED_BY,external-identifier:csv-id-174:ca6d8f4b27f8,csv_id: 174,1
resource:R174,EcoCyc,IDENTIFIED_BY,external-identifier:data-access-url-https-biocyc-org-download-shtml-sid-biocyc17-3979227552:be7985ba858a,data_access_url: https://biocyc.org/download.shtml?sid=biocyc17-3979227552,1
resource:R174,EcoCyc,IDENTIFIED_BY,external-identifier:fairsharing-doi-10-25504-fairsharing-65dmtr:c7b218409c2d,fairsharing_doi: 10.25504/FAIRsharing.65dmtr,1
resource:R174,EcoCyc,IDENTIFIED_BY,external-identifier:re3data-r3d100011277:b4dc6b99f380,re3data: r3d100011277,1
resource:R174,EcoCyc,IDENTIFIED_BY,external-identifier:rrid-rrid-scr-002433:a2a8f35456c5,rrid: RRID:SCR_002433,1
resource:R174,EcoCyc,IMPLEMENTS_STANDARD,standard:generic:a9a2542e57ab,generic,1
resource:R174,EcoCyc,IMPLEMENTS_STANDARD,standard:https-spec-openapis-org-oas-latest-html:ddce3578cfaa,OpenAPI Specification,1
resource:R174,EcoCyc,IMPLEMENTS_STANDARD,standard:https-www-w3-org-tr-sparql11-query:2d6377d7c0d3,SPARQL 1.1,1
resource:R174,EcoCyc,PROVIDED_BY,organization:ecocyc-steering-committee-usa:442a7e3ceb9b,EcoCyc Steering Committee,1
resource:R174,EcoCyc,PROVIDED_BY,organization:macquarie-university-sydney-aus:933521097d89,"Macquarie University, Sydney",1
resource:R174,EcoCyc,PROVIDED_BY,organization:national-autonomous-university-of-mexico-center-for-genomic-sciences-mex:0eac45df8b86,"National Autonomous University of Mexico, Center for Genomic Sciences",1
resource:R174,EcoCyc,PROVIDED_BY,organization:sri-international-usa:fe10117f9456,SRI International,1
resource:R174,EcoCyc,PROVIDED_BY,organization:university-of-california-usa:93a0acb37244,University of California,1
resource:R174,EcoCyc,SUPPORTS_IDENTIFIER_SCHEME,identifier-scheme:none:a293bcf5747a,none,1
resource:R175,GlyGen,ASSOCIATED_WITH_ICO,nihorganizational-unit:nigms:c3596537d785,NIGMS,1
resource:R175,GlyGen,IDENTIFIED_BY,external-identifier:bmic-row-b168:4b7c6006a585,bmic_row: B168,1
resource:R175,GlyGen,IDENTIFIED_BY,external-identifier:csv-id-175:13155f36bdf7,csv_id: 175,1
resource:R175,GlyGen,IDENTIFIED_BY,external-identifier:data-access-url-https-data-glygen-org:a436ac74b07f,data_access_url: https://data.glygen.org,1
resource:R175,GlyGen,IDENTIFIED_BY,external-identifier:data-submission-url-https-data-glygen-org-uploads:8c5f07ef9ccf,data_submission_url: https://data.glygen.org/uploads,1
resource:R175,GlyGen,IDENTIFIED_BY,external-identifier:fairsharing-doi-10-25504-fairsharing-ai1j5w:4b272531f7bd,fairsharing_doi: 10.25504/FAIRsharing.aI1J5W,1
resource:R175,GlyGen,IMPLEMENTS_STANDARD,standard:generic:a9a2542e57ab,generic,1
resource:R175,GlyGen,IMPLEMENTS_STANDARD,standard:https-spec-openapis-org-oas-latest-html:ddce3578cfaa,OpenAPI Specification,1
resource:R175,GlyGen,IMPLEMENTS_STANDARD,standard:https-www-w3-org-tr-sparql11-query:2d6377d7c0d3,SPARQL 1.1,1
resource:R176,Nucleic Acid Knowledge Base (NAKB),ASSOCIATED_WITH_ICO,nihorganizational-unit:nigms:c3596537d785,NIGMS,1
resource:R176,Nucleic Acid Knowledge Base (NAKB),FUNDED_BY,organization:national-institute-of-general-medical-sciences-usa:f41768a9076b,National Institute of General Medical Sciences,1
resource:R176,Nucleic Acid Knowledge Base (NAKB),FUNDED_BY,organization:national-institutes-of-health-usa:49c1f347e2a5,National Institutes of Health,1
resource:R176,Nucleic Acid Knowledge Base (NAKB),IDENTIFIED_BY,external-identifier:bmic-row-b169:51d0d58f23ec,bmic_row: B169,1
resource:R176,Nucleic Acid Knowledge Base (NAKB),IDENTIFIED_BY,external-identifier:csv-id-176:79a3f75a8b57,csv_id: 176,1
resource:R176,Nucleic Acid Knowledge Base (NAKB),IDENTIFIED_BY,external-identifier:data-access-url-https-nakb-org-nakblist-all:c83b97c195d7,data_access_url: https://nakb.org/nakblist=all,1
resource:R176,Nucleic Acid Knowledge Base (NAKB),IDENTIFIED_BY,external-identifier:fairsharing-doi-10-25504-fairsharing-66542c:aa4138ce541e,fairsharing_doi: 10.25504/FAIRsharing.66542c,1
resource:R176,Nucleic Acid Knowledge Base (NAKB),IDENTIFIED_BY,external-identifier:re3data-r3d100014509:db5d347920c2,re3data: r3d100014509,1
resource:R176,Nucleic Acid Knowledge Base (NAKB),IMPLEMENTS_STANDARD,standard:generic:a9a2542e57ab,generic,1
resource:R176,Nucleic Acid Knowledge Base (NAKB),IMPLEMENTS_STANDARD,standard:https-spec-openapis-org-oas-latest-html:ddce3578cfaa,OpenAPI Specification,1
resource:R176,Nucleic Acid Knowledge Base (NAKB),PROVIDED_BY,organization:institute-for-quantitative-biomedicine-usa:7d1de7504211,Institute for Quantitative Biomedicine,1
resource:R176,Nucleic Acid Knowledge Base (NAKB),PROVIDED_BY,organization:rutgers-the-state-university-of-new-jersey-usa:fdca984ea659,"Rutgers, The State University of New Jersey",1
resource:R176,Nucleic Acid Knowledge Base (NAKB),SUPPORTS_IDENTIFIER_SCHEME,identifier-scheme:https-www-doi-org:5861c32be6d4,DOI,1
resource:R178,PeptideAtlas,ASSOCIATED_WITH_ICO,nihorganizational-unit:nigms:c3596537d785,NIGMS,1
resource:R178,PeptideAtlas,IDENTIFIED_BY,external-identifier:bmic-row-r178:92b2df21ea2c,bmic_row: R178,1
resource:R178,PeptideAtlas,IDENTIFIED_BY,external-identifier:data-access-url-http-www-peptideatlas-org-builds:7f74020c405d,data_access_url: http://www.peptideatlas.org/builds/,1
resource:R178,PeptideAtlas,IDENTIFIED_BY,external-identifier:data-submission-url-http-www-peptideatlas-org-upload:b2c55c1fba45,data_submission_url: http://www.peptideatlas.org/upload/,1
resource:R178,PeptideAtlas,IDENTIFIED_BY,external-identifier:fairsharing-doi-10-25504-fairsharing-dvyrsz:4faef1e1e1fa,fairsharing_doi: 10.25504/FAIRsharing.dvyrsz,1
resource:R178,PeptideAtlas,IDENTIFIED_BY,external-identifier:re3data-https-www-re3data-org-search-query-peptideatlas:799b816b4b1e,re3data: https://www.re3data.org/search?query=PeptideAtlas,1
resource:R178,PeptideAtlas,IDENTIFIED_BY,external-identifier:rrid-rrid-scr-006783:0fcbd87c7fd3,rrid: RRID:SCR_006783,1
resource:R178,PeptideAtlas,IMPLEMENTS_STANDARD,standard:generic:a9a2542e57ab,generic,1
resource:R178,PeptideAtlas,IMPLEMENTS_STANDARD,standard:https-rdamsc-bath-ac-uk-msc-m36:25f92105a432,Repository-Developed Metadata Schemas,1
resource:R178,PeptideAtlas,IMPLEMENTS_STANDARD,standard:https-spec-openapis-org-oas-latest-html:ddce3578cfaa,OpenAPI Specification,1
resource:R178,PeptideAtlas,SUPPORTS_IDENTIFIER_SCHEME,identifier-scheme:none:a293bcf5747a,none,1
resource:R179,Redfly,ASSOCIATED_WITH_ICO,nihorganizational-unit:nigms:c3596537d785,NIGMS,1
resource:R179,Redfly,IDENTIFIED_BY,external-identifier:bmic-row-r179:4f4eddca49ec,bmic_row: R179,1
resource:R179,Redfly,IDENTIFIED_BY,external-identifier:re3data-https-www-re3data-org-search-query-redfly:b340ad71693e,re3data: https://www.re3data.org/search?query=REDfly,1
resource:R179,Redfly,IDENTIFIED_BY,external-identifier:rrid-rrid-scr-006790:6795236c51bf,rrid: RRID:SCR_006790,1
resource:R179,Redfly,IMPLEMENTS_STANDARD,standard:generic:a9a2542e57ab,generic,1
resource:R179,Redfly,IMPLEMENTS_STANDARD,standard:https-spec-openapis-org-oas-latest-html:ddce3578cfaa,OpenAPI Specification,1
resource:R179,Redfly,IMPLEMENTS_STANDARD,standard:https-www-w3-org-tr-sparql11-query:2d6377d7c0d3,SPARQL 1.1,1
resource:R18,Cancer Epidemiology Descriptive Cohort Database,ASSOCIATED_WITH_ICO,nihorganizational-unit:nci:3e7dc1723049,NCI,1
resource:R18,Cancer Epidemiology Descriptive Cohort Database,IDENTIFIED_BY,external-identifier:bmic-row-b17:2e42fbf2cfd0,bmic_row: B17,1
resource:R18,Cancer Epidemiology Descriptive Cohort Database,IDENTIFIED_BY,external-identifier:csv-id-18:6fce5a1d1627,csv_id: 18,1
resource:R18,Cancer Epidemiology Descriptive Cohort Database,IDENTIFIED_BY,external-identifier:data-access-url-https-cedcd-nci-nih-gov-select:b931de6f56fc,data_access_url: https://cedcd.nci.nih.gov/select,1
resource:R18,Cancer Epidemiology Descriptive Cohort Database,IMPLEMENTS_STANDARD,standard:generic:a9a2542e57ab,generic,1
resource:R18,Cancer Epidemiology Descriptive Cohort Database,IMPLEMENTS_STANDARD,standard:https-spec-openapis-org-oas-latest-html:ddce3578cfaa,OpenAPI Specification,1
resource:R180,Research Resource Identification (RRID),ASSOCIATED_WITH_ICO,nihorganizational-unit:nigms:c3596537d785,NIGMS,1
resource:R180,Research Resource Identification (RRID),IDENTIFIED_BY,external-identifier:bmic-row-b172:f1292a81337d,bmic_row: B172,1
resource:R180,Research Resource Identification (RRID),IDENTIFIED_BY,external-identifier:csv-id-180:97168d7784d1,csv_id: 180,1
resource:R180,Research Resource Identification (RRID),IDENTIFIED_BY,external-identifier:data-access-url-https-rrid-site:860ffc4d7379,data_access_url: https://rrid.site/,1
resource:R180,Research Resource Identification (RRID),IDENTIFIED_BY,external-identifier:data-submission-url-https-rrid-site-about-resource:e7fc54a36e61,data_submission_url: https://rrid.site/about/resource,1
resource:R180,Research Resource Identification (RRID),IDENTIFIED_BY,external-identifier:fairsharing-doi-10-25504-fairsharing-atwszg:29990ad67c62,fairsharing_doi: 10.25504/FAIRsharing.ATwSZG,1
resource:R180,Research Resource Identification (RRID),IMPLEMENTS_STANDARD,standard:generic:a9a2542e57ab,generic,1
resource:R180,Research Resource Identification (RRID),IMPLEMENTS_STANDARD,standard:https-spec-openapis-org-oas-latest-html:ddce3578cfaa,OpenAPI Specification,1
resource:R181,Virtual Nanostructure Simulation (VINAS) Web Portal,ASSOCIATED_WITH_ICO,nihorganizational-unit:nigms:c3596537d785,NIGMS,1
resource:R181,Virtual Nanostructure Simulation (VINAS) Web Portal,IDENTIFIED_BY,external-identifier:bmic-row-b173:249b6a44ac09,bmic_row: B173,1
resource:R181,Virtual Nanostructure Simulation (VINAS) Web Portal,IDENTIFIED_BY,external-identifier:csv-id-181:cb6ec6543b78,csv_id: 181,1
resource:R181,Virtual Nanostructure Simulation (VINAS) Web Portal,IDENTIFIED_BY,external-identifier:data-access-url-https-vinas-toolbox-com-library-home:c847d1c8fc70,data_access_url: https://vinas-toolbox.com/library_home,1
resource:R181,Virtual Nanostructure Simulation (VINAS) Web Portal,IDENTIFIED_BY,external-identifier:data-submission-url-https-vinas-toolbox-com-deposit-data:25fd2f4b27c6,data_submission_url: https://vinas-toolbox.com/deposit_data,1
resource:R181,Virtual Nanostructure Simulation (VINAS) Web Portal,IMPLEMENTS_STANDARD,standard:generic:a9a2542e57ab,generic,1
resource:R181,Virtual Nanostructure Simulation (VINAS) Web Portal,IMPLEMENTS_STANDARD,standard:https-spec-openapis-org-oas-latest-html:ddce3578cfaa,OpenAPI Specification,1
resource:R183,AMP Schizophrenia (SCZ),ASSOCIATED_WITH_ICO,nihorganizational-unit:nimh:e34089bd2ccf,NIMH,1
resource:R183,AMP Schizophrenia (SCZ),IDENTIFIED_BY,external-identifier:bmic-row-b176:eaf43320fbc7,bmic_row: B176,1
resource:R183,AMP Schizophrenia (SCZ),IDENTIFIED_BY,external-identifier:csv-id-183:ee4943e77e71,csv_id: 183,1
resource:R183,AMP Schizophrenia (SCZ),IDENTIFIED_BY,external-identifier:data-access-url-https-www-ampscz-org-scientists-data:7f1d78186775,data_access_url: https://www.ampscz.org/scientists/data/,1
resource:R183,AMP Schizophrenia (SCZ),IMPLEMENTS_STANDARD,standard:generic:a9a2542e57ab,generic,1
resource:R183,AMP Schizophrenia (SCZ),IMPLEMENTS_STANDARD,standard:https-spec-openapis-org-oas-latest-html:ddce3578cfaa,OpenAPI Specification,1
resource:R184,Brain Analysis Library of Spatial maps and Atlases (BALSA),ASSOCIATED_WITH_ICO,nihorganizational-unit:nimh:e34089bd2ccf,NIMH,1
resource:R184,Brain Analysis Library of Spatial maps and Atlases (BALSA),IDENTIFIED_BY,external-identifier:bmic-row-r184:bb03637212ae,bmic_row: R184,1
resource:R184,Brain Analysis Library of Spatial maps and Atlases (BALSA),IDENTIFIED_BY,external-identifier:data-access-url-https-balsa-wustl-edu:b11189520a58,data_access_url: https://balsa.wustl.edu/,1
resource:R184,Brain Analysis Library of Spatial maps and Atlases (BALSA),IDENTIFIED_BY,external-identifier:data-submission-url-https-balsa-wustl-edu-about-submission:65f6a36e0e74,data_submission_url: https://balsa.wustl.edu/about/submission,1
resource:R184,Brain Analysis Library of Spatial maps and Atlases (BALSA),IDENTIFIED_BY,external-identifier:fairsharing-doi-10-25504-fairsharing-11c072:7c0c1965af8b,fairsharing_doi: 10.25504/FAIRsharing.11c072,1
resource:R184,Brain Analysis Library of Spatial maps and Atlases (BALSA),IDENTIFIED_BY,external-identifier:re3data-https-www-re3data-org-search-query-brain-20analysis-20library-20of-20spa:7ebc6436a287,re3data: https://www.re3data.org/search?query=Brain%20Analysis%20Library%20of%20Spatial%20maps%20and%20Atlases,1
resource:R184,Brain Analysis Library of Spatial maps and Atlases (BALSA),IDENTIFIED_BY,external-identifier:rrid-rrid-scr-022960:34f2eb7fb445,rrid: RRID:SCR_022960,1
resource:R184,Brain Analysis Library of Spatial maps and Atlases (BALSA),IMPLEMENTS_STANDARD,standard:generic:a9a2542e57ab,generic,1
resource:R184,Brain Analysis Library of Spatial maps and Atlases (BALSA),IMPLEMENTS_STANDARD,standard:https-rdamsc-bath-ac-uk-msc-m36:25f92105a432,Repository-Developed Metadata Schemas,1
resource:R184,Brain Analysis Library of Spatial maps and Atlases (BALSA),IMPLEMENTS_STANDARD,standard:https-spec-openapis-org-oas-latest-html:ddce3578cfaa,OpenAPI Specification,1
resource:R184,Brain Analysis Library of Spatial maps and Atlases (BALSA),SUPPORTS_IDENTIFIER_SCHEME,identifier-scheme:other:6d45f56afab5,other,1
resource:R185,Brain Image Library,ASSOCIATED_WITH_ICO,nihorganizational-unit:nimh:e34089bd2ccf,NIMH,1
resource:R185,Brain Image Library,EXPOSES_API,apiservice:r185-https-www-brainimagelibrary-org-download-html-ftp:95ce628382e3,FTP service for Brain Image Library,1
resource:R185,Brain Image Library,IDENTIFIED_BY,external-identifier:bmic-row-r185:71fe9ccb06ad,bmic_row: R185,1
resource:R185,Brain Image Library,IDENTIFIED_BY,external-identifier:data-access-url-https-www-brainimagelibrary-org-download-html:658704d16ad3,data_access_url: https://www.brainimagelibrary.org/download.html,1
resource:R185,Brain Image Library,IDENTIFIED_BY,external-identifier:data-submission-url-https-www-brainimagelibrary-org-submission-html:f1237552f428,data_submission_url: https://www.brainimagelibrary.org/submission.html,1
resource:R185,Brain Image Library,IMPLEMENTS_STANDARD,standard:generic:a9a2542e57ab,generic,1
resource:R185,Brain Image Library,IMPLEMENTS_STANDARD,standard:https-rdamsc-bath-ac-uk-msc-m36:25f92105a432,Repository-Developed Metadata Schemas,1
resource:R185,Brain Image Library,IMPLEMENTS_STANDARD,standard:https-spec-openapis-org-oas-latest-html:ddce3578cfaa,OpenAPI Specification,1
resource:R185,Brain Image Library,SUPPORTS_IDENTIFIER_SCHEME,identifier-scheme:https-www-doi-org:5861c32be6d4,DOI,1
resource:R186,BRAIN Initiative - Cell Atlas Network (BICAN),ASSOCIATED_WITH_ICO,nihorganizational-unit:nimh:e34089bd2ccf,NIMH,1
resource:R186,BRAIN Initiative - Cell Atlas Network (BICAN),IDENTIFIED_BY,external-identifier:bmic-row-b179:14f30cbf4516,bmic_row: B179,1
resource:R186,BRAIN Initiative - Cell Atlas Network (BICAN),IDENTIFIED_BY,external-identifier:csv-id-186:3fcdf9824147,csv_id: 186,1
resource:R186,BRAIN Initiative - Cell Atlas Network (BICAN),IDENTIFIED_BY,external-identifier:data-access-url-https-knowledge-brain-map-org-data-limit-50-offset-0-search-2a-s:bd2b11d62956,data_access_url: https://knowledge.brain-map.org/data?limit=50&offset=0&search=%2A&sort=default~ASC,1
resource:R186,BRAIN Initiative - Cell Atlas Network (BICAN),IDENTIFIED_BY,external-identifier:rrid-rrid-scr-022794:384e5910df49,rrid: RRID:SCR_022794,1
resource:R186,BRAIN Initiative - Cell Atlas Network (BICAN),IMPLEMENTS_STANDARD,standard:generic:a9a2542e57ab,generic,1
resource:R186,BRAIN Initiative - Cell Atlas Network (BICAN),IMPLEMENTS_STANDARD,standard:https-spec-openapis-org-oas-latest-html:ddce3578cfaa,OpenAPI Specification,1
resource:R189,Neuroelectromagnetic Data Archive and Tools Resource (NEMAR),ASSOCIATED_WITH_ICO,nihorganizational-unit:nimh:e34089bd2ccf,NIMH,1
resource:R189,Neuroelectromagnetic Data Archive and Tools Resource (NEMAR),EXPOSES_API,apiservice:r189-https-api-nemar-org:3856881c665b,REST service for Neuroelectromagnetic Data Archive and Tools Resource (NEMAR),1
resource:R189,Neuroelectromagnetic Data Archive and Tools Resource (NEMAR),EXPOSES_API,apiservice:r189-https-data-nemar-org:156a52e64c9f,REST service for Neuroelectromagnetic Data Archive and Tools Resource (NEMAR),1
resource:R189,Neuroelectromagnetic Data Archive and Tools Resource (NEMAR),IDENTIFIED_BY,external-identifier:bmic-row-r189:29b8fd1a4e1e,bmic_row: R189,1
resource:R189,Neuroelectromagnetic Data Archive and Tools Resource (NEMAR),IDENTIFIED_BY,external-identifier:data-access-url-https-nemar-org-dataexplorer:c8c209263b30,data_access_url: https://nemar.org/dataexplorer,1
resource:R189,Neuroelectromagnetic Data Archive and Tools Resource (NEMAR),IDENTIFIED_BY,external-identifier:data-submission-url-https-docs-openneuro-org-user-guide-html:9e96a6788817,data_submission_url: https://docs.openneuro.org/user_guide.html,1
resource:R189,Neuroelectromagnetic Data Archive and Tools Resource (NEMAR),IDENTIFIED_BY,external-identifier:fairsharing-doi-10-25504-fairsharing-9e34ec:6dc6506721fd,fairsharing_doi: 10.25504/FAIRsharing.9e34ec,1
resource:R189,Neuroelectromagnetic Data Archive and Tools Resource (NEMAR),IMPLEMENTS_STANDARD,standard:generic:a9a2542e57ab,generic,1
resource:R189,Neuroelectromagnetic Data Archive and Tools Resource (NEMAR),IMPLEMENTS_STANDARD,standard:https-rdamsc-bath-ac-uk-msc-m113:a0ffb1afa853,Brain Imaging Data Structure (BIDS),1
resource:R189,Neuroelectromagnetic Data Archive and Tools Resource (NEMAR),IMPLEMENTS_STANDARD,standard:https-spec-openapis-org-oas-latest-html:ddce3578cfaa,OpenAPI Specification,1
resource:R189,Neuroelectromagnetic Data Archive and Tools Resource (NEMAR),SUPPORTS_IDENTIFIER_SCHEME,identifier-scheme:https-www-doi-org:5861c32be6d4,DOI,1
resource:R19,Cancer Epitope Database and Analysis Resource (CEDAR),ASSOCIATED_WITH_ICO,nihorganizational-unit:nci:3e7dc1723049,NCI,1
resource:R19,Cancer Epitope Database and Analysis Resource (CEDAR),IDENTIFIED_BY,external-identifier:bmic-row-b18:980c92cced2a,bmic_row: B18,1
resource:R19,Cancer Epitope Database and Analysis Resource (CEDAR),IDENTIFIED_BY,external-identifier:csv-id-19:0d5416761101,csv_id: 19,1
resource:R19,Cancer Epitope Database and Analysis Resource (CEDAR),IDENTIFIED_BY,external-identifier:data-access-url-https-cedar-iedb-org:54e78cffa4e9,data_access_url: https://cedar.iedb.org/,1
resource:R19,Cancer Epitope Database and Analysis Resource (CEDAR),IMPLEMENTS_STANDARD,standard:generic:a9a2542e57ab,generic,1
resource:R19,Cancer Epitope Database and Analysis Resource (CEDAR),IMPLEMENTS_STANDARD,standard:https-spec-openapis-org-oas-latest-html:ddce3578cfaa,OpenAPI Specification,1
resource:R190,Neuroscience Multi-omic Archive (NeMO),ASSOCIATED_WITH_ICO,nihorganizational-unit:nimh:e34089bd2ccf,NIMH,1
resource:R190,Neuroscience Multi-omic Archive (NeMO),HAS_ACCESS_SYSTEM,access-system:nda-access-system:81262cf599a5,NDA Access System,1
resource:R190,Neuroscience Multi-omic Archive (NeMO),HAS_POLICY_DESIGNATION,policy-designation:nih-controlled-access-data-repository:fc6f37ee4801,NIH Controlled-Access Data Repository,1
resource:R190,Neuroscience Multi-omic Archive (NeMO),IDENTIFIED_BY,external-identifier:bmic-row-r190:79ccc89252fb,bmic_row: R190,1
resource:R190,Neuroscience Multi-omic Archive (NeMO),IDENTIFIED_BY,external-identifier:data-access-url-https-nemoarchive-org-data:b0b456707616,data_access_url: https://nemoarchive.org/data/,1
resource:R190,Neuroscience Multi-omic Archive (NeMO),IDENTIFIED_BY,external-identifier:fairsharing-doi-10-25504-fairsharing-69dd3c:df10dc8d6e32,fairsharing_doi: 10.25504/FAIRsharing.69dd3c,1
resource:R190,Neuroscience Multi-omic Archive (NeMO),IDENTIFIED_BY,external-identifier:re3data-https-www-re3data-org-search-query-the-20neuroscience-20multi-omic-20arc:52142920a077,re3data: https://www.re3data.org/search?query=The%20Neuroscience%20Multi-omic%20Archive,1
resource:R190,Neuroscience Multi-omic Archive (NeMO),IDENTIFIED_BY,external-identifier:rrid-rrid-scr-016152:3c6b3531fc9c,rrid: RRID:SCR_016152,1
resource:R190,Neuroscience Multi-omic Archive (NeMO),IMPLEMENTS_STANDARD,standard:generic:a9a2542e57ab,generic,1
resource:R190,Neuroscience Multi-omic Archive (NeMO),IMPLEMENTS_STANDARD,standard:https-spec-openapis-org-oas-latest-html:ddce3578cfaa,OpenAPI Specification,1
resource:R191,NeuroVault and NeuroSynth,ASSOCIATED_WITH_ICO,nihorganizational-unit:nimh:e34089bd2ccf,NIMH,1
resource:R191,NeuroVault and NeuroSynth,IDENTIFIED_BY,external-identifier:bmic-row-r191:d0bc114732b2,bmic_row: R191,1
resource:R191,NeuroVault and NeuroSynth,IDENTIFIED_BY,external-identifier:data-access-url-https-neurosynth-org-studies:0ab48e1501fb,data_access_url: https://neurosynth.org/studies/,1
resource:R191,NeuroVault and NeuroSynth,IDENTIFIED_BY,external-identifier:data-submission-url-https-neurovault-org:9ca3843483e6,data_submission_url: https://neurovault.org/,1
resource:R191,NeuroVault and NeuroSynth,IDENTIFIED_BY,external-identifier:rrid-rrid-scr-006798:819e5b02628f,rrid: RRID:SCR_006798,1
resource:R191,NeuroVault and NeuroSynth,IMPLEMENTS_STANDARD,standard:generic:a9a2542e57ab,generic,1
resource:R191,NeuroVault and NeuroSynth,IMPLEMENTS_STANDARD,standard:https-spec-openapis-org-oas-latest-html:ddce3578cfaa,OpenAPI Specification,1
resource:R192,National Neighborhood Data Archive (NaNDA),ASSOCIATED_WITH_ICO,nihorganizational-unit:nimh:e34089bd2ccf,NIMH,1
resource:R192,National Neighborhood Data Archive (NaNDA),ASSOCIATED_WITH_ICO,nihorganizational-unit:nimhd:11a5e40f7b7b,NIMHD,1
resource:R192,National Neighborhood Data Archive (NaNDA),ASSOCIATED_WITH_ICO,nihorganizational-unit:ninr:8d979c6810cf,NINR,1
resource:R192,National Neighborhood Data Archive (NaNDA),ASSOCIATED_WITH_ICO,nihorganizational-unit:od:f97d185e1e26,OD,1
resource:R192,National Neighborhood Data Archive (NaNDA),FUNDED_BY,organization:national-institute-of-nursing-research-usa:780cf64b0ba0,National Institute of Nursing Research,1
resource:R192,National Neighborhood Data Archive (NaNDA),FUNDED_BY,organization:national-institute-on-minority-health-and-health-disparities-usa:7df81aef98bf,National Institute on Minority Health and Health Disparities,1
resource:R192,National Neighborhood Data Archive (NaNDA),FUNDED_BY,organization:national-institutes-of-health-usa:49c1f347e2a5,National Institutes of Health,1
resource:R192,National Neighborhood Data Archive (NaNDA),IDENTIFIED_BY,external-identifier:bmic-row-b185:f5690ad9556b,bmic_row: B185,1
resource:R192,National Neighborhood Data Archive (NaNDA),IDENTIFIED_BY,external-identifier:csv-id-192:4e1a5ed11499,csv_id: 192,1
resource:R192,National Neighborhood Data Archive (NaNDA),IDENTIFIED_BY,external-identifier:data-access-url-https-www-icpsr-umich-edu-sites-icpsr-find-data:5542e3484ffa,data_access_url: https://www.icpsr.umich.edu/sites/icpsr/find-data,1
resource:R192,National Neighborhood Data Archive (NaNDA),IDENTIFIED_BY,external-identifier:data-submission-url-https-www-icpsr-umich-edu-sites-icpsr-manage-data:d682e53ccb97,data_submission_url: https://www.icpsr.umich.edu/sites/icpsr/manage-data,1
resource:R192,National Neighborhood Data Archive (NaNDA),IDENTIFIED_BY,external-identifier:re3data-r3d100014562:34244aced079,re3data: r3d100014562,1
resource:R192,National Neighborhood Data Archive (NaNDA),IDENTIFIED_BY,external-identifier:rrid-rrid-scr-027451:9287bd0dfda9,rrid: RRID:SCR_027451,1
resource:R192,National Neighborhood Data Archive (NaNDA),IMPLEMENTS_STANDARD,standard:generic:a9a2542e57ab,generic,1
resource:R192,National Neighborhood Data Archive (NaNDA),IMPLEMENTS_STANDARD,standard:https-rdamsc-bath-ac-uk-msc-m12:9675aaeab3c1,DCAT 3,1
resource:R192,National Neighborhood Data Archive (NaNDA),IMPLEMENTS_STANDARD,standard:https-rdamsc-bath-ac-uk-msc-m13:e641100b6dfa,DDI (Data Documentation Initiative),1
resource:R192,National Neighborhood Data Archive (NaNDA),IMPLEMENTS_STANDARD,standard:https-rdamsc-bath-ac-uk-msc-m15:886fcef4bcaa,Dublin Core Metadata Terms,1
resource:R192,National Neighborhood Data Archive (NaNDA),IMPLEMENTS_STANDARD,standard:https-spec-openapis-org-oas-latest-html:ddce3578cfaa,OpenAPI Specification,1
resource:R192,National Neighborhood Data Archive (NaNDA),PROVIDED_BY,organization:inter-university-consortium-for-political-and-social-research-usa:6fadf3b1eee8,Inter-university Consortium for Political and Social Research,1
resource:R192,National Neighborhood Data Archive (NaNDA),PROVIDED_BY,organization:university-of-michigan-institute-for-social-research-usa:c1de74699505,"University of Michigan, Institute for Social Research",1
resource:R192,National Neighborhood Data Archive (NaNDA),SUPPORTS_IDENTIFIER_SCHEME,identifier-scheme:https-www-doi-org:5861c32be6d4,DOI,1
resource:R193,Brain Observatory Storage Service &amp; Database (BossDB),ASSOCIATED_WITH_ICO,nihorganizational-unit:nimh:e34089bd2ccf,NIMH,1
resource:R193,Brain Observatory Storage Service &amp; Database (BossDB),ASSOCIATED_WITH_ICO,nihorganizational-unit:ninds:5cfdd7438e69,NINDS,1
resource:R193,Brain Observatory Storage Service &amp; Database (BossDB),IDENTIFIED_BY,external-identifier:bmic-row-b186:fea409e7c01b,bmic_row: B186,1
resource:R193,Brain Observatory Storage Service &amp; Database (BossDB),IDENTIFIED_BY,external-identifier:csv-id-193:d8598cdceb33,csv_id: 193,1
resource:R193,Brain Observatory Storage Service &amp; Database (BossDB),IDENTIFIED_BY,external-identifier:data-access-url-https-bossdb-org-projects:67e2ccc166b1,data_access_url: https://bossdb.org/projects,1
resource:R193,Brain Observatory Storage Service &amp; Database (BossDB),IDENTIFIED_BY,external-identifier:data-submission-url-https-bossdb-org-data-ecosystem:edb1eeecf81b,data_submission_url: https://bossdb.org/data-ecosystem,1
resource:R193,Brain Observatory Storage Service &amp; Database (BossDB),IDENTIFIED_BY,external-identifier:fairsharing-doi-10-25504-fairsharing-980d94:5cb3184691b3,fairsharing_doi: 10.25504/FAIRsharing.980d94,1
resource:R193,Brain Observatory Storage Service &amp; Database (BossDB),IDENTIFIED_BY,external-identifier:re3data-https-www-re3data-org-search-query-brain-20observatory-20storage-20servi:4f860ff5cfa4,re3data: https://www.re3data.org/search?query=Brain%20Observatory%20Storage%20Service,1
resource:R193,Brain Observatory Storage Service &amp; Database (BossDB),IDENTIFIED_BY,external-identifier:rrid-rrid-scr-017273:45a800db43bc,rrid: RRID:SCR_017273,1
resource:R193,Brain Observatory Storage Service &amp; Database (BossDB),IMPLEMENTS_STANDARD,standard:generic:a9a2542e57ab,generic,1
resource:R193,Brain Observatory Storage Service &amp; Database (BossDB),IMPLEMENTS_STANDARD,standard:https-spec-openapis-org-oas-latest-html:ddce3578cfaa,OpenAPI Specification,1
resource:R194,Data Archive for the BRAIN Initiative (DABI),ASSOCIATED_WITH_ICO,nihorganizational-unit:nimh:e34089bd2ccf,NIMH,1
resource:R194,Data Archive for the BRAIN Initiative (DABI),ASSOCIATED_WITH_ICO,nihorganizational-unit:ninds:5cfdd7438e69,NINDS,1
resource:R194,Data Archive for the BRAIN Initiative (DABI),IDENTIFIED_BY,external-identifier:bmic-row-r194:0960090115c5,bmic_row: R194,1
resource:R194,Data Archive for the BRAIN Initiative (DABI),IDENTIFIED_BY,external-identifier:data-access-url-https-dabi-loni-usc-edu-search:dedc523aeab4,data_access_url: https://dabi.loni.usc.edu/search,1
resource:R194,Data Archive for the BRAIN Initiative (DABI),IDENTIFIED_BY,external-identifier:data-submission-url-https-dabi-loni-usc-edu-add-project-application:c0098e85f0b1,data_submission_url: https://dabi.loni.usc.edu/add-project-application,1
resource:R194,Data Archive for the BRAIN Initiative (DABI),IDENTIFIED_BY,external-identifier:fairsharing-doi-10-25504-fairsharing-86b807:37fe432c5207,fairsharing_doi: 10.25504/FAIRsharing.86b807,1
resource:R194,Data Archive for the BRAIN Initiative (DABI),IDENTIFIED_BY,external-identifier:re3data-https-www-re3data-org-search-query-data-20archive-20for-20the-20brain-20:a1a41daf47e9,re3data: https://www.re3data.org/search?query=Data%20Archive%20for%20the%20BRAIN%20Initiative,1
resource:R194,Data Archive for the BRAIN Initiative (DABI),IMPLEMENTS_STANDARD,standard:generic:a9a2542e57ab,generic,1
resource:R194,Data Archive for the BRAIN Initiative (DABI),IMPLEMENTS_STANDARD,standard:https-spec-openapis-org-oas-latest-html:ddce3578cfaa,OpenAPI Specification,1
resource:R195,OpenNeuro,ASSOCIATED_WITH_ICO,nihorganizational-unit:nimh:e34089bd2ccf,NIMH,1
resource:R195,OpenNeuro,ASSOCIATED_WITH_ICO,nihorganizational-unit:ninds:5cfdd7438e69,NINDS,1
resource:R195,OpenNeuro,EXPOSES_API,apiservice:r195-https-openneuro-org-crn-graphql:77f3fc5cd90a,REST service for OpenNeuro,1
resource:R195,OpenNeuro,IDENTIFIED_BY,external-identifier:bmic-row-r195:eced96ec98c5,bmic_row: R195,1
resource:R195,OpenNeuro,IDENTIFIED_BY,external-identifier:data-access-url-https-openneuro-org-search-query-22keywords-22:38a261303f89,data_access_url: https://openneuro.org/search?query={%22keywords%22:[]},1
resource:R195,OpenNeuro,IDENTIFIED_BY,external-identifier:fairsharing-doi-10-25504-fairsharing-s1r9bw:44417176c6be,fairsharing_doi: 10.25504/FAIRsharing.s1r9bw,1
resource:R195,OpenNeuro,IDENTIFIED_BY,external-identifier:re3data-https-www-re3data-org-search-query-openneuro:88a217b7f008,re3data: https://www.re3data.org/search?query=OpenNeuro,1
resource:R195,OpenNeuro,IDENTIFIED_BY,external-identifier:rrid-rrid-scr-005031:a988a269826a,rrid: RRID:SCR_005031,1
resource:R195,OpenNeuro,IMPLEMENTS_STANDARD,standard:generic:a9a2542e57ab,generic,1
resource:R195,OpenNeuro,IMPLEMENTS_STANDARD,standard:https-rdamsc-bath-ac-uk-msc-m113:a0ffb1afa853,Brain Imaging Data Structure (BIDS),1
resource:R195,OpenNeuro,IMPLEMENTS_STANDARD,standard:https-rdamsc-bath-ac-uk-msc-m1:8111ba75bcbe,ABCD (Access to Biological Collection Data),1
resource:R195,OpenNeuro,IMPLEMENTS_STANDARD,standard:https-spec-graphql-org:f96d667c7f20,GraphQL Specification,1
resource:R195,OpenNeuro,IMPLEMENTS_STANDARD,standard:https-spec-openapis-org-oas-latest-html:ddce3578cfaa,OpenAPI Specification,1
resource:R195,OpenNeuro,SUPPORTS_IDENTIFIER_SCHEME,identifier-scheme:https-www-doi-org:5861c32be6d4,DOI,1
resource:R196,SCHARE (NIMHD),ASSOCIATED_WITH_ICO,nihorganizational-unit:nimhd:11a5e40f7b7b,NIMHD,1
resource:R196,SCHARE (NIMHD),IDENTIFIED_BY,external-identifier:bmic-row-b189:16bf26146bfe,bmic_row: B189,1
resource:R196,SCHARE (NIMHD),IDENTIFIED_BY,external-identifier:csv-id-196:d946b1cf3eb5,csv_id: 196,1
resource:R196,SCHARE (NIMHD),IDENTIFIED_BY,external-identifier:data-access-url-https-www-nimhd-nih-gov-resources-schare-schare-platform-compone:cbd555858678,data_access_url: https://www.nimhd.nih.gov/resources/schare/schare-platform-components#anchor1,1
resource:R196,SCHARE (NIMHD),IMPLEMENTS_STANDARD,standard:generic:a9a2542e57ab,generic,1
resource:R196,SCHARE (NIMHD),IMPLEMENTS_STANDARD,standard:https-spec-openapis-org-oas-latest-html:ddce3578cfaa,OpenAPI Specification,1
resource:R196,SCHARE (NIMHD),IMPLEMENTS_STANDARD,standard:https-www-ga4gh-org-product-data-repository-service-drs:ffeeea5aada2,GA4GH Data Repository Service (DRS),1
resource:R198,NINDS Human Cell and Data Repository (NHCDR),ASSOCIATED_WITH_ICO,nihorganizational-unit:ninds:5cfdd7438e69,NINDS,1
resource:R198,NINDS Human Cell and Data Repository (NHCDR),IDENTIFIED_BY,external-identifier:bmic-row-r198:1a5112093b16,bmic_row: R198,1
resource:R198,NINDS Human Cell and Data Repository (NHCDR),IDENTIFIED_BY,external-identifier:fairsharing-doi-10-25504-fairsharing-ef04e9:349c5b75f43f,fairsharing_doi: 10.25504/FAIRsharing.ef04e9,1
resource:R198,NINDS Human Cell and Data Repository (NHCDR),IDENTIFIED_BY,external-identifier:re3data-https-www-re3data-org-search-query-ninds-20human-20cell-20and-20data-20r:a5a6fa80025b,re3data: https://www.re3data.org/search?query=NINDS%20Human%20Cell%20and%20Data%20Repository,1
resource:R198,NINDS Human Cell and Data Repository (NHCDR),IMPLEMENTS_STANDARD,standard:generic:a9a2542e57ab,generic,1
resource:R198,NINDS Human Cell and Data Repository (NHCDR),IMPLEMENTS_STANDARD,standard:https-spec-openapis-org-oas-latest-html:ddce3578cfaa,OpenAPI Specification,1
resource:R199,Parkinson's Disease Biomarker Program,ASSOCIATED_WITH_ICO,nihorganizational-unit:ninds:5cfdd7438e69,NINDS,1
resource:R199,Parkinson's Disease Biomarker Program,HAS_ACCESS_SYSTEM,access-system:pdbp-dmr-access-system:1eb298bdf305,PDBP DMR Access System,1
resource:R199,Parkinson's Disease Biomarker Program,HAS_POLICY_DESIGNATION,policy-designation:nih-controlled-access-data-repository:fc6f37ee4801,NIH Controlled-Access Data Repository,1
resource:R199,Parkinson's Disease Biomarker Program,IDENTIFIED_BY,external-identifier:bmic-row-r199:30549ffce5ff,bmic_row: R199,1
resource:R199,Parkinson's Disease Biomarker Program,IDENTIFIED_BY,external-identifier:data-access-url-https-pdbp-ninds-nih-gov-how-to-guide:c5576fb2f9a5,data_access_url: https://pdbp.ninds.nih.gov/how-to-guide,1
resource:R199,Parkinson's Disease Biomarker Program,IDENTIFIED_BY,external-identifier:data-submission-url-https-pdbp-ninds-nih-gov-how-to-guide:858745de0d89,data_submission_url: https://pdbp.ninds.nih.gov/how-to-guide,1
resource:R199,Parkinson's Disease Biomarker Program,IDENTIFIED_BY,external-identifier:re3data-https-www-re3data-org-search-query-parkinson-c3-a2-e2-82-ac-e2-84-a2s-20:955334e048ed,re3data: https://www.re3data.org/search?query=Parkinson%C3%A2%E2%82%AC%E2%84%A2S%20Disease%20Biomarkers%20Program%20Data%20Management%20Resource,1
resource:R199,Parkinson's Disease Biomarker Program,IMPLEMENTS_STANDARD,standard:generic:a9a2542e57ab,generic,1
resource:R199,Parkinson's Disease Biomarker Program,IMPLEMENTS_STANDARD,standard:https-spec-openapis-org-oas-latest-html:ddce3578cfaa,OpenAPI Specification,1
resource:R20,Cancer Models.org,ASSOCIATED_WITH_ICO,nihorganizational-unit:nci:3e7dc1723049,NCI,1
resource:R20,Cancer Models.org,EXPOSES_API,apiservice:r20-https-documenter-getpostman-com-view-6493399-2s8zdbx1e7:2c30e016e38a,REST service for Cancer Models.org,1
resource:R20,Cancer Models.org,FUNDED_BY,organization:national-cancer-institute-usa:8a5c5587f71f,National Cancer Institute,1
resource:R20,Cancer Models.org,FUNDED_BY,organization:national-institutes-of-health-usa:49c1f347e2a5,National Institutes of Health,1
resource:R20,Cancer Models.org,IDENTIFIED_BY,external-identifier:bmic-row-b19:2be40193776c,bmic_row: B19,1
resource:R20,Cancer Models.org,IDENTIFIED_BY,external-identifier:csv-id-20:87b8a7cb3249,csv_id: 20,1
resource:R20,Cancer Models.org,IDENTIFIED_BY,external-identifier:data-access-url-https-www-cancermodels-org:745855337f6a,data_access_url: https://www.cancermodels.org,1
resource:R20,Cancer Models.org,IDENTIFIED_BY,external-identifier:data-submission-url-https-www-cancermodels-org-submit:ae8e862e7cda,data_submission_url: https://www.cancermodels.org/submit,1
resource:R20,Cancer Models.org,IDENTIFIED_BY,external-identifier:fairsharing-doi-10-25504-fairsharing-738b9c:8e461f160e67,fairsharing_doi: 10.25504/FAIRsharing.738b9c,1
resource:R20,Cancer Models.org,IDENTIFIED_BY,external-identifier:re3data-r3d100012961:f9609fbfcaf4,re3data: r3d100012961,1
resource:R20,Cancer Models.org,IMPLEMENTS_STANDARD,standard:generic:a9a2542e57ab,generic,1
resource:R20,Cancer Models.org,IMPLEMENTS_STANDARD,standard:https-rdamsc-bath-ac-uk-msc-m36:25f92105a432,Repository-Developed Metadata Schemas,1
resource:R20,Cancer Models.org,IMPLEMENTS_STANDARD,standard:https-spec-openapis-org-oas-latest-html:ddce3578cfaa,OpenAPI Specification,1
resource:R20,Cancer Models.org,PROVIDED_BY,organization:european-molecular-biology-laboratory-european-bioinformatics-institute-eec:37ec5fe38bb4,"European Molecular Biology Laboratory, European Bioinformatics Institute",1
resource:R20,Cancer Models.org,PROVIDED_BY,organization:the-jackson-laboratory-usa:82e33c3a280c,The Jackson Laboratory,1
resource:R20,Cancer Models.org,SUPPORTS_IDENTIFIER_SCHEME,identifier-scheme:none:a293bcf5747a,none,1
resource:R201,Open Data Commons - Traumatic Brain Injury (ODC-TBI),ASSOCIATED_WITH_ICO,nihorganizational-unit:ninds:5cfdd7438e69,NINDS,1
resource:R201,Open Data Commons - Traumatic Brain Injury (ODC-TBI),ASSOCIATED_WITH_ICO,nihorganizational-unit:od:f97d185e1e26,OD,1
resource:R201,Open Data Commons - Traumatic Brain Injury (ODC-TBI),IDENTIFIED_BY,external-identifier:bmic-row-r201:8aa1eaa0fb89,bmic_row: R201,1
resource:R201,Open Data Commons - Traumatic Brain Injury (ODC-TBI),IDENTIFIED_BY,external-identifier:data-access-url-https-odc-tbi-org:e885edc028cb,data_access_url: https://odc-tbi.org/,1
resource:R201,Open Data Commons - Traumatic Brain Injury (ODC-TBI),IDENTIFIED_BY,external-identifier:data-submission-url-https-odc-tbi-org:89fee21440a6,data_submission_url: https://odc-tbi.org/,1
resource:R201,Open Data Commons - Traumatic Brain Injury (ODC-TBI),IDENTIFIED_BY,external-identifier:re3data-https-www-re3data-org-search-query-open-20data-20commons-20-20traumatic-:2f50291c049e,re3data: https://www.re3data.org/search?query=Open%20Data%20Commons%20-%20Traumatic%20Brain%20Injury,1
resource:R201,Open Data Commons - Traumatic Brain Injury (ODC-TBI),IMPLEMENTS_STANDARD,standard:generic:a9a2542e57ab,generic,1
resource:R201,Open Data Commons - Traumatic Brain Injury (ODC-TBI),IMPLEMENTS_STANDARD,standard:https-rdamsc-bath-ac-uk-msc-m36:25f92105a432,Repository-Developed Metadata Schemas,1
resource:R201,Open Data Commons - Traumatic Brain Injury (ODC-TBI),IMPLEMENTS_STANDARD,standard:https-spec-openapis-org-oas-latest-html:ddce3578cfaa,OpenAPI Specification,1
resource:R201,Open Data Commons - Traumatic Brain Injury (ODC-TBI),SUPPORTS_IDENTIFIER_SCHEME,identifier-scheme:https-www-doi-org:5861c32be6d4,DOI,1
resource:R202,Open Data Commons for Spinal Cord Injury,ASSOCIATED_WITH_ICO,nihorganizational-unit:ninds:5cfdd7438e69,NINDS,1
resource:R202,Open Data Commons for Spinal Cord Injury,ASSOCIATED_WITH_ICO,nihorganizational-unit:od:f97d185e1e26,OD,1
resource:R202,Open Data Commons for Spinal Cord Injury,IDENTIFIED_BY,external-identifier:bmic-row-r202:baaa867adeae,bmic_row: R202,1
resource:R202,Open Data Commons for Spinal Cord Injury,IDENTIFIED_BY,external-identifier:data-access-url-https-odc-sci-org:910d5b668129,data_access_url: https://odc-sci.org/,1
resource:R202,Open Data Commons for Spinal Cord Injury,IDENTIFIED_BY,external-identifier:data-submission-url-https-odc-sci-org:0e754a958062,data_submission_url: https://odc-sci.org/,1
resource:R202,Open Data Commons for Spinal Cord Injury,IDENTIFIED_BY,external-identifier:re3data-https-www-re3data-org-search-query-open-20data-20commons-20for-20spinal-:0c0085eee614,re3data: https://www.re3data.org/search?query=Open%20Data%20Commons%20for%20Spinal%20Cord%20Injury,1
resource:R202,Open Data Commons for Spinal Cord Injury,IMPLEMENTS_STANDARD,standard:generic:a9a2542e57ab,generic,1
resource:R202,Open Data Commons for Spinal Cord Injury,IMPLEMENTS_STANDARD,standard:https-hl7-org-fhir:24110bbf8f70,HL7 FHIR,1
resource:R202,Open Data Commons for Spinal Cord Injury,IMPLEMENTS_STANDARD,standard:https-rdamsc-bath-ac-uk-msc-m11:f5350646ed04,DataCite Metadata Schema,1
resource:R202,Open Data Commons for Spinal Cord Injury,IMPLEMENTS_STANDARD,standard:https-rdamsc-bath-ac-uk-msc-m36:25f92105a432,Repository-Developed Metadata Schemas,1
resource:R202,Open Data Commons for Spinal Cord Injury,IMPLEMENTS_STANDARD,standard:https-spec-graphql-org:f96d667c7f20,GraphQL Specification,1
resource:R202,Open Data Commons for Spinal Cord Injury,IMPLEMENTS_STANDARD,standard:https-spec-openapis-org-oas-latest-html:ddce3578cfaa,OpenAPI Specification,1
resource:R202,Open Data Commons for Spinal Cord Injury,IMPLEMENTS_STANDARD,standard:rest:f201967f1d34,rest,1
resource:R202,Open Data Commons for Spinal Cord Injury,SUPPORTS_IDENTIFIER_SCHEME,identifier-scheme:https-www-doi-org:5861c32be6d4,DOI,1
resource:R204,ClinicalTrials.gov,ASSOCIATED_WITH_ICO,nihorganizational-unit:nlm:8b1526a4e813,NLM,1
resource:R204,ClinicalTrials.gov,EXPOSES_API,apiservice:r204-https-beta-ut-clinicaltrials-gov-api-oas-v2-html:8f3041a67316,REST service for ClinicalTrials.gov,1
resource:R204,ClinicalTrials.gov,IDENTIFIED_BY,external-identifier:bmic-row-r204:37b214436ce1,bmic_row: R204,1
resource:R204,ClinicalTrials.gov,IDENTIFIED_BY,external-identifier:data-access-url-https-clinicaltrials-gov-data-api-how-download-study-records:002fc58d305e,data_access_url: https://clinicaltrials.gov/data-api/how-download-study-records,1
resource:R204,ClinicalTrials.gov,IDENTIFIED_BY,external-identifier:data-submission-url-https-clinicaltrials-gov-submit-studies-prs-help:192bbff823ad,data_submission_url: https://clinicaltrials.gov/submit-studies/prs-help,1
resource:R204,ClinicalTrials.gov,IDENTIFIED_BY,external-identifier:fairsharing-doi-10-25504-fairsharing-mewhad:0db638103035,fairsharing_doi: 10.25504/FAIRsharing.mewhad,1
resource:R204,ClinicalTrials.gov,IDENTIFIED_BY,external-identifier:re3data-https-www-re3data-org-search-query-clinicaltrials-gov:270f845d2b41,re3data: https://www.re3data.org/search?query=ClinicalTrials.gov,1
resource:R204,ClinicalTrials.gov,IDENTIFIED_BY,external-identifier:rrid-rrid-scr-002309:0d35efeddae1,rrid: RRID:SCR_002309,1
resource:R204,ClinicalTrials.gov,IMPLEMENTS_STANDARD,standard:generic:a9a2542e57ab,generic,1
resource:R204,ClinicalTrials.gov,IMPLEMENTS_STANDARD,standard:https-rdamsc-bath-ac-uk-msc-m15:886fcef4bcaa,Dublin Core Metadata Terms,1
resource:R204,ClinicalTrials.gov,IMPLEMENTS_STANDARD,standard:https-spec-openapis-org-oas-latest-html:ddce3578cfaa,OpenAPI Specification,1
resource:R204,ClinicalTrials.gov,IMPLEMENTS_STANDARD,standard:rest:f201967f1d34,rest,1
resource:R204,ClinicalTrials.gov,SUPPORTS_IDENTIFIER_SCHEME,identifier-scheme:none:a293bcf5747a,none,1
resource:R205,ClinVar,ASSOCIATED_WITH_ICO,nihorganizational-unit:nlm:8b1526a4e813,NLM,1
resource:R205,ClinVar,EXPOSES_API,apiservice:r205-https-ftp-ncbi-nlm-nih-gov-pub-clinvar:b513827c76e2,FTP service for ClinVar,1
resource:R205,ClinVar,EXPOSES_API,apiservice:r205-https-www-ncbi-nlm-nih-gov-clinvar-docs-maintenance-use-api:0b5c4bfd62a0,other service for ClinVar,1
resource:R205,ClinVar,IDENTIFIED_BY,external-identifier:bmic-row-r205:c0cec11b6b36,bmic_row: R205,1
resource:R205,ClinVar,IDENTIFIED_BY,external-identifier:data-access-url-https-www-ncbi-nlm-nih-gov-clinvar-docs-downloads:78186c65b2fb,data_access_url: https://www.ncbi.nlm.nih.gov/clinvar/docs/downloads/,1
resource:R205,ClinVar,IDENTIFIED_BY,external-identifier:data-submission-url-https-www-ncbi-nlm-nih-gov-clinvar-docs-submission-instructi:7ad75ce0a14b,data_submission_url: https://www.ncbi.nlm.nih.gov/clinvar/docs/submission_instructions/,1
resource:R205,ClinVar,IDENTIFIED_BY,external-identifier:fairsharing-doi-10-25504-fairsharing-9kahy4:ad14f029d873,fairsharing_doi: 10.25504/FAIRsharing.9kahy4,1
resource:R205,ClinVar,IDENTIFIED_BY,external-identifier:re3data-https-www-re3data-org-search-query-clinvar:441f0966a9e9,re3data: https://www.re3data.org/search?query=ClinVar,1
resource:R205,ClinVar,IDENTIFIED_BY,external-identifier:rrid-rrid-scr-004690:545581960f69,rrid: RRID:SCR_004690,1
resource:R205,ClinVar,IMPLEMENTS_STANDARD,standard:generic:a9a2542e57ab,generic,1
resource:R205,ClinVar,IMPLEMENTS_STANDARD,standard:https-spec-openapis-org-oas-latest-html:ddce3578cfaa,OpenAPI Specification,1
resource:R205,ClinVar,IMPLEMENTS_STANDARD,standard:https-www-w3-org-tr-sparql11-query:2d6377d7c0d3,SPARQL 1.1,1
resource:R205,ClinVar,SUPPORTS_IDENTIFIER_SCHEME,identifier-scheme:none:a293bcf5747a,none,1
resource:R206,Conserved Domains Database (CDD),ASSOCIATED_WITH_ICO,nihorganizational-unit:nlm:8b1526a4e813,NLM,1
resource:R206,Conserved Domains Database (CDD),EXPOSES_API,apiservice:r206-https-www-ncbi-nlm-nih-gov-structure-cdd-cdd-help-shtml-batchrpsbwebapi:fe0bc8c4c15e,other service for Conserved Domains Database (CDD),1
resource:R206,Conserved Domains Database (CDD),FUNDED_BY,organization:national-institutes-of-health-national-library-of-medicine-usa:ec5cde2d3311,"National Institutes of Health, National Library of Medicine",1
resource:R206,Conserved Domains Database (CDD),IDENTIFIED_BY,external-identifier:bmic-row-b198:4dd52b7fb9c4,bmic_row: B198,1
resource:R206,Conserved Domains Database (CDD),IDENTIFIED_BY,external-identifier:csv-id-206:64ba6487ea00,csv_id: 206,1
resource:R206,Conserved Domains Database (CDD),IDENTIFIED_BY,external-identifier:data-access-url-https-www-ncbi-nlm-nih-gov-cdd:67f04650a630,data_access_url: https://www.ncbi.nlm.nih.gov/cdd,1
resource:R206,Conserved Domains Database (CDD),IDENTIFIED_BY,external-identifier:fairsharing-doi-10-25504-fairsharing-9kahy4:ad14f029d873,fairsharing_doi: 10.25504/FAIRsharing.9kahy4,1
resource:R206,Conserved Domains Database (CDD),IDENTIFIED_BY,external-identifier:re3data-r3d100010653:14a585a00332,re3data: r3d100010653,1
resource:R206,Conserved Domains Database (CDD),IDENTIFIED_BY,external-identifier:rrid-rrid-scr-002077:829a65d0ab38,rrid: RRID:SCR_002077,1
resource:R206,Conserved Domains Database (CDD),IMPLEMENTS_STANDARD,standard:generic:a9a2542e57ab,generic,1
resource:R206,Conserved Domains Database (CDD),IMPLEMENTS_STANDARD,standard:https-spec-openapis-org-oas-latest-html:ddce3578cfaa,OpenAPI Specification,1
resource:R206,Conserved Domains Database (CDD),PROVIDED_BY,organization:national-center-for-biotechnology-information-usa:3769975ad41d,National Center for Biotechnology Information,1
resource:R206,Conserved Domains Database (CDD),SUPPORTS_IDENTIFIER_SCHEME,identifier-scheme:none:a293bcf5747a,none,1
resource:R207,Database for Genotypes and Phenotypes (dbGaP),ASSOCIATED_WITH_ICO,nihorganizational-unit:nlm:8b1526a4e813,NLM,1
resource:R207,Database for Genotypes and Phenotypes (dbGaP),HAS_ACCESS_SYSTEM,access-system:dbgap-access-system:8447ce4e0852,dbGaP Access System,1
resource:R207,Database for Genotypes and Phenotypes (dbGaP),HAS_POLICY_DESIGNATION,policy-designation:nih-controlled-access-data-repository:fc6f37ee4801,NIH Controlled-Access Data Repository,1
resource:R207,Database for Genotypes and Phenotypes (dbGaP),IDENTIFIED_BY,external-identifier:bmic-row-b199:72200612c827,bmic_row: B199,1
resource:R207,Database for Genotypes and Phenotypes (dbGaP),IDENTIFIED_BY,external-identifier:csv-id-207:1e1dca7f009f,csv_id: 207,1
resource:R207,Database for Genotypes and Phenotypes (dbGaP),IDENTIFIED_BY,external-identifier:data-access-url-https-dbgap-ncbi-nlm-nih-gov-aa-wga-cgi-page-login:a50b9b206b78,data_access_url: https://dbgap.ncbi.nlm.nih.gov/aa/wga.cgi?page=login,1
resource:R207,Database for Genotypes and Phenotypes (dbGaP),IDENTIFIED_BY,external-identifier:data-submission-url-https-www-ncbi-nlm-nih-gov-gap-docs-submissionguide:ba9bd5217312,data_submission_url: https://www.ncbi.nlm.nih.gov/gap/docs/submissionguide/,1
resource:R207,Database for Genotypes and Phenotypes (dbGaP),IDENTIFIED_BY,external-identifier:fairsharing-doi-10-25504-fairsharing-88v2k0:8332b0f0c621,fairsharing_doi: 10.25504/FAIRsharing.88v2k0,1
resource:R207,Database for Genotypes and Phenotypes (dbGaP),IDENTIFIED_BY,external-identifier:re3data-https-www-re3data-org-search-query-database-20of-20genotypes-20and-20phe:b18defbeccce,re3data: https://www.re3data.org/search?query=Database%20of%20Genotypes%20and%20Phenotypes,1
resource:R207,Database for Genotypes and Phenotypes (dbGaP),IDENTIFIED_BY,external-identifier:rrid-rrid-scr-002709:66aa3a94b49d,rrid: RRID:SCR_002709,1
resource:R207,Database for Genotypes and Phenotypes (dbGaP),IMPLEMENTS_STANDARD,standard:generic:a9a2542e57ab,generic,1
resource:R207,Database for Genotypes and Phenotypes (dbGaP),IMPLEMENTS_STANDARD,standard:https-spec-openapis-org-oas-latest-html:ddce3578cfaa,OpenAPI Specification,1
resource:R207,Database for Genotypes and Phenotypes (dbGaP),IMPLEMENTS_STANDARD,standard:https-www-w3-org-tr-sparql11-query:2d6377d7c0d3,SPARQL 1.1,1
resource:R207,Database for Genotypes and Phenotypes (dbGaP),REQUIRED_BY_PUBLISHER_POLICY,publisher-policy:nature-portfolio-springer-nature-https-www-nature-com-nature-portfolio-editorial:ebd4592da02b,"Reporting standards and availability of data, materials, code and protocols",1
resource:R207,Database for Genotypes and Phenotypes (dbGaP),SUPPORTS_IDENTIFIER_SCHEME,identifier-scheme:https-www-doi-org:5861c32be6d4,DOI,1
resource:R208,Database of human genomic Structural Variation (dbVar),ASSOCIATED_WITH_ICO,nihorganizational-unit:nlm:8b1526a4e813,NLM,1
resource:R208,Database of human genomic Structural Variation (dbVar),IDENTIFIED_BY,external-identifier:bmic-row-b200:1229c672ae2d,bmic_row: B200,1
resource:R208,Database of human genomic Structural Variation (dbVar),IDENTIFIED_BY,external-identifier:csv-id-208:6b72892564d8,csv_id: 208,1
resource:R208,Database of human genomic Structural Variation (dbVar),IDENTIFIED_BY,external-identifier:data-access-url-https-www-ncbi-nlm-nih-gov-dbvar:63f2cec2de14,data_access_url: https://www.ncbi.nlm.nih.gov/dbvar,1
resource:R208,Database of human genomic Structural Variation (dbVar),IDENTIFIED_BY,external-identifier:data-submission-url-https-www-ncbi-nlm-nih-gov-dbvar-content-submission:a96d86e6ded9,data_submission_url: https://www.ncbi.nlm.nih.gov/dbvar/content/submission/,1
resource:R208,Database of human genomic Structural Variation (dbVar),IDENTIFIED_BY,external-identifier:fairsharing-doi-10-25504-fairsharing-9kahy4:ad14f029d873,fairsharing_doi: 10.25504/FAIRsharing.9kahy4,1
resource:R208,Database of human genomic Structural Variation (dbVar),IDENTIFIED_BY,external-identifier:re3data-https-www-re3data-org-search-query-dbvar:837dea65cb14,re3data: https://www.re3data.org/search?query=dbVar,1
resource:R208,Database of human genomic Structural Variation (dbVar),IDENTIFIED_BY,external-identifier:rrid-rrid-scr-004690:545581960f69,rrid: RRID:SCR_004690,1
resource:R208,Database of human genomic Structural Variation (dbVar),IMPLEMENTS_STANDARD,standard:generic:a9a2542e57ab,generic,1
resource:R208,Database of human genomic Structural Variation (dbVar),IMPLEMENTS_STANDARD,standard:https-spec-openapis-org-oas-latest-html:ddce3578cfaa,OpenAPI Specification,1
resource:R208,Database of human genomic Structural Variation (dbVar),SUPPORTS_IDENTIFIER_SCHEME,identifier-scheme:none:a293bcf5747a,none,1
resource:R209,GenBank,ASSOCIATED_WITH_ICO,nihorganizational-unit:nlm:8b1526a4e813,NLM,1
resource:R209,GenBank,IDENTIFIED_BY,external-identifier:bmic-row-r209:fe5bf7f969bd,bmic_row: R209,1
resource:R209,GenBank,IDENTIFIED_BY,external-identifier:data-access-url-https-www-ncbi-nlm-nih-gov-genbank:82180111bba1,data_access_url: https://www.ncbi.nlm.nih.gov/genbank/,1
resource:R209,GenBank,IDENTIFIED_BY,external-identifier:data-submission-url-https-www-ncbi-nlm-nih-gov-genbank-submit:284e1e9bc28a,data_submission_url: https://www.ncbi.nlm.nih.gov/genbank/submit/,1
resource:R209,GenBank,IDENTIFIED_BY,external-identifier:fairsharing-doi-10-25504-fairsharing-9kahy4:ad14f029d873,fairsharing_doi: 10.25504/FAIRsharing.9kahy4,1
resource:R209,GenBank,IDENTIFIED_BY,external-identifier:re3data-https-www-re3data-org-search-query-genbank:c89bf02293b9,re3data: https://www.re3data.org/search?query=GenBank,1
resource:R209,GenBank,IDENTIFIED_BY,external-identifier:rrid-rrid-scr-004690:545581960f69,rrid: RRID:SCR_004690,1
resource:R209,GenBank,IMPLEMENTS_STANDARD,standard:generic:a9a2542e57ab,generic,1
resource:R209,GenBank,IMPLEMENTS_STANDARD,standard:https-spec-openapis-org-oas-latest-html:ddce3578cfaa,OpenAPI Specification,1
resource:R209,GenBank,MENTIONED_BY_PUBLISHER_POLICY,publisher-policy:bmj-bmj-portfolio-https-authors-bmj-com-policies-data-sharing:d3c798ea5bc9,BMJ Data Sharing Policy,1
resource:R209,GenBank,RECOMMENDED_BY_PUBLISHER_POLICY,publisher-policy:plos-plos-portfolio-https-journals-plos-org-plosone-s-data-availability:58792aebfbae,PLOS ONE Data Availability,1
resource:R209,GenBank,REQUIRED_BY_PUBLISHER_POLICY,publisher-policy:nature-portfolio-springer-nature-https-www-nature-com-nature-portfolio-editorial:ebd4592da02b,"Reporting standards and availability of data, materials, code and protocols",1
resource:R209,GenBank,SUPPORTS_IDENTIFIER_SCHEME,identifier-scheme:none:a293bcf5747a,none,1
resource:R21,Cancer Proteome Atlas,ASSOCIATED_WITH_ICO,nihorganizational-unit:nci:3e7dc1723049,NCI,1
resource:R21,Cancer Proteome Atlas,FUNDED_BY,organization:knut-and-alice-wallenberg-foundation-swe:3e9905ed43d9,Knut and Alice Wallenberg Foundation,1
resource:R21,Cancer Proteome Atlas,IDENTIFIED_BY,external-identifier:bmic-row-b20:7042e794bf5c,bmic_row: B20,1
resource:R21,Cancer Proteome Atlas,IDENTIFIED_BY,external-identifier:csv-id-21:57e324253b5a,csv_id: 21,1
resource:R21,Cancer Proteome Atlas,IDENTIFIED_BY,external-identifier:data-access-url-https-tcpa-drbioright-org-landing:a6166c27e524,data_access_url: https://tcpa.drbioright.org/landing/,1
resource:R21,Cancer Proteome Atlas,IDENTIFIED_BY,external-identifier:fairsharing-doi-10-25504-fairsharing-j0t0pe:5ce7af7a6bcc,fairsharing_doi: 10.25504/FAIRsharing.j0t0pe,1
resource:R21,Cancer Proteome Atlas,IDENTIFIED_BY,external-identifier:re3data-r3d100010931:f2114d48e245,re3data: r3d100010931,1
resource:R21,Cancer Proteome Atlas,IMPLEMENTS_STANDARD,standard:generic:a9a2542e57ab,generic,1
resource:R21,Cancer Proteome Atlas,IMPLEMENTS_STANDARD,standard:https-spec-openapis-org-oas-latest-html:ddce3578cfaa,OpenAPI Specification,1
resource:R21,Cancer Proteome Atlas,PROVIDED_BY,organization:albanova-university-center-swe:d3c04e30abf0,AlbaNova University Center,1
resource:R21,Cancer Proteome Atlas,PROVIDED_BY,organization:royal-institute-of-technology-swe:4b4684fa0b0e,Royal Institute of Technology,1
resource:R21,Cancer Proteome Atlas,PROVIDED_BY,organization:scilifelab-swe:eedc05843018,SciLifeLab,1
resource:R21,Cancer Proteome Atlas,PROVIDED_BY,organization:uppsala-university-rudbeck-laboratory-swe:dc9148c89608,"Uppsala University, Rudbeck Laboratory",1
resource:R21,Cancer Proteome Atlas,SUPPORTS_IDENTIFIER_SCHEME,identifier-scheme:none:a293bcf5747a,none,1
resource:R210,Gene Expression Omnibus (GEO),ASSOCIATED_WITH_ICO,nihorganizational-unit:nlm:8b1526a4e813,NLM,1
resource:R210,Gene Expression Omnibus (GEO),EXPOSES_API,apiservice:r210-https-ftp-ncbi-nlm-nih-gov-geo:1d7ce46a466f,FTP service for Gene Expression Omnibus (GEO),1
resource:R210,Gene Expression Omnibus (GEO),IDENTIFIED_BY,external-identifier:bmic-row-r210:172004c69e7f,bmic_row: R210,1
resource:R210,Gene Expression Omnibus (GEO),IDENTIFIED_BY,external-identifier:data-access-url-https-www-ncbi-nlm-nih-gov-geo-info-faq-html-retrievals:3d3e2e691994,data_access_url: https://www.ncbi.nlm.nih.gov/geo/info/faq.html#retrievals,1
resource:R210,Gene Expression Omnibus (GEO),IDENTIFIED_BY,external-identifier:data-submission-url-https-www-ncbi-nlm-nih-gov-geo-info-submission-html:9ef801ef5148,data_submission_url: https://www.ncbi.nlm.nih.gov/geo/info/submission.html,1
resource:R210,Gene Expression Omnibus (GEO),IDENTIFIED_BY,external-identifier:fairsharing-doi-10-25504-fairsharing-5hc8vt:2cf65655b5ea,fairsharing_doi: 10.25504/FAIRsharing.5hc8vt,1
resource:R210,Gene Expression Omnibus (GEO),IDENTIFIED_BY,external-identifier:re3data-https-www-re3data-org-search-query-gene-20expression-20omnibus:3e948092427a,re3data: https://www.re3data.org/search?query=Gene%20Expression%20Omnibus,1
resource:R210,Gene Expression Omnibus (GEO),IDENTIFIED_BY,external-identifier:rrid-rrid-scr-005012:87f13c1583fc,rrid: RRID:SCR_005012,1
resource:R210,Gene Expression Omnibus (GEO),IMPLEMENTS_STANDARD,standard:generic:a9a2542e57ab,generic,1
resource:R210,Gene Expression Omnibus (GEO),IMPLEMENTS_STANDARD,standard:https-spec-openapis-org-oas-latest-html:ddce3578cfaa,OpenAPI Specification,1
resource:R210,Gene Expression Omnibus (GEO),RECOMMENDED_BY_PUBLISHER_POLICY,publisher-policy:plos-plos-portfolio-https-journals-plos-org-plosone-s-data-availability:58792aebfbae,PLOS ONE Data Availability,1
resource:R210,Gene Expression Omnibus (GEO),REQUIRED_BY_PUBLISHER_POLICY,publisher-policy:nature-portfolio-springer-nature-https-www-nature-com-nature-portfolio-editorial:ebd4592da02b,"Reporting standards and availability of data, materials, code and protocols",1
resource:R210,Gene Expression Omnibus (GEO),REQUIRED_BY_PUBLISHER_POLICY,publisher-policy:nejm-nejm-group-new-england-journal-of-medicine-https-www-nejm-org-about-nejm-ed:7dcae9476877,NEJM Editorial Policies,1
resource:R210,Gene Expression Omnibus (GEO),SUPPORTS_IDENTIFIER_SCHEME,identifier-scheme:none:a293bcf5747a,none,1
resource:R211,Mass Spectrometry Interactive Virtual Environment (MassIVE),ASSOCIATED_WITH_ICO,nihorganizational-unit:nlm:8b1526a4e813,NLM,1
resource:R211,Mass Spectrometry Interactive Virtual Environment (MassIVE),IDENTIFIED_BY,external-identifier:bmic-row-r211:6c2a19c75465,bmic_row: R211,1
resource:R211,Mass Spectrometry Interactive Virtual Environment (MassIVE),IDENTIFIED_BY,external-identifier:data-access-url-https-massive-ucsd-edu-proteosafe-datasets-jsp-7b-22query-22-3a-:cdf5c955ad7e,data_access_url: https://massive.ucsd.edu/ProteoSAFe/datasets.jsp#%7B%22query%22%3A%7B%7D%2C%22table_sort_history%22%3A%22createdMillis_dsc%22%7D,1
resource:R211,Mass Spectrometry Interactive Virtual Environment (MassIVE),IDENTIFIED_BY,external-identifier:data-submission-url-https-ccms-ucsd-github-io-massivedocumentation-submit-data:57c861c12907,data_submission_url: https://ccms-ucsd.github.io/MassIVEDocumentation/#submit_data/,1
resource:R211,Mass Spectrometry Interactive Virtual Environment (MassIVE),IMPLEMENTS_STANDARD,standard:generic:a9a2542e57ab,generic,1
resource:R211,Mass Spectrometry Interactive Virtual Environment (MassIVE),IMPLEMENTS_STANDARD,standard:https-spec-openapis-org-oas-latest-html:ddce3578cfaa,OpenAPI Specification,1
resource:R212,National Database of Antimicrobial Resistant Organisms (NDARO),ASSOCIATED_WITH_ICO,nihorganizational-unit:nlm:8b1526a4e813,NLM,1
resource:R212,National Database of Antimicrobial Resistant Organisms (NDARO),IDENTIFIED_BY,external-identifier:bmic-row-b204:007258acc222,bmic_row: B204,1
resource:R212,National Database of Antimicrobial Resistant Organisms (NDARO),IDENTIFIED_BY,external-identifier:csv-id-212:97833f82063e,csv_id: 212,1
resource:R212,National Database of Antimicrobial Resistant Organisms (NDARO),IDENTIFIED_BY,external-identifier:data-access-url-https-www-ncbi-nlm-nih-gov-pathogens-antimicrobial-resistance-am:a56855e7a6ee,data_access_url: https://www.ncbi.nlm.nih.gov/pathogens/antimicrobial-resistance/AMRFinder/,1
resource:R212,National Database of Antimicrobial Resistant Organisms (NDARO),IDENTIFIED_BY,external-identifier:data-submission-url-https-www-ncbi-nlm-nih-gov-pathogens-submit-data:c4e5f205b61e,data_submission_url: https://www.ncbi.nlm.nih.gov/pathogens/submit-data/,1
resource:R212,National Database of Antimicrobial Resistant Organisms (NDARO),IDENTIFIED_BY,external-identifier:fairsharing-doi-10-25504-fairsharing-9kahy4:ad14f029d873,fairsharing_doi: 10.25504/FAIRsharing.9kahy4,1
resource:R212,National Database of Antimicrobial Resistant Organisms (NDARO),IDENTIFIED_BY,external-identifier:rrid-rrid-scr-004690:545581960f69,rrid: RRID:SCR_004690,1
resource:R212,National Database of Antimicrobial Resistant Organisms (NDARO),IMPLEMENTS_STANDARD,standard:generic:a9a2542e57ab,generic,1
resource:R212,National Database of Antimicrobial Resistant Organisms (NDARO),IMPLEMENTS_STANDARD,standard:https-spec-openapis-org-oas-latest-html:ddce3578cfaa,OpenAPI Specification,1
resource:R214,Genetic Testing Registry (GTR),ASSOCIATED_WITH_ICO,nihorganizational-unit:nlm:8b1526a4e813,NLM,1
resource:R214,Genetic Testing Registry (GTR),IDENTIFIED_BY,external-identifier:bmic-row-b206:d6de4a5295bf,bmic_row: B206,1
resource:R214,Genetic Testing Registry (GTR),IDENTIFIED_BY,external-identifier:csv-id-214:29a9f810b107,csv_id: 214,1
resource:R214,Genetic Testing Registry (GTR),IDENTIFIED_BY,external-identifier:data-access-url-https-www-ncbi-nlm-nih-gov-gtr-all-tests-term-all-sb:911759a86cfc,data_access_url: https://www.ncbi.nlm.nih.gov/gtr/all/tests/?term=all[sb],1
resource:R214,Genetic Testing Registry (GTR),IDENTIFIED_BY,external-identifier:data-submission-url-https-www-ncbi-nlm-nih-gov-gtr-docs-submit:10f64de3dbc2,data_submission_url: https://www.ncbi.nlm.nih.gov/gtr/docs/submit/,1
resource:R214,Genetic Testing Registry (GTR),IDENTIFIED_BY,external-identifier:fairsharing-doi-10-25504-fairsharing-d774bc:17b5e99000eb,fairsharing_doi: 10.25504/FAIRsharing.d774bc,1
resource:R214,Genetic Testing Registry (GTR),IDENTIFIED_BY,external-identifier:re3data-https-www-re3data-org-search-query-nih-20genetic-20testing-20registry:26ce472e4cf7,re3data: https://www.re3data.org/search?query=NIH%20Genetic%20Testing%20Registry,1
resource:R214,Genetic Testing Registry (GTR),IDENTIFIED_BY,external-identifier:rrid-rrid-scr-004690:545581960f69,rrid: RRID:SCR_004690,1
resource:R214,Genetic Testing Registry (GTR),IMPLEMENTS_STANDARD,standard:generic:a9a2542e57ab,generic,1
resource:R214,Genetic Testing Registry (GTR),IMPLEMENTS_STANDARD,standard:https-spec-openapis-org-oas-latest-html:ddce3578cfaa,OpenAPI Specification,1
resource:R216,PubChem,ASSOCIATED_WITH_ICO,nihorganizational-unit:nlm:8b1526a4e813,NLM,1
resource:R216,PubChem,EXPOSES_API,apiservice:r216-https-pubchem-ncbi-nlm-nih-gov-docs-pug-rest:454b99dc82ed,REST service for PubChem,1
resource:R216,PubChem,EXPOSES_API,apiservice:r216-https-pubchemdocs-ncbi-nlm-nih-gov-pug-soap:7c583f5494cc,SOAP service for PubChem,1
resource:R216,PubChem,IDENTIFIED_BY,external-identifier:bmic-row-r216:2613995c60d0,bmic_row: R216,1
resource:R216,PubChem,IDENTIFIED_BY,external-identifier:data-access-url-https-pubchem-ncbi-nlm-nih-gov-docs-downloads:9f06403e16d0,data_access_url: https://pubchem.ncbi.nlm.nih.gov/docs/downloads,1
resource:R216,PubChem,IDENTIFIED_BY,external-identifier:data-submission-url-https-pubchem-ncbi-nlm-nih-gov-upload:591c000f4d26,data_submission_url: https://pubchem.ncbi.nlm.nih.gov/upload/,1
resource:R216,PubChem,IDENTIFIED_BY,external-identifier:re3data-https-www-re3data-org-search-query-pubchem:850e866db54a,re3data: https://www.re3data.org/search?query=PubChem,1
resource:R216,PubChem,IDENTIFIED_BY,external-identifier:rrid-rrid-scr-004284:f8385204705c,rrid: RRID:SCR_004284,1
resource:R216,PubChem,IMPLEMENTS_STANDARD,standard:generic:a9a2542e57ab,generic,1
resource:R216,PubChem,IMPLEMENTS_STANDARD,standard:https-spec-openapis-org-oas-latest-html:ddce3578cfaa,OpenAPI Specification,1
resource:R216,PubChem,SUPPORTS_IDENTIFIER_SCHEME,identifier-scheme:other:6d45f56afab5,other,1
resource:R217,Sequence Read Archive (SRA),ASSOCIATED_WITH_ICO,nihorganizational-unit:nlm:8b1526a4e813,NLM,1
resource:R217,Sequence Read Archive (SRA),IDENTIFIED_BY,external-identifier:bmic-row-r217:511290a259ba,bmic_row: R217,1
resource:R217,Sequence Read Archive (SRA),IDENTIFIED_BY,external-identifier:data-access-url-https-www-ncbi-nlm-nih-gov-sra-docs-sradownload:cb827703ce91,data_access_url: https://www.ncbi.nlm.nih.gov/sra/docs/sradownload/,1
resource:R217,Sequence Read Archive (SRA),IDENTIFIED_BY,external-identifier:data-submission-url-https-www-ncbi-nlm-nih-gov-sra-docs-submit:602d2f1c159a,data_submission_url: https://www.ncbi.nlm.nih.gov/sra/docs/submit/,1
resource:R217,Sequence Read Archive (SRA),IDENTIFIED_BY,external-identifier:fairsharing-doi-10-25504-fairsharing-9kahy4:ad14f029d873,fairsharing_doi: 10.25504/FAIRsharing.9kahy4,1
resource:R217,Sequence Read Archive (SRA),IDENTIFIED_BY,external-identifier:rrid-rrid-scr-004690:545581960f69,rrid: RRID:SCR_004690,1
resource:R217,Sequence Read Archive (SRA),IMPLEMENTS_STANDARD,standard:generic:a9a2542e57ab,generic,1
resource:R217,Sequence Read Archive (SRA),IMPLEMENTS_STANDARD,standard:https-rdamsc-bath-ac-uk-msc-m36:25f92105a432,Repository-Developed Metadata Schemas,1
resource:R217,Sequence Read Archive (SRA),IMPLEMENTS_STANDARD,standard:https-spec-openapis-org-oas-latest-html:ddce3578cfaa,OpenAPI Specification,1
resource:R217,Sequence Read Archive (SRA),REQUIRED_BY_PUBLISHER_POLICY,publisher-policy:nature-portfolio-springer-nature-https-www-nature-com-nature-portfolio-editorial:ebd4592da02b,"Reporting standards and availability of data, materials, code and protocols",1
resource:R217,Sequence Read Archive (SRA),SUPPORTS_IDENTIFIER_SCHEME,identifier-scheme:none:a293bcf5747a,none,1
resource:R218,Single Nucleotide Polymorphism Database (dbSNP),ASSOCIATED_WITH_ICO,nihorganizational-unit:nlm:8b1526a4e813,NLM,1
resource:R218,Single Nucleotide Polymorphism Database (dbSNP),EXPOSES_API,apiservice:r218-https-www-ncbi-nlm-nih-gov-snp-docs-eutils-help:7cf36e417220,other service for Single Nucleotide Polymorphism Database (dbSNP),1
resource:R218,Single Nucleotide Polymorphism Database (dbSNP),IDENTIFIED_BY,external-identifier:bmic-row-b212:426e6857324e,bmic_row: B212,1
resource:R218,Single Nucleotide Polymorphism Database (dbSNP),IDENTIFIED_BY,external-identifier:csv-id-218:5181cc2439b3,csv_id: 218,1
resource:R218,Single Nucleotide Polymorphism Database (dbSNP),IDENTIFIED_BY,external-identifier:data-access-url-https-www-ncbi-nlm-nih-gov-snp-docs-entrez-help:098e357b783d,data_access_url: https://www.ncbi.nlm.nih.gov/snp/docs/entrez_help/,1
resource:R218,Single Nucleotide Polymorphism Database (dbSNP),IDENTIFIED_BY,external-identifier:data-submission-url-https-www-ncbi-nlm-nih-gov-snp-docs-submission-hts-launch-an:c6cd82f663cc,data_submission_url: https://www.ncbi.nlm.nih.gov/snp/docs/submission/hts_launch_and_introductory_material/,1
resource:R218,Single Nucleotide Polymorphism Database (dbSNP),IDENTIFIED_BY,external-identifier:fairsharing-doi-10-25504-fairsharing-edxb58:fda29bdfc499,fairsharing_doi: 10.25504/FAIRsharing.edxb58,1
resource:R218,Single Nucleotide Polymorphism Database (dbSNP),IDENTIFIED_BY,external-identifier:rrid-rrid-scr-004690:545581960f69,rrid: RRID:SCR_004690,1
resource:R218,Single Nucleotide Polymorphism Database (dbSNP),IMPLEMENTS_STANDARD,standard:generic:a9a2542e57ab,generic,1
resource:R218,Single Nucleotide Polymorphism Database (dbSNP),IMPLEMENTS_STANDARD,standard:https-rdamsc-bath-ac-uk-msc-m36:25f92105a432,Repository-Developed Metadata Schemas,1
resource:R218,Single Nucleotide Polymorphism Database (dbSNP),IMPLEMENTS_STANDARD,standard:https-spec-openapis-org-oas-latest-html:ddce3578cfaa,OpenAPI Specification,1
resource:R218,Single Nucleotide Polymorphism Database (dbSNP),SUPPORTS_IDENTIFIER_SCHEME,identifier-scheme:hdl:c3a9abdd4dc5,hdl,1
resource:R22,cBioPortal,ASSOCIATED_WITH_ICO,nihorganizational-unit:nci:3e7dc1723049,NCI,1
resource:R22,cBioPortal,EXPOSES_API,apiservice:r22-https-data-agroportal-eu:4d7ff99b754b,REST service for cBioPortal,1
resource:R22,cBioPortal,EXPOSES_API,apiservice:r22-https-sparql-agroportal-eu-sparql:637ce33d9f3c,SPARQL service for cBioPortal,1
resource:R22,cBioPortal,IDENTIFIED_BY,external-identifier:bmic-row-b21:53788883ae36,bmic_row: B21,1
resource:R22,cBioPortal,IDENTIFIED_BY,external-identifier:csv-id-22:45fb376e0414,csv_id: 22,1
resource:R22,cBioPortal,IDENTIFIED_BY,external-identifier:data-access-url-https-www-cbioportal-org:32fec320ae65,data_access_url: https://www.cbioportal.org/,1
resource:R22,cBioPortal,IDENTIFIED_BY,external-identifier:fairsharing-doi-10-25504-fairsharing-z4xpxx:eac0b34a1d0d,fairsharing_doi: 10.25504/FAIRsharing.z4xpxx,1
resource:R22,cBioPortal,IDENTIFIED_BY,external-identifier:re3data-r3d100014569:008772f90ea3,re3data: r3d100014569,1
resource:R22,cBioPortal,IDENTIFIED_BY,external-identifier:rrid-rrid-scr-014555:3af6674e73c1,rrid: RRID:SCR_014555,1
resource:R22,cBioPortal,IMPLEMENTS_STANDARD,standard:generic:a9a2542e57ab,generic,1
resource:R22,cBioPortal,IMPLEMENTS_STANDARD,standard:https-rdamsc-bath-ac-uk-msc-m12:9675aaeab3c1,DCAT 3,1
resource:R22,cBioPortal,IMPLEMENTS_STANDARD,standard:https-spec-openapis-org-oas-latest-html:ddce3578cfaa,OpenAPI Specification,1
resource:R22,cBioPortal,PROVIDED_BY,organization:national-research-institute-for-agriculture-food-and-environment-fra:76f5b23897f3,"National Research Institute for Agriculture, Food and Environment",1
resource:R22,cBioPortal,PROVIDED_BY,organization:university-of-montpellier-fra:7d692409d5c5,University of Montpellier,1
resource:R220,All of Us,ASSOCIATED_WITH_ICO,nihorganizational-unit:od:f97d185e1e26,OD,1
resource:R220,All of Us,IDENTIFIED_BY,external-identifier:bmic-row-r220:785a39945424,bmic_row: R220,1
resource:R220,All of Us,IDENTIFIED_BY,external-identifier:data-submission-url-https-www-joinallofus-org:3fc64e2e7c81,data_submission_url: https://www.joinallofus.org/,1
resource:R220,All of Us,IDENTIFIED_BY,external-identifier:re3data-https-www-re3data-org-search-query-all-20of-20us:e0a9f7656356,re3data: https://www.re3data.org/search?query=All%20Of%20Us,1
resource:R220,All of Us,IMPLEMENTS_STANDARD,standard:generic:a9a2542e57ab,generic,1
resource:R220,All of Us,IMPLEMENTS_STANDARD,standard:https-spec-openapis-org-oas-latest-html:ddce3578cfaa,OpenAPI Specification,1
resource:R221,Biological General Repository for Interaction Datasets (BioGRID),ASSOCIATED_WITH_ICO,nihorganizational-unit:od:f97d185e1e26,OD,1
resource:R221,Biological General Repository for Interaction Datasets (BioGRID),FUNDED_BY,organization:biotechnology-and-biological-sciences-research-council-gbr:a65b2c63196d,Biotechnology and Biological Sciences Research Council,1
resource:R221,Biological General Repository for Interaction Datasets (BioGRID),FUNDED_BY,organization:canadian-institutes-of-health-research-can:b427a06e8ea1,Canadian Institutes of Health Research,1
resource:R221,Biological General Repository for Interaction Datasets (BioGRID),FUNDED_BY,organization:national-institutes-of-health-usa:49c1f347e2a5,National Institutes of Health,1
resource:R221,Biological General Repository for Interaction Datasets (BioGRID),IDENTIFIED_BY,external-identifier:bmic-row-b214:cf815cf5c758,bmic_row: B214,1
resource:R221,Biological General Repository for Interaction Datasets (BioGRID),IDENTIFIED_BY,external-identifier:csv-id-221:41e8413811d7,csv_id: 221,1
resource:R221,Biological General Repository for Interaction Datasets (BioGRID),IDENTIFIED_BY,external-identifier:data-access-url-https-downloads-thebiogrid-org-biogrid:7f93b01eec16,data_access_url: https://downloads.thebiogrid.org/BioGRID,1
resource:R221,Biological General Repository for Interaction Datasets (BioGRID),IDENTIFIED_BY,external-identifier:data-submission-url-https-wiki-thebiogrid-org-doku-php-contribute:32376e0c996e,data_submission_url: https://wiki.thebiogrid.org/doku.php/contribute,1
resource:R221,Biological General Repository for Interaction Datasets (BioGRID),IDENTIFIED_BY,external-identifier:fairsharing-doi-10-25504-fairsharing-9d5f5r:809e7a9516ef,fairsharing_doi: 10.25504/FAIRsharing.9d5f5r,1
resource:R221,Biological General Repository for Interaction Datasets (BioGRID),IDENTIFIED_BY,external-identifier:re3data-r3d100010350:255d0e973f84,re3data: r3d100010350,1
resource:R221,Biological General Repository for Interaction Datasets (BioGRID),IDENTIFIED_BY,external-identifier:rrid-rrid-scr-007393:063e8ac72ff2,rrid: RRID:SCR_007393,1
resource:R221,Biological General Repository for Interaction Datasets (BioGRID),IMPLEMENTS_STANDARD,standard:generic:a9a2542e57ab,generic,1
resource:R221,Biological General Repository for Interaction Datasets (BioGRID),IMPLEMENTS_STANDARD,standard:https-spec-openapis-org-oas-latest-html:ddce3578cfaa,OpenAPI Specification,1
resource:R221,Biological General Repository for Interaction Datasets (BioGRID),PROVIDED_BY,organization:biogrid-can:35a59e0cb9ac,BioGRID,1
resource:R221,Biological General Repository for Interaction Datasets (BioGRID),PROVIDED_BY,organization:mount-sinai-hospital-samuel-lunenfeld-research-institute-can:06708a97c72c,"Mount Sinai Hospital, Samuel Lunenfeld Research Institute",1
resource:R221,Biological General Repository for Interaction Datasets (BioGRID),PROVIDED_BY,organization:princeton-university-usa:2e700757c1a3,Princeton University,1
resource:R221,Biological General Repository for Interaction Datasets (BioGRID),PROVIDED_BY,organization:the-university-of-edinburgh-gbr:fea0b31b4277,The University of Edinburgh,1
resource:R221,Biological General Repository for Interaction Datasets (BioGRID),PROVIDED_BY,organization:universit-de-montr-al-institute-for-research-in-immunology-and-cancer-can:686f4d868799,"Université de Montréal, Institute for Research in Immunology and Cancer",1
resource:R221,Biological General Repository for Interaction Datasets (BioGRID),SUPPORTS_IDENTIFIER_SCHEME,identifier-scheme:none:a293bcf5747a,none,1
resource:R222,Dark Kinase Knowledge Base,ASSOCIATED_WITH_ICO,nihorganizational-unit:od:f97d185e1e26,OD,1
resource:R222,Dark Kinase Knowledge Base,IDENTIFIED_BY,external-identifier:bmic-row-r222:f2376c507034,bmic_row: R222,1
resource:R222,Dark Kinase Knowledge Base,IDENTIFIED_BY,external-identifier:data-access-url-https-darkkinome-org-data:605dec28b75f,data_access_url: https://darkkinome.org/data,1
resource:R222,Dark Kinase Knowledge Base,IDENTIFIED_BY,external-identifier:fairsharing-doi-10-25504-fairsharing-cff53d:6335e205e430,fairsharing_doi: 10.25504/FAIRsharing.cff53d,1
resource:R222,Dark Kinase Knowledge Base,IMPLEMENTS_STANDARD,standard:generic:a9a2542e57ab,generic,1
resource:R222,Dark Kinase Knowledge Base,IMPLEMENTS_STANDARD,standard:https-spec-openapis-org-oas-latest-html:ddce3578cfaa,OpenAPI Specification,1
resource:R222,Dark Kinase Knowledge Base,IMPLEMENTS_STANDARD,standard:https-www-w3-org-tr-sparql11-query:2d6377d7c0d3,SPARQL 1.1,1
resource:R223,Genotype-Tissue Expression (GTEx),ASSOCIATED_WITH_ICO,nihorganizational-unit:nhgri:efad3a63729a,NHGRI,1
resource:R223,Genotype-Tissue Expression (GTEx),IDENTIFIED_BY,external-identifier:bmic-row-b61:360c198cdf6f,bmic_row: B61,1
resource:R223,Genotype-Tissue Expression (GTEx),IDENTIFIED_BY,external-identifier:csv-id-223:1e54c1dc45f2,csv_id: 223,1
resource:R223,Genotype-Tissue Expression (GTEx),IDENTIFIED_BY,external-identifier:data-access-url-https-gtexportal-org-home-datasets:7f82bae2d45f,data_access_url: https://gtexportal.org/home/datasets,1
resource:R223,Genotype-Tissue Expression (GTEx),IDENTIFIED_BY,external-identifier:fairsharing-doi-10-25504-fairsharing-293c15:c25140c428c8,fairsharing_doi: 10.25504/FAIRsharing.293c15,1
resource:R223,Genotype-Tissue Expression (GTEx),IDENTIFIED_BY,external-identifier:re3data-https-www-re3data-org-search-query-gtex:c20291e65c78,re3data: https://www.re3data.org/search?query=GTEx,1
resource:R223,Genotype-Tissue Expression (GTEx),IMPLEMENTS_STANDARD,standard:generic:a9a2542e57ab,generic,1
resource:R223,Genotype-Tissue Expression (GTEx),IMPLEMENTS_STANDARD,standard:https-spec-openapis-org-oas-latest-html:ddce3578cfaa,OpenAPI Specification,1
resource:R224,HuBMAP Data Portal,ASSOCIATED_WITH_ICO,nihorganizational-unit:od:f97d185e1e26,OD,1
resource:R224,HuBMAP Data Portal,EXPOSES_API,apiservice:r224-documentation-https-software-docs-hubmapconsortium-org-apis:07dae7d5fdab,HuBMAP APIs,1
resource:R224,HuBMAP Data Portal,EXPOSES_API,apiservice:r224-documentation-https-software-docs-hubmapconsortium-org-technical:967c2ef94494,HuBMAP Technical Documentation,1
resource:R224,HuBMAP Data Portal,IDENTIFIED_BY,external-identifier:bmic-row-r224:506e2f08bf30,bmic_row: R224,1
resource:R224,HuBMAP Data Portal,IDENTIFIED_BY,external-identifier:data-access-url-https-portal-hubmapconsortium-org:d6d0538e1294,data_access_url: https://portal.hubmapconsortium.org/,1
resource:R224,HuBMAP Data Portal,IDENTIFIED_BY,external-identifier:fairsharing-doi-10-25504-fairsharing-2fe38c:ebeb497f1acc,fairsharing_doi: 10.25504/FAIRsharing.2fe38c,1
resource:R224,HuBMAP Data Portal,IDENTIFIED_BY,external-identifier:re3data-https-www-re3data-org-search-query-hubmap-20data-20portal:19a85baa17ea,re3data: https://www.re3data.org/search?query=HuBMAP%20Data%20Portal,1
resource:R224,HuBMAP Data Portal,IMPLEMENTS_STANDARD,standard:generic:a9a2542e57ab,generic,1
resource:R224,HuBMAP Data Portal,IMPLEMENTS_STANDARD,standard:https-hl7-org-fhir:24110bbf8f70,HL7 FHIR,1
resource:R224,HuBMAP Data Portal,IMPLEMENTS_STANDARD,standard:https-spec-graphql-org:f96d667c7f20,GraphQL Specification,1
resource:R224,HuBMAP Data Portal,IMPLEMENTS_STANDARD,standard:https-spec-openapis-org-oas-latest-html:ddce3578cfaa,OpenAPI Specification,1
resource:R224,HuBMAP Data Portal,IMPLEMENTS_STANDARD,standard:https-www-w3-org-tr-sparql11-query:2d6377d7c0d3,SPARQL 1.1,1
resource:R224,HuBMAP Data Portal,IMPLEMENTS_STANDARD,standard:rest:f201967f1d34,rest,1
resource:R226,INCLUDE Data Hub,ASSOCIATED_WITH_ICO,nihorganizational-unit:od:f97d185e1e26,OD,1
resource:R226,INCLUDE Data Hub,HAS_ACCESS_SYSTEM,access-system:dbgap-access-system:8447ce4e0852,dbGaP Access System,1
resource:R226,INCLUDE Data Hub,HAS_POLICY_DESIGNATION,policy-designation:nih-controlled-access-data-repository:fc6f37ee4801,NIH Controlled-Access Data Repository,1
resource:R226,INCLUDE Data Hub,IDENTIFIED_BY,external-identifier:bmic-row-r226:fe336e9d0bbf,bmic_row: R226,1
resource:R226,INCLUDE Data Hub,IDENTIFIED_BY,external-identifier:data-access-url-https-help-includedcc-org-docs-quick-start-guide:2dd0186c8623,data_access_url: https://help.includedcc.org/docs/quick-start-guide,1
resource:R226,INCLUDE Data Hub,IDENTIFIED_BY,external-identifier:fairsharing-doi-10-25504-fairsharing-0ced67:a25ed8fbeb19,fairsharing_doi: 10.25504/FAIRsharing.0ced67,1
resource:R226,INCLUDE Data Hub,IMPLEMENTS_STANDARD,standard:generic:a9a2542e57ab,generic,1
resource:R226,INCLUDE Data Hub,IMPLEMENTS_STANDARD,standard:https-hl7-org-fhir:24110bbf8f70,HL7 FHIR,1
resource:R226,INCLUDE Data Hub,IMPLEMENTS_STANDARD,standard:https-spec-graphql-org:f96d667c7f20,GraphQL Specification,1
resource:R226,INCLUDE Data Hub,IMPLEMENTS_STANDARD,standard:https-spec-openapis-org-oas-latest-html:ddce3578cfaa,OpenAPI Specification,1
resource:R226,INCLUDE Data Hub,IMPLEMENTS_STANDARD,standard:https-www-ga4gh-org-product-data-repository-service-drs:ffeeea5aada2,GA4GH Data Repository Service (DRS),1
resource:R226,INCLUDE Data Hub,IMPLEMENTS_STANDARD,standard:rest:f201967f1d34,rest,1
resource:R227,JAX Cre Repository,ASSOCIATED_WITH_ICO,nihorganizational-unit:od:f97d185e1e26,OD,1
resource:R227,JAX Cre Repository,IDENTIFIED_BY,external-identifier:bmic-row-b218:4b385c26986c,bmic_row: B218,1
resource:R227,JAX Cre Repository,IDENTIFIED_BY,external-identifier:csv-id-227:f737b4600e78,csv_id: 227,1
resource:R227,JAX Cre Repository,IDENTIFIED_BY,external-identifier:data-access-url-https-www-creportal-org:7f4edc035804,data_access_url: https://www.creportal.org/,1
resource:R227,JAX Cre Repository,IDENTIFIED_BY,external-identifier:rrid-rrid-scr-005566:e672e17509c6,rrid: RRID:SCR_005566,1
resource:R227,JAX Cre Repository,IMPLEMENTS_STANDARD,standard:generic:a9a2542e57ab,generic,1
resource:R227,JAX Cre Repository,IMPLEMENTS_STANDARD,standard:https-spec-openapis-org-oas-latest-html:ddce3578cfaa,OpenAPI Specification,1
resource:R228,Kids First Data Resource Center,ASSOCIATED_WITH_ICO,nihorganizational-unit:od:f97d185e1e26,OD,1
resource:R228,Kids First Data Resource Center,HAS_ACCESS_SYSTEM,access-system:dbgap-access-system:8447ce4e0852,dbGaP Access System,1
resource:R228,Kids First Data Resource Center,HAS_POLICY_DESIGNATION,policy-designation:nih-controlled-access-data-repository:fc6f37ee4801,NIH Controlled-Access Data Repository,1
resource:R228,Kids First Data Resource Center,IDENTIFIED_BY,external-identifier:bmic-row-b219:e9d929a9f061,bmic_row: B219,1
resource:R228,Kids First Data Resource Center,IDENTIFIED_BY,external-identifier:csv-id-228:dc0fa6df94d7,csv_id: 228,1
resource:R228,Kids First Data Resource Center,IDENTIFIED_BY,external-identifier:data-access-url-https-portal-kidsfirstdrc-org-public-studies:b918604037db,data_access_url: https://portal.kidsfirstdrc.org/public-studies,1
resource:R228,Kids First Data Resource Center,IDENTIFIED_BY,external-identifier:fairsharing-doi-10-25504-fairsharing-d7e1f7:a59912debe98,fairsharing_doi: 10.25504/FAIRsharing.d7e1f7,1
resource:R228,Kids First Data Resource Center,IDENTIFIED_BY,external-identifier:re3data-https-www-re3data-org-search-query-kids-20first-20data-20resource:f644963cd00a,re3data: https://www.re3data.org/search?query=Kids%20First%20Data%20Resource,1
resource:R228,Kids First Data Resource Center,IDENTIFIED_BY,external-identifier:rrid-rrid-scr-016493:f54f8f2d93ff,rrid: RRID:SCR_016493,1
resource:R228,Kids First Data Resource Center,IMPLEMENTS_STANDARD,standard:generic:a9a2542e57ab,generic,1
resource:R228,Kids First Data Resource Center,IMPLEMENTS_STANDARD,standard:https-spec-openapis-org-oas-latest-html:ddce3578cfaa,OpenAPI Specification,1
resource:R228,Kids First Data Resource Center,IMPLEMENTS_STANDARD,standard:https-www-ga4gh-org-product-data-repository-service-drs:ffeeea5aada2,GA4GH Data Repository Service (DRS),1
resource:R229,LONI Database,ASSOCIATED_WITH_ICO,nihorganizational-unit:od:f97d185e1e26,OD,1
resource:R229,LONI Database,FUNDED_BY,organization:alzheimer-s-disease-neuroimaging-initiative-usa:10180434f8b7,Alzheimer's Disease Neuroimaging Initiative,1
resource:R229,LONI Database,FUNDED_BY,organization:michael-j-fox-foundation-for-parkinson-s-research-parkinson-s-progression-marker:8795de3b730e,"Michael J. Fox Foundation for Parkinson's Research, Parkinson's Progression Markers Initiative",1
resource:R229,LONI Database,FUNDED_BY,organization:national-institutes-of-health-usa:49c1f347e2a5,National Institutes of Health,1
resource:R229,LONI Database,IDENTIFIED_BY,external-identifier:bmic-row-b220:33481ff14190,bmic_row: B220,1
resource:R229,LONI Database,IDENTIFIED_BY,external-identifier:csv-id-229:c3056df17ff8,csv_id: 229,1
resource:R229,LONI Database,IDENTIFIED_BY,external-identifier:data-access-url-https-ida-loni-usc-edu-services-menu-pdf-ida-user-manual-pdf:d1516e445f11,data_access_url: https://ida.loni.usc.edu/services/Menu/PDF/IDA_User_Manual.pdf,1
resource:R229,LONI Database,IDENTIFIED_BY,external-identifier:data-submission-url-https-ida-loni-usc-edu-services-menu-pdf-ida-user-manual-pdf:b65324e50f14,data_submission_url: https://ida.loni.usc.edu/services/Menu/PDF/IDA_User_Manual.pdf,1
resource:R229,LONI Database,IDENTIFIED_BY,external-identifier:fairsharing-doi-10-25504-fairsharing-r4ph5f:33a0a90490db,fairsharing_doi: 10.25504/FAIRsharing.r4ph5f,1
resource:R229,LONI Database,IDENTIFIED_BY,external-identifier:re3data-r3d100012840:d13d8f1ec64e,re3data: r3d100012840,1
resource:R229,LONI Database,IMPLEMENTS_STANDARD,standard:generic:a9a2542e57ab,generic,1
resource:R229,LONI Database,IMPLEMENTS_STANDARD,standard:https-rdamsc-bath-ac-uk-msc-m36:25f92105a432,Repository-Developed Metadata Schemas,1
resource:R229,LONI Database,IMPLEMENTS_STANDARD,standard:https-spec-openapis-org-oas-latest-html:ddce3578cfaa,OpenAPI Specification,1
resource:R229,LONI Database,PROVIDED_BY,organization:university-of-southern-california-keck-school-of-medicine-usc-mark-and-mary-stev:798056582a4d,"University of Southern California, Keck School of Medicine, USC Mark and Mary Stevens Neuroimaging and Informatics Institute, Laboratory of Neuro Imaging",1
resource:R229,LONI Database,SUPPORTS_IDENTIFIER_SCHEME,identifier-scheme:https-arks-org:0005e53c002f,ARK,1
resource:R23,CCDI Molecular Targets Platform (MTP),ASSOCIATED_WITH_ICO,nihorganizational-unit:nci:3e7dc1723049,NCI,1
resource:R23,CCDI Molecular Targets Platform (MTP),IDENTIFIED_BY,external-identifier:bmic-row-r23:c8c93c6dc06c,bmic_row: R23,1
resource:R23,CCDI Molecular Targets Platform (MTP),IDENTIFIED_BY,external-identifier:data-access-url-https-moleculartargets-ccdi-cancer-gov:dde96aa3b168,data_access_url: https://moleculartargets.ccdi.cancer.gov,1
resource:R23,CCDI Molecular Targets Platform (MTP),IDENTIFIED_BY,external-identifier:fairsharing-doi-10-25504-fairsharing-696237:de4d3d270f21,fairsharing_doi: 10.25504/FAIRsharing.696237,1
resource:R23,CCDI Molecular Targets Platform (MTP),IDENTIFIED_BY,external-identifier:re3data-https-www-re3data-org-search-query-ccdi-20molecular-20targets-20platform:541d1fd99424,re3data: https://www.re3data.org/search?query=CCDI%20Molecular%20Targets%20Platform,1
resource:R23,CCDI Molecular Targets Platform (MTP),IMPLEMENTS_STANDARD,standard:generic:a9a2542e57ab,generic,1
resource:R23,CCDI Molecular Targets Platform (MTP),IMPLEMENTS_STANDARD,standard:https-spec-openapis-org-oas-latest-html:ddce3578cfaa,OpenAPI Specification,1
resource:R230,Monarch Initiative,ASSOCIATED_WITH_ICO,nihorganizational-unit:od:f97d185e1e26,OD,1
resource:R230,Monarch Initiative,EXPOSES_API,apiservice:r230-https-api-monarchinitiative-org-api:d3626ad1af38,other service for Monarch Initiative,1
resource:R230,Monarch Initiative,IDENTIFIED_BY,external-identifier:bmic-row-r230:3ce0959e4e5a,bmic_row: R230,1
resource:R230,Monarch Initiative,IDENTIFIED_BY,external-identifier:data-access-url-https-monarchinitiative-org-kg-downloads:54bd5de8e41b,data_access_url: https://monarchinitiative.org/kg/downloads,1
resource:R230,Monarch Initiative,IDENTIFIED_BY,external-identifier:fairsharing-doi-10-25504-fairsharing-2c5132:ab390e891f8e,fairsharing_doi: 10.25504/FAIRsharing.2c5132,1
resource:R230,Monarch Initiative,IDENTIFIED_BY,external-identifier:re3data-https-www-re3data-org-search-query-monarch-20initiative:e4823a3fbdf5,re3data: https://www.re3data.org/search?query=Monarch%20Initiative,1
resource:R230,Monarch Initiative,IMPLEMENTS_STANDARD,standard:generic:a9a2542e57ab,generic,1
resource:R230,Monarch Initiative,IMPLEMENTS_STANDARD,standard:https-spec-openapis-org-oas-latest-html:ddce3578cfaa,OpenAPI Specification,1
resource:R230,Monarch Initiative,IMPLEMENTS_STANDARD,standard:https-www-w3-org-tr-sparql11-query:2d6377d7c0d3,SPARQL 1.1,1
resource:R230,Monarch Initiative,SUPPORTS_IDENTIFIER_SCHEME,identifier-scheme:none:a293bcf5747a,none,1
resource:R231,MoTrPAC Data Hub,ASSOCIATED_WITH_ICO,nihorganizational-unit:od:f97d185e1e26,OD,1
resource:R231,MoTrPAC Data Hub,IDENTIFIED_BY,external-identifier:bmic-row-r231:4aa1c836c79f,bmic_row: R231,1
resource:R231,MoTrPAC Data Hub,IDENTIFIED_BY,external-identifier:data-access-url-https-motrpac-data-org-data-download:493bca310c4b,data_access_url: https://motrpac-data.org/data-download,1
resource:R231,MoTrPAC Data Hub,IDENTIFIED_BY,external-identifier:fairsharing-doi-10-25504-fairsharing-b5db6a:29f415ea259b,fairsharing_doi: 10.25504/FAIRsharing.b5db6a,1
resource:R231,MoTrPAC Data Hub,IDENTIFIED_BY,external-identifier:re3data-https-www-re3data-org-search-query-motrpac-20data-20hub:a5788c868d08,re3data: https://www.re3data.org/search?query=MoTrPAC%20Data%20Hub,1
resource:R231,MoTrPAC Data Hub,IMPLEMENTS_STANDARD,standard:generic:a9a2542e57ab,generic,1
resource:R231,MoTrPAC Data Hub,IMPLEMENTS_STANDARD,standard:https-hl7-org-fhir:24110bbf8f70,HL7 FHIR,1
resource:R231,MoTrPAC Data Hub,IMPLEMENTS_STANDARD,standard:https-spec-graphql-org:f96d667c7f20,GraphQL Specification,1
resource:R231,MoTrPAC Data Hub,IMPLEMENTS_STANDARD,standard:https-spec-openapis-org-oas-latest-html:ddce3578cfaa,OpenAPI Specification,1
resource:R231,MoTrPAC Data Hub,IMPLEMENTS_STANDARD,standard:rest:f201967f1d34,rest,1
resource:R232,Nutrition Science Data and Biospecimen Resources Portal,ASSOCIATED_WITH_ICO,nihorganizational-unit:onr:e8bc4f1e035d,ONR,1
resource:R232,Nutrition Science Data and Biospecimen Resources Portal,IDENTIFIED_BY,external-identifier:bmic-row-r232:24c472a72693,bmic_row: R232,1
resource:R232,Nutrition Science Data and Biospecimen Resources Portal,IDENTIFIED_BY,external-identifier:re3data-https-www-re3data-org-search-query-nutrition-20science-20data-20and-20bi:281066ca8fac,re3data: https://www.re3data.org/search?query=Nutrition%20Science%20Data%20and%20Biospecimen%20Resources%20Portal,1
resource:R232,Nutrition Science Data and Biospecimen Resources Portal,IMPLEMENTS_STANDARD,standard:generic:a9a2542e57ab,generic,1
resource:R232,Nutrition Science Data and Biospecimen Resources Portal,IMPLEMENTS_STANDARD,standard:https-hl7-org-fhir:24110bbf8f70,HL7 FHIR,1
resource:R232,Nutrition Science Data and Biospecimen Resources Portal,IMPLEMENTS_STANDARD,standard:https-spec-graphql-org:f96d667c7f20,GraphQL Specification,1
resource:R232,Nutrition Science Data and Biospecimen Resources Portal,IMPLEMENTS_STANDARD,standard:https-spec-openapis-org-oas-latest-html:ddce3578cfaa,OpenAPI Specification,1
resource:R232,Nutrition Science Data and Biospecimen Resources Portal,IMPLEMENTS_STANDARD,standard:rest:f201967f1d34,rest,1
resource:R24,Childhood Cancer Clinical Data Commons (C3DC),ASSOCIATED_WITH_ICO,nihorganizational-unit:nci:3e7dc1723049,NCI,1
resource:R24,Childhood Cancer Clinical Data Commons (C3DC),IDENTIFIED_BY,external-identifier:bmic-row-r24:5a7bd02539f7,bmic_row: R24,1
resource:R24,Childhood Cancer Clinical Data Commons (C3DC),IDENTIFIED_BY,external-identifier:data-access-url-https-clinicalcommons-ccdi-cancer-gov:33729de9bb65,data_access_url: https://clinicalcommons.ccdi.cancer.gov,1
resource:R24,Childhood Cancer Clinical Data Commons (C3DC),IDENTIFIED_BY,external-identifier:fairsharing-doi-10-25504-fairsharing-0f6668:d909d1314081,fairsharing_doi: 10.25504/FAIRsharing.0f6668,1
resource:R24,Childhood Cancer Clinical Data Commons (C3DC),IDENTIFIED_BY,external-identifier:re3data-https-www-re3data-org-search-query-childhood-20cancer-20clinical-20data-:c9100611406a,re3data: https://www.re3data.org/search?query=Childhood%20Cancer%20Clinical%20Data%20Commons,1
resource:R24,Childhood Cancer Clinical Data Commons (C3DC),IMPLEMENTS_STANDARD,standard:generic:a9a2542e57ab,generic,1
resource:R24,Childhood Cancer Clinical Data Commons (C3DC),IMPLEMENTS_STANDARD,standard:https-spec-openapis-org-oas-latest-html:ddce3578cfaa,OpenAPI Specification,1
resource:R25,Clinical and Translational Data Commons (CTDC),ASSOCIATED_WITH_ICO,nihorganizational-unit:nci:3e7dc1723049,NCI,1
resource:R25,Clinical and Translational Data Commons (CTDC),HAS_ACCESS_SYSTEM,access-system:dbgap-access-system:8447ce4e0852,dbGaP Access System,1
resource:R25,Clinical and Translational Data Commons (CTDC),HAS_POLICY_DESIGNATION,policy-designation:nih-controlled-access-data-repository:fc6f37ee4801,NIH Controlled-Access Data Repository,1
resource:R25,Clinical and Translational Data Commons (CTDC),IDENTIFIED_BY,external-identifier:bmic-row-b24:e8abd069ec8b,bmic_row: B24,1
resource:R25,Clinical and Translational Data Commons (CTDC),IDENTIFIED_BY,external-identifier:csv-id-25:cd695ce785ad,csv_id: 25,1
resource:R25,Clinical and Translational Data Commons (CTDC),IDENTIFIED_BY,external-identifier:data-access-url-https-clinical-datacommons-cancer-gov-explore:02d658486472,data_access_url: https://clinical.datacommons.cancer.gov/#/explore,1
resource:R25,Clinical and Translational Data Commons (CTDC),IDENTIFIED_BY,external-identifier:data-submission-url-https-hub-datacommons-cancer-gov:270da3ecf7ba,data_submission_url: https://hub.datacommons.cancer.gov/,1
resource:R25,Clinical and Translational Data Commons (CTDC),IMPLEMENTS_STANDARD,standard:generic:a9a2542e57ab,generic,1
resource:R25,Clinical and Translational Data Commons (CTDC),IMPLEMENTS_STANDARD,standard:https-spec-openapis-org-oas-latest-html:ddce3578cfaa,OpenAPI Specification,1
resource:R26,Clinical Interpretation of Variants in Cancer (CIViC),ASSOCIATED_WITH_ICO,nihorganizational-unit:nci:3e7dc1723049,NCI,1
resource:R26,Clinical Interpretation of Variants in Cancer (CIViC),EXPOSES_API,apiservice:r26-documentation-https-griffithlab-github-io-civic-v2:346e713d6305,API documentation,1
resource:R26,Clinical Interpretation of Variants in Cancer (CIViC),IDENTIFIED_BY,external-identifier:bmic-row-b25:88048fd2ab2b,bmic_row: B25,1
resource:R26,Clinical Interpretation of Variants in Cancer (CIViC),IDENTIFIED_BY,external-identifier:csv-id-26:1b5db0b4169d,csv_id: 26,1
resource:R26,Clinical Interpretation of Variants in Cancer (CIViC),IDENTIFIED_BY,external-identifier:data-access-url-https-civicdb-org-releases-main:ca6cace185c3,data_access_url: https://civicdb.org/releases/main,1
resource:R26,Clinical Interpretation of Variants in Cancer (CIViC),IDENTIFIED_BY,external-identifier:fairsharing-doi-10-25504-fairsharing-yedluf:c7426566e4ba,fairsharing_doi: 10.25504/FAIRsharing.Yedluf,1
resource:R26,Clinical Interpretation of Variants in Cancer (CIViC),IDENTIFIED_BY,external-identifier:rrid-rrid-scr-028055:e86ebbb005c8,rrid: RRID:SCR_028055,1
resource:R26,Clinical Interpretation of Variants in Cancer (CIViC),IMPLEMENTS_STANDARD,standard:generic:a9a2542e57ab,generic,1
resource:R26,Clinical Interpretation of Variants in Cancer (CIViC),IMPLEMENTS_STANDARD,standard:https-spec-openapis-org-oas-latest-html:ddce3578cfaa,OpenAPI Specification,1
resource:R26,Clinical Interpretation of Variants in Cancer (CIViC),IMPLEMENTS_STANDARD,standard:https-www-w3-org-tr-sparql11-query:2d6377d7c0d3,SPARQL 1.1,1
resource:R27,General Commons (GC),ASSOCIATED_WITH_ICO,nihorganizational-unit:nci:3e7dc1723049,NCI,1
resource:R27,General Commons (GC),EXPOSES_API,apiservice:r27-https-developers-arcgis-com-rest-services-reference-enterprise-query-feature:75c3175da959,REST service for General Commons (GC),1
resource:R27,General Commons (GC),EXPOSES_API,apiservice:r27-https-geoiq-gitbook-io-api-docs:55b77b2e41ab,REST service for General Commons (GC),1
resource:R27,General Commons (GC),FUNDED_BY,organization:the-huffington-post-gbr:8a4268a5a670,The Huffington Post,1
resource:R27,General Commons (GC),FUNDED_BY,organization:the-world-bank-usa:f21a9143c413,The World Bank,1
resource:R27,General Commons (GC),FUNDED_BY,organization:united-nations-environment-programme-ken:ef3b55796920,United Nations Environment Programme,1
resource:R27,General Commons (GC),IDENTIFIED_BY,external-identifier:bmic-row-b26:410242d302d5,bmic_row: B26,1
resource:R27,General Commons (GC),IDENTIFIED_BY,external-identifier:csv-id-27:43bbb8c00017,csv_id: 27,1
resource:R27,General Commons (GC),IDENTIFIED_BY,external-identifier:data-access-url-https-general-datacommons-cancer-gov:0013cbe50b36,data_access_url: https://general.datacommons.cancer.gov/#/,1
resource:R27,General Commons (GC),IDENTIFIED_BY,external-identifier:data-submission-url-https-hub-datacommons-cancer-gov:270da3ecf7ba,data_submission_url: https://hub.datacommons.cancer.gov/,1
resource:R27,General Commons (GC),IDENTIFIED_BY,external-identifier:fairsharing-doi-10-25504-fairsharing-c9a17f:f007a73c293c,fairsharing_doi: 10.25504/FAIRsharing.c9a17f,1
resource:R27,General Commons (GC),IDENTIFIED_BY,external-identifier:re3data-r3d100010073:78aab1a62403,re3data: r3d100010073,1
resource:R27,General Commons (GC),IMPLEMENTS_STANDARD,standard:generic:a9a2542e57ab,generic,1
resource:R27,General Commons (GC),IMPLEMENTS_STANDARD,standard:https-rdamsc-bath-ac-uk-msc-m17:fc2fec1a722e,FGDC/CSDGM (Federal Geographic Data Committee Content Standard for Digital Geospatial Metadata),1
resource:R27,General Commons (GC),IMPLEMENTS_STANDARD,standard:https-rdamsc-bath-ac-uk-msc-m22:c32a949ee8b7,ISO 19115,1
resource:R27,General Commons (GC),IMPLEMENTS_STANDARD,standard:https-spec-openapis-org-oas-latest-html:ddce3578cfaa,OpenAPI Specification,1
resource:R27,General Commons (GC),SUPPORTS_IDENTIFIER_SCHEME,identifier-scheme:none:a293bcf5747a,none,1
resource:R28,Genomic Data Commons (GDC),ASSOCIATED_WITH_ICO,nihorganizational-unit:nci:3e7dc1723049,NCI,1
resource:R28,Genomic Data Commons (GDC),EXPOSES_API,apiservice:r28-https-docs-gdc-cancer-gov-data-transfer-tool-users-guide-getting-started:ad4e970aef67,other service for Genomic Data Commons (GDC),1
resource:R28,Genomic Data Commons (GDC),EXPOSES_API,apiservice:r28-https-gdc-cancer-gov-developers-gdc-application-programming-interface-api:4019cd8bba23,REST service for Genomic Data Commons (GDC),1
resource:R28,Genomic Data Commons (GDC),HAS_ACCESS_SYSTEM,access-system:dbgap-access-system:8447ce4e0852,dbGaP Access System,1
resource:R28,Genomic Data Commons (GDC),HAS_POLICY_DESIGNATION,policy-designation:nih-controlled-access-data-repository:fc6f37ee4801,NIH Controlled-Access Data Repository,1
resource:R28,Genomic Data Commons (GDC),IDENTIFIED_BY,external-identifier:bmic-row-r28:8aadb6c093e9,bmic_row: R28,1
resource:R28,Genomic Data Commons (GDC),IDENTIFIED_BY,external-identifier:data-access-url-https-gdc-cancer-gov-submit-data-data-submission-policies:d9835b511815,data_access_url: https://gdc.cancer.gov/submit-data/data-submission-policies,1
resource:R28,Genomic Data Commons (GDC),IDENTIFIED_BY,external-identifier:data-submission-url-https-gdc-cancer-gov-submit-data-gdc-data-submission-portal:89725a52f99b,data_submission_url: https://gdc.cancer.gov/submit-data/gdc-data-submission-portal,1
resource:R28,Genomic Data Commons (GDC),IDENTIFIED_BY,external-identifier:re3data-https-www-re3data-org-search-query-genomic-20data-20commons:9cdef68e8c37,re3data: https://www.re3data.org/search?query=Genomic%20Data%20Commons,1
resource:R28,Genomic Data Commons (GDC),IMPLEMENTS_STANDARD,standard:generic:a9a2542e57ab,generic,1
resource:R28,Genomic Data Commons (GDC),IMPLEMENTS_STANDARD,standard:https-spec-openapis-org-oas-latest-html:ddce3578cfaa,OpenAPI Specification,1
resource:R29,HCMI Searchable Catalog,ASSOCIATED_WITH_ICO,nihorganizational-unit:nci:3e7dc1723049,NCI,1
resource:R29,HCMI Searchable Catalog,IDENTIFIED_BY,external-identifier:bmic-row-r29:2923c4841e57,bmic_row: R29,1
resource:R29,HCMI Searchable Catalog,IDENTIFIED_BY,external-identifier:data-access-url-https-ocg-cancer-gov-data-data-access:c14d785b25f9,data_access_url: https://ocg.cancer.gov/data/data-access,1
resource:R29,HCMI Searchable Catalog,IDENTIFIED_BY,external-identifier:fairsharing-doi-10-25504-fairsharing-33ed30:b2cd708683f1,fairsharing_doi: 10.25504/FAIRsharing.33ed30,1
resource:R29,HCMI Searchable Catalog,IDENTIFIED_BY,external-identifier:re3data-https-www-re3data-org-search-query-hcmi-20searchable-20catalog:b066a7827552,re3data: https://www.re3data.org/search?query=HCMI%20Searchable%20Catalog,1
resource:R29,HCMI Searchable Catalog,IMPLEMENTS_STANDARD,standard:generic:a9a2542e57ab,generic,1
resource:R29,HCMI Searchable Catalog,IMPLEMENTS_STANDARD,standard:https-spec-openapis-org-oas-latest-html:ddce3578cfaa,OpenAPI Specification,1
resource:R30,HemOnc Wiki,ASSOCIATED_WITH_ICO,nihorganizational-unit:nci:3e7dc1723049,NCI,1
resource:R30,HemOnc Wiki,IDENTIFIED_BY,external-identifier:bmic-row-b29:4cf955ac3d78,bmic_row: B29,1
resource:R30,HemOnc Wiki,IDENTIFIED_BY,external-identifier:csv-id-30:4f5ec79d3eb3,csv_id: 30,1
resource:R30,HemOnc Wiki,IDENTIFIED_BY,external-identifier:data-access-url-https-hemonc-org-wiki-main-page:2972857507aa,data_access_url: https://hemonc.org/wiki/Main_Page,1
resource:R30,HemOnc Wiki,IMPLEMENTS_STANDARD,standard:generic:a9a2542e57ab,generic,1
resource:R30,HemOnc Wiki,IMPLEMENTS_STANDARD,standard:https-spec-openapis-org-oas-latest-html:ddce3578cfaa,OpenAPI Specification,1
resource:R31,Imaging Data Commons (IDC),ASSOCIATED_WITH_ICO,nihorganizational-unit:nci:3e7dc1723049,NCI,1
resource:R31,Imaging Data Commons (IDC),IDENTIFIED_BY,external-identifier:bmic-row-r31:578940bbd11f,bmic_row: R31,1
resource:R31,Imaging Data Commons (IDC),IDENTIFIED_BY,external-identifier:data-access-url-https-portal-imaging-datacommons-cancer-gov-about:5566a736669a,data_access_url: https://portal.imaging.datacommons.cancer.gov/about/,1
resource:R31,Imaging Data Commons (IDC),IDENTIFIED_BY,external-identifier:data-submission-url-https-portal-imaging-datacommons-cancer-gov-about:229e1c14f98e,data_submission_url: https://portal.imaging.datacommons.cancer.gov/about/,1
resource:R31,Imaging Data Commons (IDC),IDENTIFIED_BY,external-identifier:re3data-https-www-re3data-org-search-query-imaging-20data-20commons:cb4f302c5782,re3data: https://www.re3data.org/search?query=Imaging%20Data%20Commons,1
resource:R31,Imaging Data Commons (IDC),IMPLEMENTS_STANDARD,standard:generic:a9a2542e57ab,generic,1
resource:R31,Imaging Data Commons (IDC),IMPLEMENTS_STANDARD,standard:https-spec-openapis-org-oas-latest-html:ddce3578cfaa,OpenAPI Specification,1
resource:R32,Integrated Canine Data Commons (ICDC),ASSOCIATED_WITH_ICO,nihorganizational-unit:nci:3e7dc1723049,NCI,1
resource:R32,Integrated Canine Data Commons (ICDC),EXPOSES_API,apiservice:r32-https-icdc-cen-uni-hamburg-de-thredds-catalog-html:e3997581fcf2,OpenDAP service for Integrated Canine Data Commons (ICDC),1
resource:R32,Integrated Canine Data Commons (ICDC),IDENTIFIED_BY,external-identifier:bmic-row-r32:9e93d807ccbe,bmic_row: R32,1
resource:R32,Integrated Canine Data Commons (ICDC),IDENTIFIED_BY,external-identifier:data-access-url-https-caninecommons-cancer-gov-icdc-data-model:514d3b957a4a,data_access_url: https://caninecommons.cancer.gov/#/icdc-data-model,1
resource:R32,Integrated Canine Data Commons (ICDC),IDENTIFIED_BY,external-identifier:data-submission-url-https-caninecommons-cancer-gov-submit:154e55306f37,data_submission_url: https://caninecommons.cancer.gov/#/submit,1
resource:R32,Integrated Canine Data Commons (ICDC),IDENTIFIED_BY,external-identifier:fairsharing-doi-10-25504-fairsharing-119f16:b9ddace21be1,fairsharing_doi: 10.25504/FAIRsharing.119f16,1
resource:R32,Integrated Canine Data Commons (ICDC),IDENTIFIED_BY,external-identifier:re3data-https-www-re3data-org-search-query-integrated-20canine-20data-20commons:edab2f4073da,re3data: https://www.re3data.org/search?query=Integrated%20Canine%20Data%20Commons,1
resource:R32,Integrated Canine Data Commons (ICDC),IMPLEMENTS_STANDARD,standard:generic:a9a2542e57ab,generic,1
resource:R32,Integrated Canine Data Commons (ICDC),IMPLEMENTS_STANDARD,standard:https-rdamsc-bath-ac-uk-msc-m22:c32a949ee8b7,ISO 19115,1
resource:R32,Integrated Canine Data Commons (ICDC),IMPLEMENTS_STANDARD,standard:https-rdamsc-bath-ac-uk-msc-m36:25f92105a432,Repository-Developed Metadata Schemas,1
resource:R32,Integrated Canine Data Commons (ICDC),IMPLEMENTS_STANDARD,standard:https-spec-openapis-org-oas-latest-html:ddce3578cfaa,OpenAPI Specification,1
resource:R33,International Skin Imaging Collaboration,ASSOCIATED_WITH_ICO,nihorganizational-unit:nci:3e7dc1723049,NCI,1
resource:R33,International Skin Imaging Collaboration,IDENTIFIED_BY,external-identifier:bmic-row-b32:48b64f49f09c,bmic_row: B32,1
resource:R33,International Skin Imaging Collaboration,IDENTIFIED_BY,external-identifier:csv-id-33:e1eb6ee19d5e,csv_id: 33,1
resource:R33,International Skin Imaging Collaboration,IDENTIFIED_BY,external-identifier:data-access-url-https-www-isic-archive-com:a18a34502562,data_access_url: https://www.isic-archive.com,1
resource:R33,International Skin Imaging Collaboration,IDENTIFIED_BY,external-identifier:data-submission-url-https-www-isic-archive-com-contribute:507984dc1902,data_submission_url: https://www.isic-archive.com/contribute,1
resource:R33,International Skin Imaging Collaboration,IMPLEMENTS_STANDARD,standard:generic:a9a2542e57ab,generic,1
resource:R33,International Skin Imaging Collaboration,IMPLEMENTS_STANDARD,standard:https-spec-openapis-org-oas-latest-html:ddce3578cfaa,OpenAPI Specification,1
resource:R34,Molecular Signatures Database (MSigDB),ASSOCIATED_WITH_ICO,nihorganizational-unit:nci:3e7dc1723049,NCI,1
resource:R34,Molecular Signatures Database (MSigDB),IDENTIFIED_BY,external-identifier:bmic-row-b33:6eb0c3d1687d,bmic_row: B33,1
resource:R34,Molecular Signatures Database (MSigDB),IDENTIFIED_BY,external-identifier:csv-id-34:85c5fde8b1c5,csv_id: 34,1
resource:R34,Molecular Signatures Database (MSigDB),IDENTIFIED_BY,external-identifier:data-access-url-https-www-gsea-msigdb-org-gsea-msigdb:eed3a2f460d9,data_access_url: https://www.gsea-msigdb.org/gsea/msigdb,1
resource:R34,Molecular Signatures Database (MSigDB),IDENTIFIED_BY,external-identifier:rrid-rrid-scr-016863:4603b7ecf401,rrid: RRID:SCR_016863,1
resource:R34,Molecular Signatures Database (MSigDB),IMPLEMENTS_STANDARD,standard:generic:a9a2542e57ab,generic,1
resource:R34,Molecular Signatures Database (MSigDB),IMPLEMENTS_STANDARD,standard:https-spec-openapis-org-oas-latest-html:ddce3578cfaa,OpenAPI Specification,1
resource:R35,Mouse Models of Human Cancer Database,ASSOCIATED_WITH_ICO,nihorganizational-unit:nci:3e7dc1723049,NCI,1
resource:R35,Mouse Models of Human Cancer Database,EXPOSES_API,apiservice:r35-https-www-informatics-jax-org-batch-data-shtml:d1b9a636a23c,FTP service for Mouse Models of Human Cancer Database,1
resource:R35,Mouse Models of Human Cancer Database,FUNDED_BY,organization:nartional-instiutes-of-health-national-cancer-institute-usa:6e3bdbc18379,"Nartional Instiutes of Health, National Cancer Institute",1
resource:R35,Mouse Models of Human Cancer Database,IDENTIFIED_BY,external-identifier:bmic-row-b34:edf2d97787ff,bmic_row: B34,1
resource:R35,Mouse Models of Human Cancer Database,IDENTIFIED_BY,external-identifier:csv-id-35:235cd3d62d88,csv_id: 35,1
resource:R35,Mouse Models of Human Cancer Database,IDENTIFIED_BY,external-identifier:data-access-url-https-tumor-informatics-jax-org-mtbwi-index-do:32b8dd5540b9,data_access_url: https://tumor.informatics.jax.org/mtbwi/index.do,1
resource:R35,Mouse Models of Human Cancer Database,IDENTIFIED_BY,external-identifier:fairsharing-doi-10-25504-fairsharing-2c9d3c:f9a89c1da45b,fairsharing_doi: 10.25504/FAIRsharing.2c9d3c,1
resource:R35,Mouse Models of Human Cancer Database,IDENTIFIED_BY,external-identifier:re3data-r3d100011907:921f6d9d15cf,re3data: r3d100011907,1
resource:R35,Mouse Models of Human Cancer Database,IMPLEMENTS_STANDARD,standard:generic:a9a2542e57ab,generic,1
resource:R35,Mouse Models of Human Cancer Database,IMPLEMENTS_STANDARD,standard:https-spec-openapis-org-oas-latest-html:ddce3578cfaa,OpenAPI Specification,1
resource:R35,Mouse Models of Human Cancer Database,PROVIDED_BY,organization:jackson-laboratory-mouse-genome-informatics-usa:a46ef0738c51,"Jackson Laboratory, Mouse Genome Informatics",1
resource:R35,Mouse Models of Human Cancer Database,SUPPORTS_IDENTIFIER_SCHEME,identifier-scheme:none:a293bcf5747a,none,1
resource:R36,National Childhood Cancer Registry (NCCR) Data Platform,ASSOCIATED_WITH_ICO,nihorganizational-unit:nci:3e7dc1723049,NCI,1
resource:R36,National Childhood Cancer Registry (NCCR) Data Platform,HAS_ACCESS_SYSTEM,access-system:nccr-data-platform-access-system:4a15a107790a,NCCR Data Platform Access System,1
resource:R36,National Childhood Cancer Registry (NCCR) Data Platform,HAS_POLICY_DESIGNATION,policy-designation:nih-controlled-access-data-repository:fc6f37ee4801,NIH Controlled-Access Data Repository,1
resource:R36,National Childhood Cancer Registry (NCCR) Data Platform,IDENTIFIED_BY,external-identifier:bmic-row-b35:3828880e6fde,bmic_row: B35,1
resource:R36,National Childhood Cancer Registry (NCCR) Data Platform,IDENTIFIED_BY,external-identifier:csv-id-36:ef54e697d2d6,csv_id: 36,1
resource:R36,National Childhood Cancer Registry (NCCR) Data Platform,IDENTIFIED_BY,external-identifier:data-access-url-https-nccrdataplatform-ccdi-cancer-gov-home:a3b95d281da2,data_access_url: https://nccrdataplatform.ccdi.cancer.gov/home,1
resource:R36,National Childhood Cancer Registry (NCCR) Data Platform,IDENTIFIED_BY,external-identifier:rrid-rrid-scr-027444:dfac40c3fc31,rrid: RRID:SCR_027444,1
resource:R36,National Childhood Cancer Registry (NCCR) Data Platform,IMPLEMENTS_STANDARD,standard:generic:a9a2542e57ab,generic,1
resource:R36,National Childhood Cancer Registry (NCCR) Data Platform,IMPLEMENTS_STANDARD,standard:https-spec-openapis-org-oas-latest-html:ddce3578cfaa,OpenAPI Specification,1
resource:R37,Protein Family Models,ASSOCIATED_WITH_ICO,nihorganizational-unit:nlm:8b1526a4e813,NLM,1
resource:R37,Protein Family Models,IDENTIFIED_BY,external-identifier:bmic-row-b208:5d1f16d21f10,bmic_row: B208,1
resource:R37,Protein Family Models,IDENTIFIED_BY,external-identifier:csv-id-37:f3827b3615b4,csv_id: 37,1
resource:R37,Protein Family Models,IDENTIFIED_BY,external-identifier:data-access-url-https-www-ncbi-nlm-nih-gov-structure-protfam-data-access-html:73fd2b1065cb,data_access_url: https://www.ncbi.nlm.nih.gov/Structure/protfam/data_access.html,1
resource:R37,Protein Family Models,IDENTIFIED_BY,external-identifier:fairsharing-doi-10-25504-fairsharing-9kahy4:ad14f029d873,fairsharing_doi: 10.25504/FAIRsharing.9kahy4,1
resource:R37,Protein Family Models,IDENTIFIED_BY,external-identifier:rrid-rrid-scr-004690:545581960f69,rrid: RRID:SCR_004690,1
resource:R37,Protein Family Models,IMPLEMENTS_STANDARD,standard:generic:a9a2542e57ab,generic,1
resource:R37,Protein Family Models,IMPLEMENTS_STANDARD,standard:https-spec-openapis-org-oas-latest-html:ddce3578cfaa,OpenAPI Specification,1
resource:R38,Proteomic Data Commons (PDC),ASSOCIATED_WITH_ICO,nihorganizational-unit:nci:3e7dc1723049,NCI,1
resource:R38,Proteomic Data Commons (PDC),FUNDED_BY,organization:government-of-canada-northern-contaminants-program-can:8ee0cd8d6c24,"Government of Canada, Northern Contaminants Program",1
resource:R38,Proteomic Data Commons (PDC),FUNDED_BY,organization:nunavut-general-monitoring-plan-can:737cfaf0df47,Nunavut General Monitoring Plan,1
resource:R38,Proteomic Data Commons (PDC),FUNDED_BY,organization:polar-knowledge-canada-can:1186d81fe762,Polar Knowledge Canada,1
resource:R38,Proteomic Data Commons (PDC),IDENTIFIED_BY,external-identifier:bmic-row-b36:d430b50dd6c1,bmic_row: B36,1
resource:R38,Proteomic Data Commons (PDC),IDENTIFIED_BY,external-identifier:csv-id-38:6bc1b7d746fd,csv_id: 38,1
resource:R38,Proteomic Data Commons (PDC),IDENTIFIED_BY,external-identifier:data-access-url-https-pdc-cancer-gov-pdc-submit-data:f368cf0277dd,data_access_url: https://pdc.cancer.gov/pdc/submit-data,1
resource:R38,Proteomic Data Commons (PDC),IDENTIFIED_BY,external-identifier:data-submission-url-https-pdc-cancer-gov-pdc-submit-data:1a36c866f556,data_submission_url: https://pdc.cancer.gov/pdc/submit-data,1
resource:R38,Proteomic Data Commons (PDC),IDENTIFIED_BY,external-identifier:fairsharing-doi-10-25504-fairsharing-kxzfjt:b46ce4fd93f9,fairsharing_doi: 10.25504/FAIRsharing.kXzfjt,1
resource:R38,Proteomic Data Commons (PDC),IDENTIFIED_BY,external-identifier:re3data-r3d100010953:3ea4fb109e8d,re3data: r3d100010953,1
resource:R38,Proteomic Data Commons (PDC),IDENTIFIED_BY,external-identifier:rrid-rrid-scr-018273:030d3a8b57b4,rrid: RRID:SCR_018273,1
resource:R38,Proteomic Data Commons (PDC),IMPLEMENTS_STANDARD,standard:generic:a9a2542e57ab,generic,1
resource:R38,Proteomic Data Commons (PDC),IMPLEMENTS_STANDARD,standard:https-rdamsc-bath-ac-uk-msc-m11:f5350646ed04,DataCite Metadata Schema,1
resource:R38,Proteomic Data Commons (PDC),IMPLEMENTS_STANDARD,standard:https-rdamsc-bath-ac-uk-msc-m17:fc2fec1a722e,FGDC/CSDGM (Federal Geographic Data Committee Content Standard for Digital Geospatial Metadata),1
resource:R38,Proteomic Data Commons (PDC),IMPLEMENTS_STANDARD,standard:https-rdamsc-bath-ac-uk-msc-m22:c32a949ee8b7,ISO 19115,1
resource:R38,Proteomic Data Commons (PDC),IMPLEMENTS_STANDARD,standard:https-spec-graphql-org:f96d667c7f20,GraphQL Specification,1
resource:R38,Proteomic Data Commons (PDC),IMPLEMENTS_STANDARD,standard:https-spec-openapis-org-oas-latest-html:ddce3578cfaa,OpenAPI Specification,1
resource:R38,Proteomic Data Commons (PDC),PROVIDED_BY,organization:arcticnet-can:6ed719f7aa49,ArcticNet,1
resource:R38,Proteomic Data Commons (PDC),PROVIDED_BY,organization:canadian-cryospheric-information-network-can:da412d7c6599,Canadian Cryospheric Information Network,1
resource:R38,Proteomic Data Commons (PDC),SUPPORTS_IDENTIFIER_SCHEME,identifier-scheme:https-www-doi-org:5861c32be6d4,DOI,1
resource:R39,SEER Specialized Databases,ASSOCIATED_WITH_ICO,nihorganizational-unit:nci:3e7dc1723049,NCI,1
resource:R39,SEER Specialized Databases,EXPOSES_API,apiservice:r39-https-seer-cancer-gov-registrars-api:9d8a2fac7e20,REST service for SEER Specialized Databases,1
resource:R39,SEER Specialized Databases,HAS_ACCESS_SYSTEM,access-system:seer-incidence-data-access-system:fedaac45bc64,SEER - Incidence Data Access System,1
resource:R39,SEER Specialized Databases,HAS_POLICY_DESIGNATION,policy-designation:nih-controlled-access-data-repository:fc6f37ee4801,NIH Controlled-Access Data Repository,1
resource:R39,SEER Specialized Databases,IDENTIFIED_BY,external-identifier:bmic-row-b37:9ec95b120e60,bmic_row: B37,1
resource:R39,SEER Specialized Databases,IDENTIFIED_BY,external-identifier:csv-id-39:bd10717a2210,csv_id: 39,1
resource:R39,SEER Specialized Databases,IDENTIFIED_BY,external-identifier:data-access-url-https-seer-cancer-gov-data-specialized:e08d3b7f247d,data_access_url: https://seer.cancer.gov/data/specialized/,1
resource:R39,SEER Specialized Databases,IDENTIFIED_BY,external-identifier:re3data-r3d100010884:c307f0e2f942,re3data: r3d100010884,1
resource:R39,SEER Specialized Databases,IDENTIFIED_BY,external-identifier:rrid-rrid-scr-006902:00461e6a3bde,rrid: RRID:SCR_006902,1
resource:R39,SEER Specialized Databases,IMPLEMENTS_STANDARD,standard:generic:a9a2542e57ab,generic,1
resource:R39,SEER Specialized Databases,IMPLEMENTS_STANDARD,standard:https-rdamsc-bath-ac-uk-msc-m17:fc2fec1a722e,FGDC/CSDGM (Federal Geographic Data Committee Content Standard for Digital Geospatial Metadata),1
resource:R39,SEER Specialized Databases,IMPLEMENTS_STANDARD,standard:https-spec-openapis-org-oas-latest-html:ddce3578cfaa,OpenAPI Specification,1
resource:R39,SEER Specialized Databases,PROVIDED_BY,organization:national-cancer-institute-at-the-national-institutes-of-health-usa:a74c12c3e6ae,National Cancer Institute at the National Institutes of Health,1
resource:R39,SEER Specialized Databases,SUPPORTS_IDENTIFIER_SCHEME,identifier-scheme:none:a293bcf5747a,none,1
resource:R4,Metabolomics Workbench - National Metabolomics Data Repository,ASSOCIATED_WITH_ICO,nihorganizational-unit:ca:c06867c9d169,CA,1
resource:R4,Metabolomics Workbench - National Metabolomics Data Repository,ASSOCIATED_WITH_ICO,nihorganizational-unit:es:472c2b97f71e,ES,1
resource:R4,Metabolomics Workbench - National Metabolomics Data Repository,ASSOCIATED_WITH_ICO,nihorganizational-unit:hl:9951002c9ea8,HL,1
resource:R4,Metabolomics Workbench - National Metabolomics Data Repository,ASSOCIATED_WITH_ICO,nihorganizational-unit:niddk:7de1d46d6cb2,NIDDK,1
resource:R4,Metabolomics Workbench - National Metabolomics Data Repository,ASSOCIATED_WITH_ICO,nihorganizational-unit:od:f97d185e1e26,OD,1
resource:R4,Metabolomics Workbench - National Metabolomics Data Repository,EXPOSES_API,apiservice:r4-https-www-metabolomicsworkbench-org-tools-mw-rest-php:047a9cdfe375,REST service for Metabolomics Workbench - National Metabolomics Data Repository,1
resource:R4,Metabolomics Workbench - National Metabolomics Data Repository,IDENTIFIED_BY,external-identifier:bmic-row-b1:4b3e28bb50ef,bmic_row: B1,1
resource:R4,Metabolomics Workbench - National Metabolomics Data Repository,IDENTIFIED_BY,external-identifier:csv-id-4:c1b0259a9475,csv_id: 4,1
resource:R4,Metabolomics Workbench - National Metabolomics Data Repository,IDENTIFIED_BY,external-identifier:data-access-url-https-www-metabolomicsworkbench-org-data-browse-php:a4007cbf5679,data_access_url: https://www.metabolomicsworkbench.org/data/browse.php,1
resource:R4,Metabolomics Workbench - National Metabolomics Data Repository,IDENTIFIED_BY,external-identifier:data-submission-url-https-www-metabolomicsworkbench-org-data-drccdatadeposit-php:e5ccf102301a,data_submission_url: https://www.metabolomicsworkbench.org/data/DRCCDataDeposit.php,1
resource:R4,Metabolomics Workbench - National Metabolomics Data Repository,IDENTIFIED_BY,external-identifier:fairsharing-doi-10-25504-fairsharing-xfrgsf:e4b2b8cf0190,fairsharing_doi: 10.25504/FAIRsharing.xfrgsf,1
resource:R4,Metabolomics Workbench - National Metabolomics Data Repository,IDENTIFIED_BY,external-identifier:re3data-https-www-re3data-org-search-query-metabolomics-20workbench:fa78ade81e9f,re3data: https://www.re3data.org/search?query=Metabolomics%20Workbench,1
resource:R4,Metabolomics Workbench - National Metabolomics Data Repository,IMPLEMENTS_STANDARD,standard:generic:a9a2542e57ab,generic,1
resource:R4,Metabolomics Workbench - National Metabolomics Data Repository,IMPLEMENTS_STANDARD,standard:https-spec-openapis-org-oas-latest-html:ddce3578cfaa,OpenAPI Specification,1
resource:R40,SEER-CAHPS Linked Data Resource,ASSOCIATED_WITH_ICO,nihorganizational-unit:nci:3e7dc1723049,NCI,1
resource:R40,SEER-CAHPS Linked Data Resource,EXPOSES_API,apiservice:r40-https-seer-cancer-gov-registrars-api:b0e78594f6c7,REST service for SEER-CAHPS Linked Data Resource,1
resource:R40,SEER-CAHPS Linked Data Resource,HAS_ACCESS_SYSTEM,access-system:seer-cahps-linked-data-resource-access-system:81d86c355f85,SEER-CAHPS Linked Data Resource Access System,1
resource:R40,SEER-CAHPS Linked Data Resource,HAS_POLICY_DESIGNATION,policy-designation:nih-controlled-access-data-repository:fc6f37ee4801,NIH Controlled-Access Data Repository,1
resource:R40,SEER-CAHPS Linked Data Resource,IDENTIFIED_BY,external-identifier:bmic-row-b38:18ecb3b52c71,bmic_row: B38,1
resource:R40,SEER-CAHPS Linked Data Resource,IDENTIFIED_BY,external-identifier:csv-id-40:1cc95af518d3,csv_id: 40,1
resource:R40,SEER-CAHPS Linked Data Resource,IDENTIFIED_BY,external-identifier:re3data-r3d100010884:c307f0e2f942,re3data: r3d100010884,1
resource:R40,SEER-CAHPS Linked Data Resource,IDENTIFIED_BY,external-identifier:rrid-rrid-scr-006902:00461e6a3bde,rrid: RRID:SCR_006902,1
resource:R40,SEER-CAHPS Linked Data Resource,IMPLEMENTS_STANDARD,standard:generic:a9a2542e57ab,generic,1
resource:R40,SEER-CAHPS Linked Data Resource,IMPLEMENTS_STANDARD,standard:https-rdamsc-bath-ac-uk-msc-m17:fc2fec1a722e,FGDC/CSDGM (Federal Geographic Data Committee Content Standard for Digital Geospatial Metadata),1
resource:R40,SEER-CAHPS Linked Data Resource,IMPLEMENTS_STANDARD,standard:https-spec-openapis-org-oas-latest-html:ddce3578cfaa,OpenAPI Specification,1
resource:R40,SEER-CAHPS Linked Data Resource,PROVIDED_BY,organization:national-cancer-institute-at-the-national-institutes-of-health-usa:a74c12c3e6ae,National Cancer Institute at the National Institutes of Health,1
resource:R40,SEER-CAHPS Linked Data Resource,SUPPORTS_IDENTIFIER_SCHEME,identifier-scheme:none:a293bcf5747a,none,1
resource:R41,SEER-MHOS Linked Data Resource,ASSOCIATED_WITH_ICO,nihorganizational-unit:nci:3e7dc1723049,NCI,1
resource:R41,SEER-MHOS Linked Data Resource,EXPOSES_API,apiservice:r41-https-seer-cancer-gov-registrars-api:67a3f7ef3128,REST service for SEER-MHOS Linked Data Resource,1
resource:R41,SEER-MHOS Linked Data Resource,HAS_ACCESS_SYSTEM,access-system:seer-mhos-data-resource-access-system:01982569df77,SEER - MHOS Data Resource Access System,1
resource:R41,SEER-MHOS Linked Data Resource,HAS_POLICY_DESIGNATION,policy-designation:nih-controlled-access-data-repository:fc6f37ee4801,NIH Controlled-Access Data Repository,1
resource:R41,SEER-MHOS Linked Data Resource,IDENTIFIED_BY,external-identifier:bmic-row-b39:956828149060,bmic_row: B39,1
resource:R41,SEER-MHOS Linked Data Resource,IDENTIFIED_BY,external-identifier:csv-id-41:894f7c468f8a,csv_id: 41,1
resource:R41,SEER-MHOS Linked Data Resource,IDENTIFIED_BY,external-identifier:re3data-r3d100010884:c307f0e2f942,re3data: r3d100010884,1
resource:R41,SEER-MHOS Linked Data Resource,IDENTIFIED_BY,external-identifier:rrid-rrid-scr-006902:00461e6a3bde,rrid: RRID:SCR_006902,1
resource:R41,SEER-MHOS Linked Data Resource,IMPLEMENTS_STANDARD,standard:generic:a9a2542e57ab,generic,1
resource:R41,SEER-MHOS Linked Data Resource,IMPLEMENTS_STANDARD,standard:https-rdamsc-bath-ac-uk-msc-m17:fc2fec1a722e,FGDC/CSDGM (Federal Geographic Data Committee Content Standard for Digital Geospatial Metadata),1
resource:R41,SEER-MHOS Linked Data Resource,IMPLEMENTS_STANDARD,standard:https-spec-openapis-org-oas-latest-html:ddce3578cfaa,OpenAPI Specification,1
resource:R41,SEER-MHOS Linked Data Resource,PROVIDED_BY,organization:national-cancer-institute-at-the-national-institutes-of-health-usa:a74c12c3e6ae,National Cancer Institute at the National Institutes of Health,1
resource:R41,SEER-MHOS Linked Data Resource,SUPPORTS_IDENTIFIER_SCHEME,identifier-scheme:none:a293bcf5747a,none,1
resource:R42,The Cancer Imaging Archive (TCIA),ASSOCIATED_WITH_ICO,nihorganizational-unit:nci:3e7dc1723049,NCI,1
resource:R42,The Cancer Imaging Archive (TCIA),EXPOSES_API,apiservice:r42-https-cancerimagingarchive-net-api-v1-collections:23e490d4b105,REST service for The Cancer Imaging Archive (TCIA),1
resource:R42,The Cancer Imaging Archive (TCIA),EXPOSES_API,apiservice:r42-https-cbiit-github-io-nbia-tcia:fead551225e6,REST service for The Cancer Imaging Archive (TCIA),1
resource:R42,The Cancer Imaging Archive (TCIA),IDENTIFIED_BY,external-identifier:bmic-row-r42:d34cd464d84a,bmic_row: R42,1
resource:R42,The Cancer Imaging Archive (TCIA),IDENTIFIED_BY,external-identifier:data-access-url-https-www-cancerimagingarchive-net-access-data:97f715353588,data_access_url: https://www.cancerimagingarchive.net/access-data/,1
resource:R42,The Cancer Imaging Archive (TCIA),IDENTIFIED_BY,external-identifier:data-submission-url-https-www-cancerimagingarchive-net-primary-data:f2bc49d685d5,data_submission_url: https://www.cancerimagingarchive.net/primary-data/,1
resource:R42,The Cancer Imaging Archive (TCIA),IDENTIFIED_BY,external-identifier:fairsharing-doi-10-25504-fairsharing-jrfd8y:61931b29c2ea,fairsharing_doi: 10.25504/FAIRsharing.jrfd8y,1
resource:R42,The Cancer Imaging Archive (TCIA),IDENTIFIED_BY,external-identifier:re3data-https-www-re3data-org-search-query-the-20cancer-20imaging-20archive:49370fd33188,re3data: https://www.re3data.org/search?query=The%20Cancer%20Imaging%20Archive,1
resource:R42,The Cancer Imaging Archive (TCIA),IDENTIFIED_BY,external-identifier:rrid-rrid-scr-008927:a71ecf6a70e2,rrid: RRID:SCR_008927,1
resource:R42,The Cancer Imaging Archive (TCIA),IMPLEMENTS_STANDARD,standard:generic:a9a2542e57ab,generic,1
resource:R42,The Cancer Imaging Archive (TCIA),IMPLEMENTS_STANDARD,standard:https-spec-openapis-org-oas-latest-html:ddce3578cfaa,OpenAPI Specification,1
resource:R42,The Cancer Imaging Archive (TCIA),SUPPORTS_IDENTIFIER_SCHEME,identifier-scheme:https-www-doi-org:5861c32be6d4,DOI,1
resource:R43,The Network Data Exchange (NDEx),ASSOCIATED_WITH_ICO,nihorganizational-unit:nci:3e7dc1723049,NCI,1
resource:R43,The Network Data Exchange (NDEx),EXPOSES_API,apiservice:r43-https-home-ndexbio-org-using-the-ndex-server-api:320c891e2284,REST service for The Network Data Exchange (NDEx),1
resource:R43,The Network Data Exchange (NDEx),IDENTIFIED_BY,external-identifier:bmic-row-r43:075d996a89ce,bmic_row: R43,1
resource:R43,The Network Data Exchange (NDEx),IDENTIFIED_BY,external-identifier:data-access-url-https-home-ndexbio-org-finding-and-querying-networks:b6c51e19dfd4,data_access_url: https://home.ndexbio.org/finding-and-querying-networks/,1
resource:R43,The Network Data Exchange (NDEx),IDENTIFIED_BY,external-identifier:data-submission-url-https-home-ndexbio-org-sharing-and-accessing-networks:b60ff1921a2b,data_submission_url: https://home.ndexbio.org/sharing-and-accessing-networks/,1
resource:R43,The Network Data Exchange (NDEx),IDENTIFIED_BY,external-identifier:re3data-https-www-re3data-org-search-query-the-20network-20data-20exchange:d81555efba45,re3data: https://www.re3data.org/search?query=The%20Network%20Data%20Exchange,1
resource:R43,The Network Data Exchange (NDEx),IMPLEMENTS_STANDARD,standard:generic:a9a2542e57ab,generic,1
resource:R43,The Network Data Exchange (NDEx),IMPLEMENTS_STANDARD,standard:https-spec-openapis-org-oas-latest-html:ddce3578cfaa,OpenAPI Specification,1
resource:R43,The Network Data Exchange (NDEx),IMPLEMENTS_STANDARD,standard:https-www-w3-org-tr-sparql11-query:2d6377d7c0d3,SPARQL 1.1,1
resource:R43,The Network Data Exchange (NDEx),SUPPORTS_IDENTIFIER_SCHEME,identifier-scheme:https-www-doi-org:5861c32be6d4,DOI,1
resource:R44,Universal Protein Resource (UniProt),ASSOCIATED_WITH_ICO,nihorganizational-unit:nci:3e7dc1723049,NCI,1
resource:R44,Universal Protein Resource (UniProt),ASSOCIATED_WITH_ICO,nihorganizational-unit:nei:e455cbbda0f2,NEI,1
resource:R44,Universal Protein Resource (UniProt),ASSOCIATED_WITH_ICO,nihorganizational-unit:nhgri:efad3a63729a,NHGRI,1
resource:R44,Universal Protein Resource (UniProt),ASSOCIATED_WITH_ICO,nihorganizational-unit:nhlbi:a47a761791eb,NHLBI,1
resource:R44,Universal Protein Resource (UniProt),ASSOCIATED_WITH_ICO,nihorganizational-unit:nia:5fb35d52763b,NIA,1
resource:R44,Universal Protein Resource (UniProt),ASSOCIATED_WITH_ICO,nihorganizational-unit:niaid:5b9617862b14,NIAID,1
resource:R44,Universal Protein Resource (UniProt),ASSOCIATED_WITH_ICO,nihorganizational-unit:niddk:7de1d46d6cb2,NIDDK,1
resource:R44,Universal Protein Resource (UniProt),ASSOCIATED_WITH_ICO,nihorganizational-unit:nigms:c3596537d785,NIGMS,1
resource:R44,Universal Protein Resource (UniProt),ASSOCIATED_WITH_ICO,nihorganizational-unit:od:f97d185e1e26,OD,1
resource:R44,Universal Protein Resource (UniProt),EXPOSES_API,apiservice:r44-https-sparql-uniprot-org:09f530221935,SPARQL service for Universal Protein Resource (UniProt),1
resource:R44,Universal Protein Resource (UniProt),EXPOSES_API,apiservice:r44-https-www-ebi-ac-uk-proteins-api:55871e18cb2b,REST service for Universal Protein Resource (UniProt),1
resource:R44,Universal Protein Resource (UniProt),EXPOSES_API,apiservice:r44-https-www-ebi-ac-uk-uniprot-japi:dafe10baf242,other service for Universal Protein Resource (UniProt),1
resource:R44,Universal Protein Resource (UniProt),EXPOSES_API,apiservice:r44-https-www-uniprot-org-help-api:61f4f57f3731,REST service for Universal Protein Resource (UniProt),1
resource:R44,Universal Protein Resource (UniProt),IDENTIFIED_BY,external-identifier:bmic-row-r44:56021b288a37,bmic_row: R44,1
resource:R44,Universal Protein Resource (UniProt),IDENTIFIED_BY,external-identifier:data-access-url-https-www-uniprot-org:584bbabffa6f,data_access_url: https://www.uniprot.org/,1
resource:R44,Universal Protein Resource (UniProt),IDENTIFIED_BY,external-identifier:data-submission-url-http-www-uniprot-org-help-submissions:d2d846a67d25,data_submission_url: http://www.uniprot.org/help/submissions,1
resource:R44,Universal Protein Resource (UniProt),IDENTIFIED_BY,external-identifier:fairsharing-doi-10-25504-fairsharing-s1ne3g:e05afae1e97f,fairsharing_doi: 10.25504/FAIRsharing.s1ne3g,1
resource:R44,Universal Protein Resource (UniProt),IDENTIFIED_BY,external-identifier:re3data-https-www-re3data-org-search-query-the-20universal-20protein-20resource:8f7b166df43d,re3data: https://www.re3data.org/search?query=The%20Universal%20Protein%20Resource,1
resource:R44,Universal Protein Resource (UniProt),IDENTIFIED_BY,external-identifier:rrid-rrid-scr-002380:6735f2cc43c6,rrid: RRID:SCR_002380,1
resource:R44,Universal Protein Resource (UniProt),IMPLEMENTS_STANDARD,standard:generic:a9a2542e57ab,generic,1
resource:R44,Universal Protein Resource (UniProt),IMPLEMENTS_STANDARD,standard:https-rdamsc-bath-ac-uk-msc-m36:25f92105a432,Repository-Developed Metadata Schemas,1
resource:R44,Universal Protein Resource (UniProt),IMPLEMENTS_STANDARD,standard:https-spec-openapis-org-oas-latest-html:ddce3578cfaa,OpenAPI Specification,1
resource:R44,Universal Protein Resource (UniProt),IMPLEMENTS_STANDARD,standard:https-www-w3-org-tr-sparql11-query:2d6377d7c0d3,SPARQL 1.1,1
resource:R44,Universal Protein Resource (UniProt),SUPPORTS_IDENTIFIER_SCHEME,identifier-scheme:https-www-doi-org:5861c32be6d4,DOI,1
resource:R44,Universal Protein Resource (UniProt),SUPPORTS_IDENTIFIER_SCHEME,identifier-scheme:purl:8d5d2e9ab31c,PURL,1
resource:R45,GWAS Catalog (NHGRI-EBI Catalog),ASSOCIATED_WITH_ICO,nihorganizational-unit:nci:3e7dc1723049,NCI,1
resource:R45,GWAS Catalog (NHGRI-EBI Catalog),ASSOCIATED_WITH_ICO,nihorganizational-unit:nhgri:efad3a63729a,NHGRI,1
resource:R45,GWAS Catalog (NHGRI-EBI Catalog),EXPOSES_API,apiservice:r45-https-www-ebi-ac-uk-gwas-docs-api:8a2df45f39c9,REST service for GWAS Catalog (NHGRI-EBI Catalog),1
resource:R45,GWAS Catalog (NHGRI-EBI Catalog),IDENTIFIED_BY,external-identifier:bmic-row-b44:e1f3794dff5b,bmic_row: B44,1
resource:R45,GWAS Catalog (NHGRI-EBI Catalog),IDENTIFIED_BY,external-identifier:csv-id-45:f191ae0df304,csv_id: 45,1
resource:R45,GWAS Catalog (NHGRI-EBI Catalog),IDENTIFIED_BY,external-identifier:data-access-url-https-www-ebi-ac-uk-gwas:f6cae7ccdd03,data_access_url: https://www.ebi.ac.uk/gwas/,1
resource:R45,GWAS Catalog (NHGRI-EBI Catalog),IDENTIFIED_BY,external-identifier:data-submission-url-https-www-ebi-ac-uk-gwas-deposition:7675d40a0a15,data_submission_url: https://www.ebi.ac.uk/gwas/deposition,1
resource:R45,GWAS Catalog (NHGRI-EBI Catalog),IDENTIFIED_BY,external-identifier:fairsharing-doi-10-25504-fairsharing-kkdpxe:e778ec4ae25a,fairsharing_doi: 10.25504/FAIRsharing.kkdpxe,1
resource:R45,GWAS Catalog (NHGRI-EBI Catalog),IDENTIFIED_BY,external-identifier:re3data-https-www-re3data-org-search-query-nhgri-ebi-20gwas-20catalog:7d71a6e8d862,re3data: https://www.re3data.org/search?query=NHGRI-EBI%20GWAS%20Catalog,1
resource:R45,GWAS Catalog (NHGRI-EBI Catalog),IDENTIFIED_BY,external-identifier:rrid-rrid-scr-002964:126f1c365be3,rrid: RRID:SCR_002964,1
resource:R45,GWAS Catalog (NHGRI-EBI Catalog),IMPLEMENTS_STANDARD,standard:generic:a9a2542e57ab,generic,1
resource:R45,GWAS Catalog (NHGRI-EBI Catalog),IMPLEMENTS_STANDARD,standard:https-rdamsc-bath-ac-uk-msc-m36:25f92105a432,Repository-Developed Metadata Schemas,1
resource:R45,GWAS Catalog (NHGRI-EBI Catalog),IMPLEMENTS_STANDARD,standard:https-spec-openapis-org-oas-latest-html:ddce3578cfaa,OpenAPI Specification,1
resource:R45,GWAS Catalog (NHGRI-EBI Catalog),IMPLEMENTS_STANDARD,standard:https-www-w3-org-tr-sparql11-query:2d6377d7c0d3,SPARQL 1.1,1
resource:R45,GWAS Catalog (NHGRI-EBI Catalog),SUPPORTS_IDENTIFIER_SCHEME,identifier-scheme:other:6d45f56afab5,other,1
resource:R46,PGS Catalog,ASSOCIATED_WITH_ICO,nihorganizational-unit:nci:3e7dc1723049,NCI,1
resource:R46,PGS Catalog,ASSOCIATED_WITH_ICO,nihorganizational-unit:nhgri:efad3a63729a,NHGRI,1
resource:R46,PGS Catalog,IDENTIFIED_BY,external-identifier:bmic-row-r46:0d26629976ce,bmic_row: R46,1
resource:R46,PGS Catalog,IDENTIFIED_BY,external-identifier:data-access-url-https-www-pgscatalog-org:b401762b3b0d,data_access_url: https://www.pgscatalog.org/,1
resource:R46,PGS Catalog,IDENTIFIED_BY,external-identifier:data-submission-url-https-www-pgscatalog-org-about-submission:25cbb5208e4e,data_submission_url: https://www.pgscatalog.org/about/#submission,1
resource:R46,PGS Catalog,IDENTIFIED_BY,external-identifier:re3data-https-www-re3data-org-search-query-pgs-20catalog:0177b801e3e9,re3data: https://www.re3data.org/search?query=PGS%20Catalog,1
resource:R46,PGS Catalog,IDENTIFIED_BY,external-identifier:rrid-rrid-scr-023558:47f4f2a51251,rrid: RRID:SCR_023558,1
resource:R46,PGS Catalog,IMPLEMENTS_STANDARD,standard:generic:a9a2542e57ab,generic,1
resource:R46,PGS Catalog,IMPLEMENTS_STANDARD,standard:https-spec-openapis-org-oas-latest-html:ddce3578cfaa,OpenAPI Specification,1
resource:R47,ClinPGx,ASSOCIATED_WITH_ICO,nihorganizational-unit:nci:3e7dc1723049,NCI,1
resource:R47,ClinPGx,ASSOCIATED_WITH_ICO,nihorganizational-unit:nhgri:efad3a63729a,NHGRI,1
resource:R47,ClinPGx,ASSOCIATED_WITH_ICO,nihorganizational-unit:nichd:02216d8a5581,NICHD,1
resource:R47,ClinPGx,ASSOCIATED_WITH_ICO,nihorganizational-unit:nida:509096dabb23,NIDA,1
resource:R47,ClinPGx,EXPOSES_API,apiservice:r47-https-api-pharmgkb-org-swagger:3dea0401ef2d,REST service for ClinPGx,1
resource:R47,ClinPGx,IDENTIFIED_BY,external-identifier:bmic-row-b47:ddffdf658a96,bmic_row: B47,1
resource:R47,ClinPGx,IDENTIFIED_BY,external-identifier:csv-id-47:560af2bcb32f,csv_id: 47,1
resource:R47,ClinPGx,IDENTIFIED_BY,external-identifier:data-access-url-https-www-clinpgx-org-downloads:01289c1aca5b,data_access_url: https://www.clinpgx.org/downloads,1
resource:R47,ClinPGx,IDENTIFIED_BY,external-identifier:fairsharing-doi-10-25504-fairsharing-t7yckc:3e9fb0c8a15f,fairsharing_doi: 10.25504/FAIRsharing.t7yckc,1
resource:R47,ClinPGx,IDENTIFIED_BY,external-identifier:rrid-rrid-scr-002689:a33bbf2de841,rrid: RRID:SCR_002689,1
resource:R47,ClinPGx,IMPLEMENTS_STANDARD,standard:generic:a9a2542e57ab,generic,1
resource:R47,ClinPGx,IMPLEMENTS_STANDARD,standard:https-spec-openapis-org-oas-latest-html:ddce3578cfaa,OpenAPI Specification,1
resource:R47,ClinPGx,SUPPORTS_IDENTIFIER_SCHEME,identifier-scheme:none:a293bcf5747a,none,1
resource:R48,Clinical Genome (ClinGen) Resource,ASSOCIATED_WITH_ICO,nihorganizational-unit:nci:3e7dc1723049,NCI,1
resource:R48,Clinical Genome (ClinGen) Resource,ASSOCIATED_WITH_ICO,nihorganizational-unit:nhgri:efad3a63729a,NHGRI,1
resource:R48,Clinical Genome (ClinGen) Resource,ASSOCIATED_WITH_ICO,nihorganizational-unit:od:f97d185e1e26,OD,1
resource:R48,Clinical Genome (ClinGen) Resource,IDENTIFIED_BY,external-identifier:bmic-row-b48:8ee00c636afd,bmic_row: B48,1
resource:R48,Clinical Genome (ClinGen) Resource,IDENTIFIED_BY,external-identifier:csv-id-48:526d76d3976b,csv_id: 48,1
resource:R48,Clinical Genome (ClinGen) Resource,IDENTIFIED_BY,external-identifier:data-access-url-https-search-clinicalgenome-org-kb-downloads:f0d20f81cc83,data_access_url: https://search.clinicalgenome.org/kb/downloads,1
resource:R48,Clinical Genome (ClinGen) Resource,IDENTIFIED_BY,external-identifier:fairsharing-doi-10-25504-fairsharing-ca2870:d55304d1651f,fairsharing_doi: 10.25504/FAIRsharing.ca2870,1
resource:R48,Clinical Genome (ClinGen) Resource,IDENTIFIED_BY,external-identifier:rrid-rrid-scr-014968:e601086aef52,rrid: RRID:SCR_014968,1
resource:R48,Clinical Genome (ClinGen) Resource,IMPLEMENTS_STANDARD,standard:generic:a9a2542e57ab,generic,1
resource:R48,Clinical Genome (ClinGen) Resource,IMPLEMENTS_STANDARD,standard:https-spec-graphql-org:f96d667c7f20,GraphQL Specification,1
resource:R48,Clinical Genome (ClinGen) Resource,IMPLEMENTS_STANDARD,standard:https-spec-openapis-org-oas-latest-html:ddce3578cfaa,OpenAPI Specification,1
resource:R48,Clinical Genome (ClinGen) Resource,IMPLEMENTS_STANDARD,standard:https-www-ga4gh-org-product-data-repository-service-drs:ffeeea5aada2,GA4GH Data Repository Service (DRS),1
resource:R49,NIDDK-Central Repository Resources for Research (NIDDK-CR R4R),ASSOCIATED_WITH_ICO,nihorganizational-unit:niddk:7de1d46d6cb2,NIDDK,1
resource:R49,NIDDK-Central Repository Resources for Research (NIDDK-CR R4R),HAS_ACCESS_SYSTEM,access-system:niddk-cr-r4r-access-system:54f5017a7b94,NIDDK-CR R4R Access System,1
resource:R49,NIDDK-Central Repository Resources for Research (NIDDK-CR R4R),HAS_POLICY_DESIGNATION,policy-designation:nih-controlled-access-data-repository:fc6f37ee4801,NIH Controlled-Access Data Repository,1
resource:R49,NIDDK-Central Repository Resources for Research (NIDDK-CR R4R),IDENTIFIED_BY,external-identifier:bmic-row-b152:6d5177cc573d,bmic_row: B152,1
resource:R49,NIDDK-Central Repository Resources for Research (NIDDK-CR R4R),IDENTIFIED_BY,external-identifier:csv-id-49:28d61f84d78d,csv_id: 49,1
resource:R49,NIDDK-Central Repository Resources for Research (NIDDK-CR R4R),IDENTIFIED_BY,external-identifier:data-access-url-https-repository-niddk-nih-gov-user-login-next-requests-reuse-da:58e096ff5584,data_access_url: https://repository.niddk.nih.gov/user/login/?next=/requests/reuse/data-request,1
resource:R49,NIDDK-Central Repository Resources for Research (NIDDK-CR R4R),IDENTIFIED_BY,external-identifier:data-submission-url-https-repository-niddk-nih-gov-pages-data-submission-guidanc:49f0813c5ac3,data_submission_url: https://repository.niddk.nih.gov/pages/data_submission_guidance/,1
resource:R49,NIDDK-Central Repository Resources for Research (NIDDK-CR R4R),IDENTIFIED_BY,external-identifier:fairsharing-doi-10-25504-fairsharing-pr47jw:5c573e4adc07,fairsharing_doi: 10.25504/FAIRsharing.pr47jw,1
resource:R49,NIDDK-Central Repository Resources for Research (NIDDK-CR R4R),IDENTIFIED_BY,external-identifier:re3data-https-www-re3data-org-search-query-niddk-cr-20r4r:61fb0b17c7f7,re3data: https://www.re3data.org/search?query=Niddk-Cr%20R4R,1
resource:R49,NIDDK-Central Repository Resources for Research (NIDDK-CR R4R),IDENTIFIED_BY,external-identifier:rrid-rrid-scr-006542:0f30f6a13d19,rrid: RRID:SCR_006542,1
resource:R49,NIDDK-Central Repository Resources for Research (NIDDK-CR R4R),IMPLEMENTS_STANDARD,standard:generic:a9a2542e57ab,generic,1
resource:R49,NIDDK-Central Repository Resources for Research (NIDDK-CR R4R),IMPLEMENTS_STANDARD,standard:https-spec-openapis-org-oas-latest-html:ddce3578cfaa,OpenAPI Specification,1
resource:R49,NIDDK-Central Repository Resources for Research (NIDDK-CR R4R),SUPPORTS_IDENTIFIER_SCHEME,identifier-scheme:none:a293bcf5747a,none,1
resource:R5,SPARC Portal,ASSOCIATED_WITH_ICO,nihorganizational-unit:nibib:aed22c486521,NIBIB,1
resource:R5,SPARC Portal,ASSOCIATED_WITH_ICO,nihorganizational-unit:odss:bb2f55b72bda,ODSS,1
resource:R5,SPARC Portal,EXPOSES_API,apiservice:r5-https-docs-sparc-science-docs-accessing-public-datasets:7ce8e7b870aa,REST service for SPARC Portal,1
resource:R5,SPARC Portal,IDENTIFIED_BY,external-identifier:bmic-row-r5:e825ebccbc06,bmic_row: R5,1
resource:R5,SPARC Portal,IDENTIFIED_BY,external-identifier:data-access-url-https-docs-sparc-science-docs-how-to-use-and-access-sparc-data:5d8be0a240ee,data_access_url: https://docs.sparc.science/docs/how-to-use-and-access-sparc-data,1
resource:R5,SPARC Portal,IDENTIFIED_BY,external-identifier:data-submission-url-https-docs-sparc-science-docs-submitting-a-dataset-to-sparc:05606a17785e,data_submission_url: https://docs.sparc.science/docs/submitting-a-dataset-to-sparc,1
resource:R5,SPARC Portal,IDENTIFIED_BY,external-identifier:re3data-https-www-re3data-org-search-query-sparc-20portal:1d1315703d45,re3data: https://www.re3data.org/search?query=SPARC%20Portal,1
resource:R5,SPARC Portal,IMPLEMENTS_STANDARD,standard:generic:a9a2542e57ab,generic,1
resource:R5,SPARC Portal,IMPLEMENTS_STANDARD,standard:https-rdamsc-bath-ac-uk-msc-m36:25f92105a432,Repository-Developed Metadata Schemas,1
resource:R5,SPARC Portal,IMPLEMENTS_STANDARD,standard:https-spec-openapis-org-oas-latest-html:ddce3578cfaa,OpenAPI Specification,1
resource:R5,SPARC Portal,SUPPORTS_IDENTIFIER_SCHEME,identifier-scheme:https-www-doi-org:5861c32be6d4,DOI,1
resource:R50,Protein Data Bank,ASSOCIATED_WITH_ICO,nihorganizational-unit:nci:3e7dc1723049,NCI,1
resource:R50,Protein Data Bank,ASSOCIATED_WITH_ICO,nihorganizational-unit:niaid:5b9617862b14,NIAID,1
resource:R50,Protein Data Bank,ASSOCIATED_WITH_ICO,nihorganizational-unit:nigms:c3596537d785,NIGMS,1
resource:R50,Protein Data Bank,EXPOSES_API,apiservice:r50-https-data-rcsb-org-redoc-index-html:3bd9b019982e,REST service for Protein Data Bank,1
resource:R50,Protein Data Bank,IDENTIFIED_BY,external-identifier:bmic-row-r50:bf31c675b28f,bmic_row: R50,1
resource:R50,Protein Data Bank,IDENTIFIED_BY,external-identifier:data-access-url-https-www-rcsb-org-category-download:d0e15a114645,data_access_url: https://www.rcsb.org/#Category-download,1
resource:R50,Protein Data Bank,IDENTIFIED_BY,external-identifier:data-submission-url-https-www-rcsb-org-category-deposit:97835d4d8061,data_submission_url: https://www.rcsb.org/#Category-deposit,1
resource:R50,Protein Data Bank,IDENTIFIED_BY,external-identifier:fairsharing-doi-10-25504-fairsharing-2t35ja:d7f5446af00a,fairsharing_doi: 10.25504/FAIRsharing.2t35ja,1
resource:R50,Protein Data Bank,IDENTIFIED_BY,external-identifier:re3data-https-www-re3data-org-search-query-protein-20data-20bank:11644b967c88,re3data: https://www.re3data.org/search?query=Protein%20Data%20Bank,1
resource:R50,Protein Data Bank,IDENTIFIED_BY,external-identifier:rrid-rrid-scr-012820:855da74c3c28,rrid: RRID:SCR_012820,1
resource:R50,Protein Data Bank,IMPLEMENTS_STANDARD,standard:generic:a9a2542e57ab,generic,1
resource:R50,Protein Data Bank,IMPLEMENTS_STANDARD,standard:https-hl7-org-fhir:24110bbf8f70,HL7 FHIR,1
resource:R50,Protein Data Bank,IMPLEMENTS_STANDARD,standard:https-spec-graphql-org:f96d667c7f20,GraphQL Specification,1
resource:R50,Protein Data Bank,IMPLEMENTS_STANDARD,standard:https-spec-openapis-org-oas-latest-html:ddce3578cfaa,OpenAPI Specification,1
resource:R50,Protein Data Bank,IMPLEMENTS_STANDARD,standard:rest:f201967f1d34,rest,1
resource:R50,Protein Data Bank,RECOMMENDED_BY_PUBLISHER_POLICY,publisher-policy:plos-plos-portfolio-https-journals-plos-org-plosone-s-data-availability:58792aebfbae,PLOS ONE Data Availability,1
resource:R50,Protein Data Bank,REQUIRED_BY_PUBLISHER_POLICY,publisher-policy:nature-portfolio-springer-nature-https-www-nature-com-nature-portfolio-editorial:ebd4592da02b,"Reporting standards and availability of data, materials, code and protocols",1
resource:R50,Protein Data Bank,SUPPORTS_IDENTIFIER_SCHEME,identifier-scheme:https-www-doi-org:5861c32be6d4,DOI,1
resource:R51,NEI BRICS,ASSOCIATED_WITH_ICO,nihorganizational-unit:nei:e455cbbda0f2,NEI,1
resource:R51,NEI BRICS,HAS_ACCESS_SYSTEM,access-system:nei-brics-access-system:79976f227f1f,NEI BRICS Access System,1
resource:R51,NEI BRICS,HAS_POLICY_DESIGNATION,policy-designation:nih-controlled-access-data-repository:fc6f37ee4801,NIH Controlled-Access Data Repository,1
resource:R51,NEI BRICS,IDENTIFIED_BY,external-identifier:bmic-row-r51:2221e6803c44,bmic_row: R51,1
resource:R51,NEI BRICS,IDENTIFIED_BY,external-identifier:data-access-url-https-brics-nei-nih-gov-portal-sso-ssoaction-login-action-servic:8cbfbe5ccef3,data_access_url: https://brics.nei.nih.gov/portal/sso/ssoAction!login.action?service=http%3A%2F%2Feyegene-host-prod.cit.nih.gov%3A8081%2Fportal%2FbaseAction%21landing.action%3Fcontinue,1
resource:R51,NEI BRICS,IDENTIFIED_BY,external-identifier:re3data-https-www-re3data-org-search-query-nei-20brics:07842d1df569,re3data: https://www.re3data.org/search?query=Nei%20Brics,1
resource:R51,NEI BRICS,IMPLEMENTS_STANDARD,standard:generic:a9a2542e57ab,generic,1
resource:R51,NEI BRICS,IMPLEMENTS_STANDARD,standard:https-spec-openapis-org-oas-latest-html:ddce3578cfaa,OpenAPI Specification,1
resource:R52,NEI Data Commons,ASSOCIATED_WITH_ICO,nihorganizational-unit:nei:e455cbbda0f2,NEI,1
resource:R52,NEI Data Commons,IDENTIFIED_BY,external-identifier:bmic-row-r52:b64c93a08cb0,bmic_row: R52,1
resource:R52,NEI Data Commons,IDENTIFIED_BY,external-identifier:data-access-url-https-neidatacommons-nei-nih-gov:89cffbe2e8de,data_access_url: https://neidatacommons.nei.nih.gov/,1
resource:R52,NEI Data Commons,IDENTIFIED_BY,external-identifier:fairsharing-doi-10-25504-fairsharing-225fbd:ffcc00fc4851,fairsharing_doi: 10.25504/FAIRsharing.225fbd,1
resource:R52,NEI Data Commons,IDENTIFIED_BY,external-identifier:re3data-https-www-re3data-org-search-query-nei-20data-20commons:933a06d51ad9,re3data: https://www.re3data.org/search?query=NEI%20Data%20Commons,1
resource:R52,NEI Data Commons,IMPLEMENTS_STANDARD,standard:generic:a9a2542e57ab,generic,1
resource:R52,NEI Data Commons,IMPLEMENTS_STANDARD,standard:https-hl7-org-fhir:24110bbf8f70,HL7 FHIR,1
resource:R52,NEI Data Commons,IMPLEMENTS_STANDARD,standard:https-spec-graphql-org:f96d667c7f20,GraphQL Specification,1
resource:R52,NEI Data Commons,IMPLEMENTS_STANDARD,standard:https-spec-openapis-org-oas-latest-html:ddce3578cfaa,OpenAPI Specification,1
resource:R52,NEI Data Commons,IMPLEMENTS_STANDARD,standard:rest:f201967f1d34,rest,1
resource:R53,African Genomics Data Hub (AfriGen-D),ASSOCIATED_WITH_ICO,nihorganizational-unit:nhgri:efad3a63729a,NHGRI,1
resource:R53,African Genomics Data Hub (AfriGen-D),IDENTIFIED_BY,external-identifier:bmic-row-r53:5aaacdd21a20,bmic_row: R53,1
resource:R53,African Genomics Data Hub (AfriGen-D),IDENTIFIED_BY,external-identifier:data-access-url-https-afrigen-d-org-data-resources:2a03b954c6c7,data_access_url: https://afrigen-d.org/data-resources,1
resource:R53,African Genomics Data Hub (AfriGen-D),IDENTIFIED_BY,external-identifier:data-submission-url-https-afrigen-d-org-data-coordinating-centre:8889348edbea,data_submission_url: https://afrigen-d.org/data-coordinating-centre,1
resource:R53,African Genomics Data Hub (AfriGen-D),IMPLEMENTS_STANDARD,standard:generic:a9a2542e57ab,generic,1
resource:R53,African Genomics Data Hub (AfriGen-D),IMPLEMENTS_STANDARD,standard:https-spec-openapis-org-oas-latest-html:ddce3578cfaa,OpenAPI Specification,1
resource:R54,Association to Function Knowledge Portal (A2FKP),ASSOCIATED_WITH_ICO,nihorganizational-unit:nhgri:efad3a63729a,NHGRI,1
resource:R54,Association to Function Knowledge Portal (A2FKP),IDENTIFIED_BY,external-identifier:bmic-row-r54:57acf89edfd3,bmic_row: R54,1
resource:R54,Association to Function Knowledge Portal (A2FKP),IDENTIFIED_BY,external-identifier:data-access-url-https-a2f-hugeamp-org-research-html-pageid-a2f-downloads-280:05a5d4ea50b1,data_access_url: https://a2f.hugeamp.org/research.html?pageid=a2f_downloads_280,1
resource:R54,Association to Function Knowledge Portal (A2FKP),IDENTIFIED_BY,external-identifier:data-submission-url-https-a2f-hugeamp-org-collaborate-html:fb7d3cffa23f,data_submission_url: https://a2f.hugeamp.org/collaborate.html,1
resource:R54,Association to Function Knowledge Portal (A2FKP),IMPLEMENTS_STANDARD,standard:generic:a9a2542e57ab,generic,1
resource:R54,Association to Function Knowledge Portal (A2FKP),IMPLEMENTS_STANDARD,standard:https-spec-openapis-org-oas-latest-html:ddce3578cfaa,OpenAPI Specification,1
resource:R55,Atlas of Regulatory Variants in Diseases (ARVID),ASSOCIATED_WITH_ICO,nihorganizational-unit:nhgri:efad3a63729a,NHGRI,1
resource:R55,Atlas of Regulatory Variants in Diseases (ARVID),IDENTIFIED_BY,external-identifier:bmic-row-r55:69d58bcc7f00,bmic_row: R55,1
resource:R55,Atlas of Regulatory Variants in Diseases (ARVID),IDENTIFIED_BY,external-identifier:data-access-url-https-arvid-data-shinyapps-io-home:aea3f0a4b039,data_access_url: https://arvid-data.shinyapps.io/home/,1
resource:R55,Atlas of Regulatory Variants in Diseases (ARVID),IMPLEMENTS_STANDARD,standard:generic:a9a2542e57ab,generic,1
resource:R55,Atlas of Regulatory Variants in Diseases (ARVID),IMPLEMENTS_STANDARD,standard:https-spec-openapis-org-oas-latest-html:ddce3578cfaa,OpenAPI Specification,1
resource:R57,Dfam,ASSOCIATED_WITH_ICO,nihorganizational-unit:nhgri:efad3a63729a,NHGRI,1
resource:R57,Dfam,IDENTIFIED_BY,external-identifier:bmic-row-r57:f00f08560588,bmic_row: R57,1
resource:R57,Dfam,IDENTIFIED_BY,external-identifier:data-access-url-https-www-dfam-org-browse:fdebb20386c6,data_access_url: https://www.dfam.org/browse,1
resource:R57,Dfam,IDENTIFIED_BY,external-identifier:fairsharing-doi-10-25504-fairsharing-6ktmmc:ef4bbfb54b9c,fairsharing_doi: 10.25504/FAIRsharing.6ktmmc,1
resource:R57,Dfam,IDENTIFIED_BY,external-identifier:rrid-rrid-scr-021168:d0b2b0f27eaf,rrid: RRID:SCR_021168,1
resource:R57,Dfam,IMPLEMENTS_STANDARD,standard:generic:a9a2542e57ab,generic,1
resource:R57,Dfam,IMPLEMENTS_STANDARD,standard:https-spec-openapis-org-oas-latest-html:ddce3578cfaa,OpenAPI Specification,1
resource:R58,Disease Ontology Knowledgebase (DO-KB),ASSOCIATED_WITH_ICO,nihorganizational-unit:nhgri:efad3a63729a,NHGRI,1
resource:R58,Disease Ontology Knowledgebase (DO-KB),IDENTIFIED_BY,external-identifier:bmic-row-r58:4456260de71f,bmic_row: R58,1
resource:R58,Disease Ontology Knowledgebase (DO-KB),IDENTIFIED_BY,external-identifier:data-access-url-https-disease-ontology-org-downloads:b1b2e6f636ac,data_access_url: https://disease-ontology.org/downloads/,1
resource:R58,Disease Ontology Knowledgebase (DO-KB),IMPLEMENTS_STANDARD,standard:generic:a9a2542e57ab,generic,1
resource:R58,Disease Ontology Knowledgebase (DO-KB),IMPLEMENTS_STANDARD,standard:https-spec-openapis-org-oas-latest-html:ddce3578cfaa,OpenAPI Specification,1
resource:R58,Disease Ontology Knowledgebase (DO-KB),IMPLEMENTS_STANDARD,standard:https-www-w3-org-tr-sparql11-query:2d6377d7c0d3,SPARQL 1.1,1
resource:R59,FlyBase: A Drosophila Genomic and Genetic Database,ASSOCIATED_WITH_ICO,nihorganizational-unit:nhgri:efad3a63729a,NHGRI,1
resource:R59,FlyBase: A Drosophila Genomic and Genetic Database,IDENTIFIED_BY,external-identifier:bmic-row-b58:8fe71b172c0c,bmic_row: B58,1
resource:R59,FlyBase: A Drosophila Genomic and Genetic Database,IDENTIFIED_BY,external-identifier:csv-id-59:17963965c553,csv_id: 59,1
resource:R59,FlyBase: A Drosophila Genomic and Genetic Database,IDENTIFIED_BY,external-identifier:data-access-url-http-flybase-org-cgi-bin-qbgui-fr-html:58f52a75bd3d,data_access_url: http://flybase.org/cgi-bin/qbgui.fr.html,1
resource:R59,FlyBase: A Drosophila Genomic and Genetic Database,IDENTIFIED_BY,external-identifier:data-submission-url-http-flybase-org-submission-publication:2b3bb268064c,data_submission_url: http://flybase.org/submission/publication/,1
resource:R59,FlyBase: A Drosophila Genomic and Genetic Database,IDENTIFIED_BY,external-identifier:re3data-https-www-re3data-org-search-query-flybase:166e0588e45b,re3data: https://www.re3data.org/search?query=FlyBase,1
resource:R59,FlyBase: A Drosophila Genomic and Genetic Database,IMPLEMENTS_STANDARD,standard:generic:a9a2542e57ab,generic,1
resource:R59,FlyBase: A Drosophila Genomic and Genetic Database,IMPLEMENTS_STANDARD,standard:https-spec-openapis-org-oas-latest-html:ddce3578cfaa,OpenAPI Specification,1
resource:R59,FlyBase: A Drosophila Genomic and Genetic Database,IMPLEMENTS_STANDARD,standard:https-www-w3-org-tr-sparql11-query:2d6377d7c0d3,SPARQL 1.1,1
resource:R59,FlyBase: A Drosophila Genomic and Genetic Database,SUPPORTS_IDENTIFIER_SCHEME,identifier-scheme:none:a293bcf5747a,none,1
resource:R6,SenNet Consortium,ASSOCIATED_WITH_ICO,nihorganizational-unit:common-fund:6c3d301556f0,Common Fund,1
resource:R6,SenNet Consortium,ASSOCIATED_WITH_ICO,nihorganizational-unit:nci:3e7dc1723049,NCI,1
resource:R6,SenNet Consortium,ASSOCIATED_WITH_ICO,nihorganizational-unit:nia:5fb35d52763b,NIA,1
resource:R6,SenNet Consortium,IDENTIFIED_BY,external-identifier:bmic-row-r6:114424340d65,bmic_row: R6,1
resource:R6,SenNet Consortium,IDENTIFIED_BY,external-identifier:data-access-url-https-data-sennetconsortium-org-search-size-n-20-n-sort-5b0-5d-5:90d2e22d7f5f,data_access_url: https://data.sennetconsortium.org/search?size=n_20_n&sort%5B0%5D%5Bfield%5D=last_modified_timestamp&sort%5B0%5D%5Bdirection%5D=desc,1
resource:R6,SenNet Consortium,IDENTIFIED_BY,external-identifier:data-submission-url-https-docs-sennetconsortium-org-data-submission:037c66925b3d,data_submission_url: https://docs.sennetconsortium.org/data-submission/,1
resource:R6,SenNet Consortium,IDENTIFIED_BY,external-identifier:fairsharing-doi-10-25504-fairsharing-ef44f6:c4e638db7d42,fairsharing_doi: 10.25504/FAIRsharing.ef44f6,1
resource:R6,SenNet Consortium,IDENTIFIED_BY,external-identifier:re3data-https-www-re3data-org-search-query-sennet-20consortium:efd4d179c951,re3data: https://www.re3data.org/search?query=SenNet%20Consortium,1
resource:R6,SenNet Consortium,IMPLEMENTS_STANDARD,standard:generic:a9a2542e57ab,generic,1
resource:R6,SenNet Consortium,IMPLEMENTS_STANDARD,standard:https-spec-openapis-org-oas-latest-html:ddce3578cfaa,OpenAPI Specification,1
resource:R60,GENCODE,ASSOCIATED_WITH_ICO,nihorganizational-unit:nhgri:efad3a63729a,NHGRI,1
resource:R60,GENCODE,EXPOSES_API,apiservice:r60-https-rest-ensembl-org:23b51d537dcd,REST service for GENCODE,1
resource:R60,GENCODE,EXPOSES_API,apiservice:r60-https-www-ensembl-org-info-data-ftp-index-html:8a25a0ac1d6f,FTP service for GENCODE,1
resource:R60,GENCODE,IDENTIFIED_BY,external-identifier:bmic-row-r60:0f9577a3623a,bmic_row: R60,1
resource:R60,GENCODE,IDENTIFIED_BY,external-identifier:data-access-url-https-www-gencodegenes-org-pages-data-access-html:390fd0591b3b,data_access_url: https://www.gencodegenes.org/pages/data_access.html,1
resource:R60,GENCODE,IMPLEMENTS_STANDARD,standard:generic:a9a2542e57ab,generic,1
resource:R60,GENCODE,IMPLEMENTS_STANDARD,standard:https-rdamsc-bath-ac-uk-msc-m36:25f92105a432,Repository-Developed Metadata Schemas,1
resource:R60,GENCODE,IMPLEMENTS_STANDARD,standard:https-spec-openapis-org-oas-latest-html:ddce3578cfaa,OpenAPI Specification,1
resource:R60,GENCODE,SUPPORTS_IDENTIFIER_SCHEME,identifier-scheme:none:a293bcf5747a,none,1
resource:R61,Genomic tRNA Database (GtRNAdb),ASSOCIATED_WITH_ICO,nihorganizational-unit:nhgri:efad3a63729a,NHGRI,1
resource:R61,Genomic tRNA Database (GtRNAdb),IDENTIFIED_BY,external-identifier:bmic-row-r61:d9a54741326d,bmic_row: R61,1
resource:R61,Genomic tRNA Database (GtRNAdb),IDENTIFIED_BY,external-identifier:data-access-url-https-gtrnadb-org-browse-html:cdbe46acdad0,data_access_url: https://gtrnadb.org/browse.html,1
resource:R61,Genomic tRNA Database (GtRNAdb),IMPLEMENTS_STANDARD,standard:generic:a9a2542e57ab,generic,1
resource:R61,Genomic tRNA Database (GtRNAdb),IMPLEMENTS_STANDARD,standard:https-spec-openapis-org-oas-latest-html:ddce3578cfaa,OpenAPI Specification,1
resource:R62,HUGO Gene Nomenclature Committee (HGNC),ASSOCIATED_WITH_ICO,nihorganizational-unit:nhgri:efad3a63729a,NHGRI,1
resource:R62,HUGO Gene Nomenclature Committee (HGNC),EXPOSES_API,apiservice:r62-https-www-genenames-org-help-rest:2a45abecd334,REST service for HUGO Gene Nomenclature Committee (HGNC),1
resource:R62,HUGO Gene Nomenclature Committee (HGNC),FUNDED_BY,organization:national-institutes-of-health-national-human-genome-research-institute-usa:bd8966c7776a,"National Institutes of Health, National Human Genome Research Institute",1
resource:R62,HUGO Gene Nomenclature Committee (HGNC),FUNDED_BY,organization:wellcome-trust-gbr:9b08a61a5262,Wellcome trust,1
resource:R62,HUGO Gene Nomenclature Committee (HGNC),IDENTIFIED_BY,external-identifier:bmic-row-b63:faeb14b3acbd,bmic_row: B63,1
resource:R62,HUGO Gene Nomenclature Committee (HGNC),IDENTIFIED_BY,external-identifier:csv-id-62:77d311d67870,csv_id: 62,1
resource:R62,HUGO Gene Nomenclature Committee (HGNC),IDENTIFIED_BY,external-identifier:data-access-url-https-www-genenames-org:271a25f61d95,data_access_url: https://www.genenames.org/,1
resource:R62,HUGO Gene Nomenclature Committee (HGNC),IDENTIFIED_BY,external-identifier:fairsharing-doi-10-25504-fairsharing-29we0s:aac2e6e0e957,fairsharing_doi: 10.25504/FAIRsharing.29we0s,1
resource:R62,HUGO Gene Nomenclature Committee (HGNC),IDENTIFIED_BY,external-identifier:re3data-r3d100010901:1c320c3335c4,re3data: r3d100010901,1
resource:R62,HUGO Gene Nomenclature Committee (HGNC),IDENTIFIED_BY,external-identifier:rrid-rrid-scr-002827:38381309b35d,rrid: RRID:SCR_002827,1
resource:R62,HUGO Gene Nomenclature Committee (HGNC),IMPLEMENTS_STANDARD,standard:generic:a9a2542e57ab,generic,1
resource:R62,HUGO Gene Nomenclature Committee (HGNC),IMPLEMENTS_STANDARD,standard:https-spec-openapis-org-oas-latest-html:ddce3578cfaa,OpenAPI Specification,1
resource:R62,HUGO Gene Nomenclature Committee (HGNC),PROVIDED_BY,organization:european-molecular-biology-laboratory-european-bioinformatics-institute-eec:37ec5fe38bb4,"European Molecular Biology Laboratory, European Bioinformatics Institute",1
resource:R62,HUGO Gene Nomenclature Committee (HGNC),PROVIDED_BY,organization:human-genome-organisation-aaa:6fbb043d8422,Human Genome Organisation,1
resource:R62,HUGO Gene Nomenclature Committee (HGNC),SUPPORTS_IDENTIFIER_SCHEME,identifier-scheme:none:a293bcf5747a,none,1
resource:R63,Human Phenotype Ontology (HPO),ASSOCIATED_WITH_ICO,nihorganizational-unit:nhgri:efad3a63729a,NHGRI,1
resource:R63,Human Phenotype Ontology (HPO),IDENTIFIED_BY,external-identifier:bmic-row-b64:406fdfefbcde,bmic_row: B64,1
resource:R63,Human Phenotype Ontology (HPO),IDENTIFIED_BY,external-identifier:csv-id-63:8adf523914af,csv_id: 63,1
resource:R63,Human Phenotype Ontology (HPO),IDENTIFIED_BY,external-identifier:data-access-url-https-hpo-jax-org-data-ontology:341888cbfffd,data_access_url: https://hpo.jax.org/data/ontology,1
resource:R63,Human Phenotype Ontology (HPO),IDENTIFIED_BY,external-identifier:fairsharing-doi-10-25504-fairsharing-kbtt7f:60e9882d88c9,fairsharing_doi: 10.25504/FAIRsharing.kbtt7f,1
resource:R63,Human Phenotype Ontology (HPO),IDENTIFIED_BY,external-identifier:rrid-rrid-scr-006016:6c450cecc1c1,rrid: RRID:SCR_006016,1
resource:R63,Human Phenotype Ontology (HPO),IMPLEMENTS_STANDARD,standard:generic:a9a2542e57ab,generic,1
resource:R63,Human Phenotype Ontology (HPO),IMPLEMENTS_STANDARD,standard:https-spec-openapis-org-oas-latest-html:ddce3578cfaa,OpenAPI Specification,1
resource:R63,Human Phenotype Ontology (HPO),IMPLEMENTS_STANDARD,standard:https-www-w3-org-tr-sparql11-query:2d6377d7c0d3,SPARQL 1.1,1
resource:R65,OAI Core Knowledgebase,ASSOCIATED_WITH_ICO,nihorganizational-unit:nhgri:efad3a63729a,NHGRI,1
resource:R65,OAI Core Knowledgebase,IDENTIFIED_BY,external-identifier:bmic-row-b66:24167c14487e,bmic_row: B66,1
resource:R65,OAI Core Knowledgebase,IDENTIFIED_BY,external-identifier:csv-id-65:265b78caed03,csv_id: 65,1
resource:R65,OAI Core Knowledgebase,IDENTIFIED_BY,external-identifier:data-access-url-https-nda-nih-gov-oai:b0045cbe6d15,data_access_url: https://nda.nih.gov/oai,1
resource:R65,OAI Core Knowledgebase,IMPLEMENTS_STANDARD,standard:generic:a9a2542e57ab,generic,1
resource:R65,OAI Core Knowledgebase,IMPLEMENTS_STANDARD,standard:https-spec-openapis-org-oas-latest-html:ddce3578cfaa,OpenAPI Specification,1
resource:R65,OAI Core Knowledgebase,IMPLEMENTS_STANDARD,standard:https-www-w3-org-tr-sparql11-query:2d6377d7c0d3,SPARQL 1.1,1
resource:R66,OMIM An Online Catalog of Human Genes and Genetic Disorders,ASSOCIATED_WITH_ICO,nihorganizational-unit:nhgri:efad3a63729a,NHGRI,1
resource:R66,OMIM An Online Catalog of Human Genes and Genetic Disorders,EXPOSES_API,apiservice:r66-documentation-https-omim-org-help-api:287fad948c53,API Documentation,1
resource:R66,OMIM An Online Catalog of Human Genes and Genetic Disorders,EXPOSES_API,apiservice:r66-https-omim-org-help-api:9a3bc6903c9e,other service for OMIM An Online Catalog of Human Genes and Genetic Disorders,1
resource:R66,OMIM An Online Catalog of Human Genes and Genetic Disorders,IDENTIFIED_BY,external-identifier:bmic-row-r66:4105723bb313,bmic_row: R66,1
resource:R66,OMIM An Online Catalog of Human Genes and Genetic Disorders,IDENTIFIED_BY,external-identifier:data-access-url-https-www-omim-org:fac6e9ac976f,data_access_url: https://www.omim.org/,1
resource:R66,OMIM An Online Catalog of Human Genes and Genetic Disorders,IDENTIFIED_BY,external-identifier:fairsharing-doi-10-25504-fairsharing-9qkaz9:cd2f737ea1bf,fairsharing_doi: 10.25504/FAIRsharing.9qkaz9,1
resource:R66,OMIM An Online Catalog of Human Genes and Genetic Disorders,IMPLEMENTS_STANDARD,standard:generic:a9a2542e57ab,generic,1
resource:R66,OMIM An Online Catalog of Human Genes and Genetic Disorders,IMPLEMENTS_STANDARD,standard:https-spec-openapis-org-oas-latest-html:ddce3578cfaa,OpenAPI Specification,1
resource:R66,OMIM An Online Catalog of Human Genes and Genetic Disorders,IMPLEMENTS_STANDARD,standard:https-www-w3-org-tr-sparql11-query:2d6377d7c0d3,SPARQL 1.1,1
resource:R66,OMIM An Online Catalog of Human Genes and Genetic Disorders,SUPPORTS_IDENTIFIER_SCHEME,identifier-scheme:none:a293bcf5747a,none,1
resource:R67,Reference Sequences (RefSeq),ASSOCIATED_WITH_ICO,nihorganizational-unit:nlm:8b1526a4e813,NLM,1
resource:R67,Reference Sequences (RefSeq),FUNDED_BY,organization:department-of-health-and-human-services-usa:07167eb5766f,Department of Health and Human Services,1
resource:R67,Reference Sequences (RefSeq),FUNDED_BY,organization:national-institutes-of-health-usa:49c1f347e2a5,National Institutes of Health,1
resource:R67,Reference Sequences (RefSeq),IDENTIFIED_BY,external-identifier:bmic-row-b210:98362f74f37b,bmic_row: B210,1
resource:R67,Reference Sequences (RefSeq),IDENTIFIED_BY,external-identifier:csv-id-67:ab2034c29e1a,csv_id: 67,1
resource:R67,Reference Sequences (RefSeq),IDENTIFIED_BY,external-identifier:data-access-url-https-www-ncbi-nlm-nih-gov-refseq:53aa8d5525f2,data_access_url: https://www.ncbi.nlm.nih.gov/refseq/,1
resource:R67,Reference Sequences (RefSeq),IDENTIFIED_BY,external-identifier:fairsharing-doi-10-25504-fairsharing-9kahy4:ad14f029d873,fairsharing_doi: 10.25504/FAIRsharing.9kahy4,1
resource:R67,Reference Sequences (RefSeq),IDENTIFIED_BY,external-identifier:re3data-r3d100010285:e540adc72f53,re3data: r3d100010285,1
resource:R67,Reference Sequences (RefSeq),IDENTIFIED_BY,external-identifier:rrid-rrid-scr-003496:58cb041cc84b,rrid: RRID:SCR_003496,1
resource:R67,Reference Sequences (RefSeq),IMPLEMENTS_STANDARD,standard:generic:a9a2542e57ab,generic,1
resource:R67,Reference Sequences (RefSeq),IMPLEMENTS_STANDARD,standard:https-spec-openapis-org-oas-latest-html:ddce3578cfaa,OpenAPI Specification,1
resource:R67,Reference Sequences (RefSeq),PROVIDED_BY,organization:national-center-for-biotechnology-information-national-library-of-medicine-usa:c14e4a365b6d,"National Center for Biotechnology Information, National Library of Medicine",1
resource:R67,Reference Sequences (RefSeq),PROVIDED_BY,organization:u-s-national-library-of-medicine-usa:bea11d638816,U.S. National Library of Medicine,1
resource:R67,Reference Sequences (RefSeq),SUPPORTS_IDENTIFIER_SCHEME,identifier-scheme:none:a293bcf5747a,none,1
resource:R68,RegulomeDB,ASSOCIATED_WITH_ICO,nihorganizational-unit:nhgri:efad3a63729a,NHGRI,1
resource:R68,RegulomeDB,IDENTIFIED_BY,external-identifier:bmic-row-r68:fac2ad546a69,bmic_row: R68,1
resource:R68,RegulomeDB,IDENTIFIED_BY,external-identifier:data-access-url-https-regulomedb-org-regulome-search:ee302721bab5,data_access_url: https://regulomedb.org/regulome-search,1
resource:R68,RegulomeDB,IDENTIFIED_BY,external-identifier:rrid-rrid-scr-017905:69f20c2dd48a,rrid: RRID:SCR_017905,1
resource:R68,RegulomeDB,IMPLEMENTS_STANDARD,standard:generic:a9a2542e57ab,generic,1
resource:R68,RegulomeDB,IMPLEMENTS_STANDARD,standard:https-spec-openapis-org-oas-latest-html:ddce3578cfaa,OpenAPI Specification,1
resource:R69,RxNorm,ASSOCIATED_WITH_ICO,nihorganizational-unit:nhgri:efad3a63729a,NHGRI,1
resource:R69,RxNorm,IDENTIFIED_BY,external-identifier:bmic-row-b69:93ea348f58c9,bmic_row: B69,1
resource:R69,RxNorm,IDENTIFIED_BY,external-identifier:csv-id-69:add0ec79b823,csv_id: 69,1
resource:R69,RxNorm,IDENTIFIED_BY,external-identifier:data-access-url-https-lhncbc-nlm-nih-gov-rxnav-applications-rxnavdoc-html-gl-1-1:d569da096b08,data_access_url: https://lhncbc.nlm.nih.gov/RxNav/applications/RxNavDoc.html?_gl=1*1v44qce*_ga*MTE3NTk1ODcxNi4xNjY1NjgzMjk4*_ga_7147EPK006*czE3NzAyMzgwMDAkbzI1JGcwJHQxNzcwMjM4MDAwJGo2MCRsMCRoMA..*_ga_P1FPTH9PL4*czE3NzAyMzgwMDAkbzI1JGcwJHQxNzcwMjM4MDAwJGo2MCRsMCRoMA..,1
resource:R69,RxNorm,IDENTIFIED_BY,external-identifier:fairsharing-doi-10-25504-fairsharing-5x3gnz:96d1723d4cee,fairsharing_doi: 10.25504/FAIRsharing.5x3gnz,1
resource:R69,RxNorm,IDENTIFIED_BY,external-identifier:rrid-rrid-scr-006645:3f9bfc248638,rrid: RRID:SCR_006645,1
resource:R69,RxNorm,IMPLEMENTS_STANDARD,standard:generic:a9a2542e57ab,generic,1
resource:R69,RxNorm,IMPLEMENTS_STANDARD,standard:https-spec-openapis-org-oas-latest-html:ddce3578cfaa,OpenAPI Specification,1
resource:R7,OpenPain,ASSOCIATED_WITH_ICO,nihorganizational-unit:nida:509096dabb23,NIDA,1
resource:R7,OpenPain,ASSOCIATED_WITH_ICO,nihorganizational-unit:ninds:5cfdd7438e69,NINDS,1
resource:R7,OpenPain,IDENTIFIED_BY,external-identifier:bmic-row-r7:deda0c5c9a78,bmic_row: R7,1
resource:R7,OpenPain,IDENTIFIED_BY,external-identifier:data-access-url-https-www-openpain-org:86ae1c26b534,data_access_url: https://www.openpain.org/,1
resource:R7,OpenPain,IDENTIFIED_BY,external-identifier:data-submission-url-https-www-openpain-org:48af36715c7b,data_submission_url: https://www.openpain.org/,1
resource:R7,OpenPain,IDENTIFIED_BY,external-identifier:fairsharing-doi-10-25504-fairsharing-a24ae0:c733e4ba6aad,fairsharing_doi: 10.25504/FAIRsharing.a24ae0,1
resource:R7,OpenPain,IDENTIFIED_BY,external-identifier:re3data-https-www-re3data-org-search-query-openpain:847050e0dbc2,re3data: https://www.re3data.org/search?query=OpenPain,1
resource:R7,OpenPain,IMPLEMENTS_STANDARD,standard:generic:a9a2542e57ab,generic,1
resource:R7,OpenPain,IMPLEMENTS_STANDARD,standard:https-spec-openapis-org-oas-latest-html:ddce3578cfaa,OpenAPI Specification,1
resource:R70,Saccharomyces Genome Database (SGD),ASSOCIATED_WITH_ICO,nihorganizational-unit:nhgri:efad3a63729a,NHGRI,1
resource:R70,Saccharomyces Genome Database (SGD),EXPOSES_API,apiservice:r70-https-intermine-readthedocs-io-en-latest-web-services-api-and-client-librari:5d0f7d0bc4c6,REST service for Saccharomyces Genome Database (SGD),1
resource:R70,Saccharomyces Genome Database (SGD),IDENTIFIED_BY,external-identifier:bmic-row-r70:0fa2208bf9f9,bmic_row: R70,1
resource:R70,Saccharomyces Genome Database (SGD),IDENTIFIED_BY,external-identifier:data-access-url-https-www-yeastgenome-org-search-q-is-quick-true:001531b5b06a,data_access_url: https://www.yeastgenome.org/search?q=&is_quick=true,1
resource:R70,Saccharomyces Genome Database (SGD),IDENTIFIED_BY,external-identifier:data-submission-url-https-www-yeastgenome-org-submitdata:111d26edc405,data_submission_url: https://www.yeastgenome.org/submitData,1
resource:R70,Saccharomyces Genome Database (SGD),IDENTIFIED_BY,external-identifier:re3data-https-www-re3data-org-search-query-saccharomyces-20genome-20database:e23ad11798ae,re3data: https://www.re3data.org/search?query=Saccharomyces%20Genome%20Database,1
resource:R70,Saccharomyces Genome Database (SGD),IDENTIFIED_BY,external-identifier:rrid-rrid-scr-004694:5df15a087300,rrid: RRID:SCR_004694,1
resource:R70,Saccharomyces Genome Database (SGD),IMPLEMENTS_STANDARD,standard:generic:a9a2542e57ab,generic,1
resource:R70,Saccharomyces Genome Database (SGD),IMPLEMENTS_STANDARD,standard:https-spec-openapis-org-oas-latest-html:ddce3578cfaa,OpenAPI Specification,1
resource:R70,Saccharomyces Genome Database (SGD),SUPPORTS_IDENTIFIER_SCHEME,identifier-scheme:other:6d45f56afab5,other,1
resource:R71,WormBase,ASSOCIATED_WITH_ICO,nihorganizational-unit:nhgri:efad3a63729a,NHGRI,1
resource:R71,WormBase,EXPOSES_API,apiservice:r71-https-wormbase-org-about-userguide-for-developers-api-rest-10-10:6482903308ef,REST service for WormBase,1
resource:R71,WormBase,IDENTIFIED_BY,external-identifier:bmic-row-r71:91fc44c27846,bmic_row: R71,1
resource:R71,WormBase,IDENTIFIED_BY,external-identifier:data-access-url-https-wormbase-org-about-userguide-3-10:c889b1b2da1b,data_access_url: https://wormbase.org/about/userguide#3--10,1
resource:R71,WormBase,IDENTIFIED_BY,external-identifier:data-submission-url-https-wormbase-org-about-userguide-submit-data-01-10:272bc72337b7,data_submission_url: https://wormbase.org/about/userguide/submit_data#01--10,1
resource:R71,WormBase,IDENTIFIED_BY,external-identifier:re3data-https-www-re3data-org-search-query-wormbase:9a22b4cde2a2,re3data: https://www.re3data.org/search?query=WormBase,1
resource:R71,WormBase,IDENTIFIED_BY,external-identifier:rrid-rrid-scr-003098:f8be99eafeab,rrid: RRID:SCR_003098,1
resource:R71,WormBase,IMPLEMENTS_STANDARD,standard:generic:a9a2542e57ab,generic,1
resource:R71,WormBase,IMPLEMENTS_STANDARD,standard:https-spec-openapis-org-oas-latest-html:ddce3578cfaa,OpenAPI Specification,1
resource:R71,WormBase,SUPPORTS_IDENTIFIER_SCHEME,identifier-scheme:none:a293bcf5747a,none,1
resource:R72,Alliance of Genome Resources (AGR),ASSOCIATED_WITH_ICO,nihorganizational-unit:nhgri:efad3a63729a,NHGRI,1
resource:R72,Alliance of Genome Resources (AGR),ASSOCIATED_WITH_ICO,nihorganizational-unit:nhlbi:a47a761791eb,NHLBI,1
resource:R72,Alliance of Genome Resources (AGR),IDENTIFIED_BY,external-identifier:bmic-row-r72:0ba7fc8fca45,bmic_row: R72,1
resource:R72,Alliance of Genome Resources (AGR),IDENTIFIED_BY,external-identifier:data-access-url-https-www-alliancegenome-org-downloads:bde0b5451fb6,data_access_url: https://www.alliancegenome.org/downloads,1
resource:R72,Alliance of Genome Resources (AGR),IDENTIFIED_BY,external-identifier:data-submission-url-https-www-alliancegenome-org-submit-data:5e44f8f1c5a5,data_submission_url: https://www.alliancegenome.org/submit-data,1
resource:R72,Alliance of Genome Resources (AGR),IDENTIFIED_BY,external-identifier:fairsharing-doi-10-25504-fairsharing-6ba5fw:addf00a3b439,fairsharing_doi: 10.25504/FAIRsharing.6ba5fw,1
resource:R72,Alliance of Genome Resources (AGR),IDENTIFIED_BY,external-identifier:re3data-https-www-re3data-org-search-query-alliance-20of-20genome-20resources:96939fd62d34,re3data: https://www.re3data.org/search?query=Alliance%20of%20Genome%20Resources,1
resource:R72,Alliance of Genome Resources (AGR),IMPLEMENTS_STANDARD,standard:generic:a9a2542e57ab,generic,1
resource:R72,Alliance of Genome Resources (AGR),IMPLEMENTS_STANDARD,standard:https-spec-openapis-org-oas-latest-html:ddce3578cfaa,OpenAPI Specification,1
resource:R72,Alliance of Genome Resources (AGR),IMPLEMENTS_STANDARD,standard:https-www-w3-org-tr-sparql11-query:2d6377d7c0d3,SPARQL 1.1,1
resource:R73,PhenX Toolkit,ASSOCIATED_WITH_ICO,nihorganizational-unit:nhgri:efad3a63729a,NHGRI,1
resource:R73,PhenX Toolkit,ASSOCIATED_WITH_ICO,nihorganizational-unit:nhlbi:a47a761791eb,NHLBI,1
resource:R73,PhenX Toolkit,ASSOCIATED_WITH_ICO,nihorganizational-unit:nida:509096dabb23,NIDA,1
resource:R73,PhenX Toolkit,ASSOCIATED_WITH_ICO,nihorganizational-unit:nimhd:11a5e40f7b7b,NIMHD,1
resource:R73,PhenX Toolkit,ASSOCIATED_WITH_ICO,nihorganizational-unit:ninds:5cfdd7438e69,NINDS,1
resource:R73,PhenX Toolkit,ASSOCIATED_WITH_ICO,nihorganizational-unit:od:f97d185e1e26,OD,1
resource:R73,PhenX Toolkit,IDENTIFIED_BY,external-identifier:bmic-row-r73:0eb9018e7592,bmic_row: R73,1
resource:R73,PhenX Toolkit,IDENTIFIED_BY,external-identifier:data-access-url-https-www-phenxtoolkit-org-domains:f1c142f1d5c8,data_access_url: https://www.phenxtoolkit.org/domains,1
resource:R73,PhenX Toolkit,IDENTIFIED_BY,external-identifier:fairsharing-doi-10-25504-fairsharing-2wa7v7:7e5e42f2711f,fairsharing_doi: 10.25504/FAIRsharing.2wa7v7,1
resource:R73,PhenX Toolkit,IDENTIFIED_BY,external-identifier:rrid-rrid-scr-006532:0b432787188c,rrid: RRID:SCR_006532,1
resource:R73,PhenX Toolkit,IMPLEMENTS_STANDARD,standard:generic:a9a2542e57ab,generic,1
resource:R73,PhenX Toolkit,IMPLEMENTS_STANDARD,standard:https-spec-openapis-org-oas-latest-html:ddce3578cfaa,OpenAPI Specification,1
resource:R73,PhenX Toolkit,IMPLEMENTS_STANDARD,standard:https-www-w3-org-tr-sparql11-query:2d6377d7c0d3,SPARQL 1.1,1
resource:R74,International Mouse Phenotyping Consortium (IMPC),ASSOCIATED_WITH_ICO,nihorganizational-unit:nida:509096dabb23,NIDA,1
resource:R74,International Mouse Phenotyping Consortium (IMPC),ASSOCIATED_WITH_ICO,nihorganizational-unit:nidcd:b1c1e8c17be1,NIDCD,1
resource:R74,International Mouse Phenotyping Consortium (IMPC),ASSOCIATED_WITH_ICO,nihorganizational-unit:od:f97d185e1e26,OD,1
resource:R74,International Mouse Phenotyping Consortium (IMPC),EXPOSES_API,apiservice:r74-https-www-ebi-ac-uk-mi-impc-solr:9f1ef731142d,REST service for International Mouse Phenotyping Consortium (IMPC),1
resource:R74,International Mouse Phenotyping Consortium (IMPC),IDENTIFIED_BY,external-identifier:bmic-row-r74:3785801226f3,bmic_row: R74,1
resource:R74,International Mouse Phenotyping Consortium (IMPC),IDENTIFIED_BY,external-identifier:data-access-url-https-www-mousephenotype-org-understand-start-using-the-impc:a08a688fdbc6,data_access_url: https://www.mousephenotype.org/understand/start-using-the-impc/,1
resource:R74,International Mouse Phenotyping Consortium (IMPC),IDENTIFIED_BY,external-identifier:fairsharing-doi-10-25504-fairsharing-ldou1i:95a6f08cbf2e,fairsharing_doi: 10.25504/FAIRsharing.LdoU1I,1
resource:R74,International Mouse Phenotyping Consortium (IMPC),IDENTIFIED_BY,external-identifier:re3data-https-www-re3data-org-search-query-international-20mouse-20phenotyping-2:f0cc734fb6c5,re3data: https://www.re3data.org/search?query=International%20Mouse%20Phenotyping%20Consortium,1
resource:R74,International Mouse Phenotyping Consortium (IMPC),IDENTIFIED_BY,external-identifier:rrid-rrid-scr-016552:c3aa977a6f8f,rrid: RRID:SCR_016552,1
resource:R74,International Mouse Phenotyping Consortium (IMPC),IMPLEMENTS_STANDARD,standard:generic:a9a2542e57ab,generic,1
resource:R74,International Mouse Phenotyping Consortium (IMPC),IMPLEMENTS_STANDARD,standard:https-spec-openapis-org-oas-latest-html:ddce3578cfaa,OpenAPI Specification,1
resource:R74,International Mouse Phenotyping Consortium (IMPC),SUPPORTS_IDENTIFIER_SCHEME,identifier-scheme:none:a293bcf5747a,none,1
resource:R75,Zebrafish Information Network (ZFIN),ASSOCIATED_WITH_ICO,nihorganizational-unit:nhgri:efad3a63729a,NHGRI,1
resource:R75,Zebrafish Information Network (ZFIN),ASSOCIATED_WITH_ICO,nihorganizational-unit:niehs:abb8d2604b98,NIEHS,1
resource:R75,Zebrafish Information Network (ZFIN),ASSOCIATED_WITH_ICO,nihorganizational-unit:od:f97d185e1e26,OD,1
resource:R75,Zebrafish Information Network (ZFIN),IDENTIFIED_BY,external-identifier:bmic-row-r75:a47e89ef6eaf,bmic_row: R75,1
resource:R75,Zebrafish Information Network (ZFIN),IDENTIFIED_BY,external-identifier:data-access-url-https-zfin-org:58e05e73da62,data_access_url: https://zfin.org/,1
resource:R75,Zebrafish Information Network (ZFIN),IDENTIFIED_BY,external-identifier:data-submission-url-https-zfin-org-action-submit-data:440198218255,data_submission_url: https://zfin.org/action/submit-data,1
resource:R75,Zebrafish Information Network (ZFIN),IDENTIFIED_BY,external-identifier:re3data-https-www-re3data-org-search-query-zebrafish-20information-20network-20-:3c2feadb8e35,re3data: https://www.re3data.org/search?query=Zebrafish%20Information%20Network%20%28ZFIN%29,1
resource:R75,Zebrafish Information Network (ZFIN),IDENTIFIED_BY,external-identifier:rrid-rrid-scr-002560:a318a62a3509,rrid: RRID:SCR_002560,1
resource:R75,Zebrafish Information Network (ZFIN),IMPLEMENTS_STANDARD,standard:generic:a9a2542e57ab,generic,1
resource:R75,Zebrafish Information Network (ZFIN),IMPLEMENTS_STANDARD,standard:https-spec-openapis-org-oas-latest-html:ddce3578cfaa,OpenAPI Specification,1
resource:R75,Zebrafish Information Network (ZFIN),SUPPORTS_IDENTIFIER_SCHEME,identifier-scheme:other:6d45f56afab5,other,1
resource:R76,Gene Ontology Consortium and Knowledgebase,ASSOCIATED_WITH_ICO,nihorganizational-unit:nhgri:efad3a63729a,NHGRI,1
resource:R76,Gene Ontology Consortium and Knowledgebase,ASSOCIATED_WITH_ICO,nihorganizational-unit:nigms:c3596537d785,NIGMS,1
resource:R76,Gene Ontology Consortium and Knowledgebase,EXPOSES_API,apiservice:r76-http-api-geneontology-org-api:a35dbb094b80,REST service for Gene Ontology Consortium and Knowledgebase,1
resource:R76,Gene Ontology Consortium and Knowledgebase,EXPOSES_API,apiservice:r76-http-geneontology-org-sparql:7eb3561a5ea6,SPARQL service for Gene Ontology Consortium and Knowledgebase,1
resource:R76,Gene Ontology Consortium and Knowledgebase,IDENTIFIED_BY,external-identifier:bmic-row-r76:9659f9ce1d72,bmic_row: R76,1
resource:R76,Gene Ontology Consortium and Knowledgebase,IDENTIFIED_BY,external-identifier:data-access-url-https-geneontology-org-docs-faq-database-access:c3d6356451a1,data_access_url: https://geneontology.org/docs/faq/#database-access,1
resource:R76,Gene Ontology Consortium and Knowledgebase,IMPLEMENTS_STANDARD,standard:generic:a9a2542e57ab,generic,1
resource:R76,Gene Ontology Consortium and Knowledgebase,IMPLEMENTS_STANDARD,standard:https-rdamsc-bath-ac-uk-msc-m36:25f92105a432,Repository-Developed Metadata Schemas,1
resource:R76,Gene Ontology Consortium and Knowledgebase,IMPLEMENTS_STANDARD,standard:https-spec-openapis-org-oas-latest-html:ddce3578cfaa,OpenAPI Specification,1
resource:R76,Gene Ontology Consortium and Knowledgebase,IMPLEMENTS_STANDARD,standard:https-www-w3-org-tr-sparql11-query:2d6377d7c0d3,SPARQL 1.1,1
resource:R76,Gene Ontology Consortium and Knowledgebase,SUPPORTS_IDENTIFIER_SCHEME,identifier-scheme:other:6d45f56afab5,other,1
resource:R76,Gene Ontology Consortium and Knowledgebase,SUPPORTS_IDENTIFIER_SCHEME,identifier-scheme:purl:8d5d2e9ab31c,PURL,1
resource:R77,Reactome,ASSOCIATED_WITH_ICO,nihorganizational-unit:nhgri:efad3a63729a,NHGRI,1
resource:R77,Reactome,ASSOCIATED_WITH_ICO,nihorganizational-unit:od:f97d185e1e26,OD,1
resource:R77,Reactome,EXPOSES_API,apiservice:r77-https-reactome-org-contentservice:b4076f224d01,REST service for Reactome,1
resource:R77,Reactome,IDENTIFIED_BY,external-identifier:bmic-row-r77:b6f89c7f3ffb,bmic_row: R77,1
resource:R77,Reactome,IDENTIFIED_BY,external-identifier:data-access-url-https-reactome-org-content-schema-databaseobject:f1822c1a8abc,data_access_url: https://reactome.org/content/schema/DatabaseObject,1
resource:R77,Reactome,IDENTIFIED_BY,external-identifier:rrid-rrid-scr-003485:ed3cba4a200b,rrid: RRID:SCR_003485,1
resource:R77,Reactome,IMPLEMENTS_STANDARD,standard:generic:a9a2542e57ab,generic,1
resource:R77,Reactome,IMPLEMENTS_STANDARD,standard:https-spec-openapis-org-oas-latest-html:ddce3578cfaa,OpenAPI Specification,1
resource:R77,Reactome,IMPLEMENTS_STANDARD,standard:https-www-w3-org-tr-sparql11-query:2d6377d7c0d3,SPARQL 1.1,1
resource:R77,Reactome,SUPPORTS_IDENTIFIER_SCHEME,identifier-scheme:https-www-doi-org:5861c32be6d4,DOI,1
resource:R79,BioData Catalyst,ASSOCIATED_WITH_ICO,nihorganizational-unit:nhlbi:a47a761791eb,NHLBI,1
resource:R79,BioData Catalyst,HAS_ACCESS_SYSTEM,access-system:dbgap-access-system:8447ce4e0852,dbGaP Access System,1
resource:R79,BioData Catalyst,HAS_POLICY_DESIGNATION,policy-designation:nih-controlled-access-data-repository:fc6f37ee4801,NIH Controlled-Access Data Repository,1
resource:R79,BioData Catalyst,IDENTIFIED_BY,external-identifier:bmic-row-r79:e85a265fc007,bmic_row: R79,1
resource:R79,BioData Catalyst,IDENTIFIED_BY,external-identifier:data-access-url-https-biodatacatalyst-nhlbi-nih-gov-resources-data:39aed51d090f,data_access_url: https://biodatacatalyst.nhlbi.nih.gov/resources/data/,1
resource:R79,BioData Catalyst,IDENTIFIED_BY,external-identifier:data-submission-url-https-bdcatalyst-gitbook-io-biodata-catalyst-documentation-d:c34e2c323821,data_submission_url: https://bdcatalyst.gitbook.io/biodata-catalyst-documentation/data-management/biodata-catalyst-data-generator-guidance,1
resource:R79,BioData Catalyst,IDENTIFIED_BY,external-identifier:fairsharing-doi-10-25504-fairsharing-310405:85a9030f91f4,fairsharing_doi: 10.25504/FAIRsharing.310405,1
resource:R79,BioData Catalyst,IDENTIFIED_BY,external-identifier:re3data-https-www-re3data-org-search-query-biodata-20catalyst:20dee9494ea6,re3data: https://www.re3data.org/search?query=BioData%20Catalyst,1
resource:R79,BioData Catalyst,IMPLEMENTS_STANDARD,standard:generic:a9a2542e57ab,generic,1
resource:R79,BioData Catalyst,IMPLEMENTS_STANDARD,standard:https-hl7-org-fhir:24110bbf8f70,HL7 FHIR,1
resource:R79,BioData Catalyst,IMPLEMENTS_STANDARD,standard:https-rdamsc-bath-ac-uk-msc-m36:25f92105a432,Repository-Developed Metadata Schemas,1
resource:R79,BioData Catalyst,IMPLEMENTS_STANDARD,standard:https-spec-graphql-org:f96d667c7f20,GraphQL Specification,1
resource:R79,BioData Catalyst,IMPLEMENTS_STANDARD,standard:https-spec-openapis-org-oas-latest-html:ddce3578cfaa,OpenAPI Specification,1
resource:R79,BioData Catalyst,IMPLEMENTS_STANDARD,standard:https-www-ga4gh-org-product-data-repository-service-drs:ffeeea5aada2,GA4GH Data Repository Service (DRS),1
resource:R79,BioData Catalyst,IMPLEMENTS_STANDARD,standard:rest:f201967f1d34,rest,1
resource:R79,BioData Catalyst,SUPPORTS_IDENTIFIER_SCHEME,identifier-scheme:https-www-doi-org:5861c32be6d4,DOI,1
resource:R8,EveAnalytics,ASSOCIATED_WITH_ICO,nihorganizational-unit:ncats:f103a9f46aee,NCATS,1
resource:R8,EveAnalytics,IDENTIFIED_BY,external-identifier:bmic-row-r8:d0c2a4c8b353,bmic_row: R8,1
resource:R8,EveAnalytics,IDENTIFIED_BY,external-identifier:data-access-url-https-eveanalytics-com:0223697ebf0e,data_access_url: https://eveanalytics.com/,1
resource:R8,EveAnalytics,IDENTIFIED_BY,external-identifier:data-submission-url-https-eveanalytics-com:6e32b0e03f0d,data_submission_url: https://eveanalytics.com/,1
resource:R8,EveAnalytics,IDENTIFIED_BY,external-identifier:re3data-https-www-re3data-org-search-query-eveanalytics:2c34da76c7dc,re3data: https://www.re3data.org/search?query=EveAnalytics,1
resource:R8,EveAnalytics,IMPLEMENTS_STANDARD,standard:generic:a9a2542e57ab,generic,1
resource:R8,EveAnalytics,IMPLEMENTS_STANDARD,standard:https-spec-openapis-org-oas-latest-html:ddce3578cfaa,OpenAPI Specification,1
resource:R81,LungMAP,ASSOCIATED_WITH_ICO,nihorganizational-unit:nhlbi:a47a761791eb,NHLBI,1
resource:R81,LungMAP,IDENTIFIED_BY,external-identifier:bmic-row-r81:a91006bdc825,bmic_row: R81,1
resource:R81,LungMAP,IDENTIFIED_BY,external-identifier:data-access-url-https-www-lungmap-net-explore-data-visualize-data:3f9e803d9e99,data_access_url: https://www.lungmap.net/explore-data/visualize-data/,1
resource:R81,LungMAP,IDENTIFIED_BY,external-identifier:data-submission-url-https-www-lungmap-net-resources-2-ingest-data:e6601addab95,data_submission_url: https://www.lungmap.net/resources-2/ingest-data/,1
resource:R81,LungMAP,IMPLEMENTS_STANDARD,standard:generic:a9a2542e57ab,generic,1
resource:R81,LungMAP,IMPLEMENTS_STANDARD,standard:https-spec-openapis-org-oas-latest-html:ddce3578cfaa,OpenAPI Specification,1
resource:R82,National Sleep Research Resource,ASSOCIATED_WITH_ICO,nihorganizational-unit:nhlbi:a47a761791eb,NHLBI,1
resource:R82,National Sleep Research Resource,IDENTIFIED_BY,external-identifier:bmic-row-r82:390a6eec2e92,bmic_row: R82,1
resource:R82,National Sleep Research Resource,IDENTIFIED_BY,external-identifier:data-access-url-https-sleepdata-org-datasets:23bd842f1f70,data_access_url: https://sleepdata.org/datasets,1
resource:R82,National Sleep Research Resource,IDENTIFIED_BY,external-identifier:data-submission-url-https-sleepdata-org-share:5246d8ce2501,data_submission_url: https://sleepdata.org/share,1
resource:R82,National Sleep Research Resource,IDENTIFIED_BY,external-identifier:fairsharing-doi-10-25504-fairsharing-crjxwd:53d5085dd451,fairsharing_doi: 10.25504/FAIRsharing.crjxwd,1
resource:R82,National Sleep Research Resource,IDENTIFIED_BY,external-identifier:re3data-https-www-re3data-org-search-query-national-20sleep-20research-20resourc:c8e3d10605d7,re3data: https://www.re3data.org/search?query=National%20Sleep%20Research%20Resource,1
resource:R82,National Sleep Research Resource,IMPLEMENTS_STANDARD,standard:generic:a9a2542e57ab,generic,1
resource:R82,National Sleep Research Resource,IMPLEMENTS_STANDARD,standard:https-hl7-org-fhir:24110bbf8f70,HL7 FHIR,1
resource:R82,National Sleep Research Resource,IMPLEMENTS_STANDARD,standard:https-spec-graphql-org:f96d667c7f20,GraphQL Specification,1
resource:R82,National Sleep Research Resource,IMPLEMENTS_STANDARD,standard:https-spec-openapis-org-oas-latest-html:ddce3578cfaa,OpenAPI Specification,1
resource:R82,National Sleep Research Resource,IMPLEMENTS_STANDARD,standard:rest:f201967f1d34,rest,1
resource:R82,National Sleep Research Resource,SUPPORTS_IDENTIFIER_SCHEME,identifier-scheme:https-www-doi-org:5861c32be6d4,DOI,1
resource:R83,Rare Disease Cures Accelerator - Data and Analytics Platform (RDCA-DAP),ASSOCIATED_WITH_ICO,nihorganizational-unit:nhlbi:a47a761791eb,NHLBI,1
resource:R83,Rare Disease Cures Accelerator - Data and Analytics Platform (RDCA-DAP),IDENTIFIED_BY,external-identifier:bmic-row-r83:6267ec9851de,bmic_row: R83,1
resource:R83,Rare Disease Cures Accelerator - Data and Analytics Platform (RDCA-DAP),IDENTIFIED_BY,external-identifier:data-access-url-https-fair-dap-c-path-org-data-home:d7ae330474fe,data_access_url: https://fair.dap.c-path.org/#/data/home,1
resource:R83,Rare Disease Cures Accelerator - Data and Analytics Platform (RDCA-DAP),IDENTIFIED_BY,external-identifier:data-submission-url-https-portal-rdca-c-path-org-contribute-data:cb0b082c023a,data_submission_url: https://portal.rdca.c-path.org/contribute-data,1
resource:R83,Rare Disease Cures Accelerator - Data and Analytics Platform (RDCA-DAP),IDENTIFIED_BY,external-identifier:re3data-https-www-re3data-org-search-query-rare-20disease-20cures-20accelerator-:6593963563f1,re3data: https://www.re3data.org/search?query=Rare%20Disease%20Cures%20Accelerator%20-%20Data%20and%20Analytics%20Platform,1
resource:R83,Rare Disease Cures Accelerator - Data and Analytics Platform (RDCA-DAP),IMPLEMENTS_STANDARD,standard:generic:a9a2542e57ab,generic,1
resource:R83,Rare Disease Cures Accelerator - Data and Analytics Platform (RDCA-DAP),IMPLEMENTS_STANDARD,standard:https-hl7-org-fhir:24110bbf8f70,HL7 FHIR,1
resource:R83,Rare Disease Cures Accelerator - Data and Analytics Platform (RDCA-DAP),IMPLEMENTS_STANDARD,standard:https-spec-graphql-org:f96d667c7f20,GraphQL Specification,1
resource:R83,Rare Disease Cures Accelerator - Data and Analytics Platform (RDCA-DAP),IMPLEMENTS_STANDARD,standard:https-spec-openapis-org-oas-latest-html:ddce3578cfaa,OpenAPI Specification,1
resource:R83,Rare Disease Cures Accelerator - Data and Analytics Platform (RDCA-DAP),IMPLEMENTS_STANDARD,standard:rest:f201967f1d34,rest,1
resource:R84,Rat Genome Database (RGD),ASSOCIATED_WITH_ICO,nihorganizational-unit:nhlbi:a47a761791eb,NHLBI,1
resource:R84,Rat Genome Database (RGD),EXPOSES_API,apiservice:r84-https-rest-rgd-mcw-edu-rgdws-swagger-ui-index-html:ba50b7a80fc7,REST service for Rat Genome Database (RGD),1
resource:R84,Rat Genome Database (RGD),IDENTIFIED_BY,external-identifier:bmic-row-r84:5cc8295a6f75,bmic_row: R84,1
resource:R84,Rat Genome Database (RGD),IDENTIFIED_BY,external-identifier:data-access-url-https-rgd-mcw-edu-rgdweb-homepage:e9cca3e91898,data_access_url: https://rgd.mcw.edu/rgdweb/homepage/,1
resource:R84,Rat Genome Database (RGD),IDENTIFIED_BY,external-identifier:data-submission-url-https-rgd-mcw-edu-rgdweb-homepage:467b003a2dc4,data_submission_url: https://rgd.mcw.edu/rgdweb/homepage/,1
resource:R84,Rat Genome Database (RGD),IDENTIFIED_BY,external-identifier:fairsharing-doi-10-25504-fairsharing-pfg82t:b2bdeea9a0be,fairsharing_doi: 10.25504/FAIRsharing.pfg82t,1
resource:R84,Rat Genome Database (RGD),IDENTIFIED_BY,external-identifier:re3data-https-www-re3data-org-search-query-rat-20genome-20database:5839111f240c,re3data: https://www.re3data.org/search?query=Rat%20Genome%20Database,1
resource:R84,Rat Genome Database (RGD),IDENTIFIED_BY,external-identifier:rrid-rrid-scr-006444:681c7143bf57,rrid: RRID:SCR_006444,1
resource:R84,Rat Genome Database (RGD),IMPLEMENTS_STANDARD,standard:generic:a9a2542e57ab,generic,1
resource:R84,Rat Genome Database (RGD),IMPLEMENTS_STANDARD,standard:https-spec-openapis-org-oas-latest-html:ddce3578cfaa,OpenAPI Specification,1
resource:R84,Rat Genome Database (RGD),SUPPORTS_IDENTIFIER_SCHEME,identifier-scheme:none:a293bcf5747a,none,1
resource:R85,Brain Data Science Platform (BDSP),ASSOCIATED_WITH_ICO,nihorganizational-unit:nhlbi:a47a761791eb,NHLBI,1
resource:R85,Brain Data Science Platform (BDSP),ASSOCIATED_WITH_ICO,nihorganizational-unit:nia:5fb35d52763b,NIA,1
resource:R85,Brain Data Science Platform (BDSP),ASSOCIATED_WITH_ICO,nihorganizational-unit:ninds:5cfdd7438e69,NINDS,1
resource:R85,Brain Data Science Platform (BDSP),IDENTIFIED_BY,external-identifier:bmic-row-r85:1dd01cd346e1,bmic_row: R85,1
resource:R85,Brain Data Science Platform (BDSP),IDENTIFIED_BY,external-identifier:data-access-url-https-bdsp-io-about-database:abfb01e977fd,data_access_url: https://bdsp.io/about/database/,1
resource:R85,Brain Data Science Platform (BDSP),IDENTIFIED_BY,external-identifier:re3data-https-www-re3data-org-search-query-brain-20data-20science-20platform:1646f5edcbaa,re3data: https://www.re3data.org/search?query=Brain%20Data%20Science%20Platform,1
resource:R85,Brain Data Science Platform (BDSP),IMPLEMENTS_STANDARD,standard:generic:a9a2542e57ab,generic,1
resource:R85,Brain Data Science Platform (BDSP),IMPLEMENTS_STANDARD,standard:https-spec-openapis-org-oas-latest-html:ddce3578cfaa,OpenAPI Specification,1
resource:R86,AgingResearchBiobank,ASSOCIATED_WITH_ICO,nihorganizational-unit:nia:5fb35d52763b,NIA,1
resource:R86,AgingResearchBiobank,HAS_ACCESS_SYSTEM,access-system:aging-research-biobank-access-system:070e13d8ea10,Aging Research Biobank Access System,1
resource:R86,AgingResearchBiobank,HAS_POLICY_DESIGNATION,policy-designation:nih-controlled-access-data-repository:fc6f37ee4801,NIH Controlled-Access Data Repository,1
resource:R86,AgingResearchBiobank,IDENTIFIED_BY,external-identifier:bmic-row-r86:e92637e3e243,bmic_row: R86,1
resource:R86,AgingResearchBiobank,IDENTIFIED_BY,external-identifier:data-access-url-https-agingresearchbiobank-nia-nih-gov-how-to-make-a-request:f596b7389679,data_access_url: https://agingresearchbiobank.nia.nih.gov/how-to-make-a-request/,1
resource:R86,AgingResearchBiobank,IDENTIFIED_BY,external-identifier:data-submission-url-https-agingresearchbiobank-nia-nih-gov-submit-datasets:0a80c332f0b7,data_submission_url: https://agingresearchbiobank.nia.nih.gov/submit-datasets/,1
resource:R86,AgingResearchBiobank,IDENTIFIED_BY,external-identifier:fairsharing-doi-10-25504-fairsharing-b83c1e:bf7a959c0fe8,fairsharing_doi: 10.25504/FAIRsharing.b83c1e,1
resource:R86,AgingResearchBiobank,IDENTIFIED_BY,external-identifier:re3data-https-www-re3data-org-search-query-agingresearchbiobank:780d61685b39,re3data: https://www.re3data.org/search?query=AgingResearchBiobank,1
resource:R86,AgingResearchBiobank,IMPLEMENTS_STANDARD,standard:generic:a9a2542e57ab,generic,1
resource:R86,AgingResearchBiobank,IMPLEMENTS_STANDARD,standard:https-spec-openapis-org-oas-latest-html:ddce3578cfaa,OpenAPI Specification,1
resource:R87,Alzheimer's Disease Knowledge Portal (AD Knowledge Portal),ASSOCIATED_WITH_ICO,nihorganizational-unit:nia:5fb35d52763b,NIA,1
resource:R87,Alzheimer's Disease Knowledge Portal (AD Knowledge Portal),IDENTIFIED_BY,external-identifier:bmic-row-r87:1e261db38783,bmic_row: R87,1
resource:R87,Alzheimer's Disease Knowledge Portal (AD Knowledge Portal),IDENTIFIED_BY,external-identifier:data-access-url-https-adknowledgeportal-synapse-org-data-20access:df68e6dc24ec,data_access_url: https://adknowledgeportal.synapse.org/Data%20Access,1
resource:R87,Alzheimer's Disease Knowledge Portal (AD Knowledge Portal),IDENTIFIED_BY,external-identifier:data-submission-url-https-adknowledgeportal-synapse-org-contribute:91c70b2e250b,data_submission_url: https://adknowledgeportal.synapse.org/Contribute,1
resource:R87,Alzheimer's Disease Knowledge Portal (AD Knowledge Portal),IMPLEMENTS_STANDARD,standard:generic:a9a2542e57ab,generic,1
resource:R87,Alzheimer's Disease Knowledge Portal (AD Knowledge Portal),IMPLEMENTS_STANDARD,standard:https-spec-openapis-org-oas-latest-html:ddce3578cfaa,OpenAPI Specification,1
resource:R88,AMP Alzheimer's Disease (AD),ASSOCIATED_WITH_ICO,nihorganizational-unit:nia:5fb35d52763b,NIA,1
resource:R88,AMP Alzheimer's Disease (AD),IDENTIFIED_BY,external-identifier:bmic-row-b87:c15a444f0838,bmic_row: B87,1
resource:R88,AMP Alzheimer's Disease (AD),IDENTIFIED_BY,external-identifier:csv-id-88:cec9a5774ff5,csv_id: 88,1
resource:R88,AMP Alzheimer's Disease (AD),IDENTIFIED_BY,external-identifier:data-access-url-https-adknowledgeportal-synapse-org-data-20access:df68e6dc24ec,data_access_url: https://adknowledgeportal.synapse.org/Data%20Access,1
resource:R88,AMP Alzheimer's Disease (AD),IDENTIFIED_BY,external-identifier:data-submission-url-https-adknowledgeportal-synapse-org-contribute:91c70b2e250b,data_submission_url: https://adknowledgeportal.synapse.org/Contribute,1
resource:R88,AMP Alzheimer's Disease (AD),IMPLEMENTS_STANDARD,standard:generic:a9a2542e57ab,generic,1
resource:R88,AMP Alzheimer's Disease (AD),IMPLEMENTS_STANDARD,standard:https-spec-openapis-org-oas-latest-html:ddce3578cfaa,OpenAPI Specification,1
resource:R89,Cell Image Library,ASSOCIATED_WITH_ICO,nihorganizational-unit:nia:5fb35d52763b,NIA,1
resource:R89,Cell Image Library,IDENTIFIED_BY,external-identifier:bmic-row-r89:3e20b527c3fc,bmic_row: R89,1
resource:R89,Cell Image Library,IDENTIFIED_BY,external-identifier:data-access-url-http-www-cellimagelibrary-org-images-advanced-search:8ffbbf7da279,data_access_url: http://www.cellimagelibrary.org/images/advanced_search,1
resource:R89,Cell Image Library,IDENTIFIED_BY,external-identifier:data-submission-url-http-www-cellimagelibrary-org-pages-contribute:00662a55582b,data_submission_url: http://www.cellimagelibrary.org/pages/contribute,1
resource:R89,Cell Image Library,IDENTIFIED_BY,external-identifier:re3data-https-www-re3data-org-search-query-cell-20image-20library:def9dd33f8f6,re3data: https://www.re3data.org/search?query=Cell%20Image%20Library,1
resource:R89,Cell Image Library,IDENTIFIED_BY,external-identifier:rrid-rrid-scr-003510:a8ed26724882,rrid: RRID:SCR_003510,1
resource:R89,Cell Image Library,IMPLEMENTS_STANDARD,standard:generic:a9a2542e57ab,generic,1
resource:R89,Cell Image Library,IMPLEMENTS_STANDARD,standard:https-spec-openapis-org-oas-latest-html:ddce3578cfaa,OpenAPI Specification,1
resource:R89,Cell Image Library,SUPPORTS_IDENTIFIER_SCHEME,identifier-scheme:https-arks-org:0005e53c002f,ARK,1
resource:R89,Cell Image Library,SUPPORTS_IDENTIFIER_SCHEME,identifier-scheme:https-www-doi-org:5861c32be6d4,DOI,1
resource:R9,Inxight Informatics System,ASSOCIATED_WITH_ICO,nihorganizational-unit:ncats:f103a9f46aee,NCATS,1
resource:R9,Inxight Informatics System,IDENTIFIED_BY,external-identifier:bmic-row-b8:98aff29761cf,bmic_row: B8,1
resource:R9,Inxight Informatics System,IDENTIFIED_BY,external-identifier:csv-id-9:ce118a7f0d0b,csv_id: 9,1
resource:R9,Inxight Informatics System,IDENTIFIED_BY,external-identifier:data-access-url-https-drugs-ncats-io-substances:f88bc6d7b696,data_access_url: https://drugs.ncats.io/substances,1
resource:R9,Inxight Informatics System,IDENTIFIED_BY,external-identifier:rrid-rrid-scr-016490:0d9416f2af1b,rrid: RRID:SCR_016490,1
resource:R9,Inxight Informatics System,IMPLEMENTS_STANDARD,standard:generic:a9a2542e57ab,generic,1
resource:R9,Inxight Informatics System,IMPLEMENTS_STANDARD,standard:https-spec-openapis-org-oas-latest-html:ddce3578cfaa,OpenAPI Specification,1
resource:R90,Exceptional Longevity Translational Resources (ELITE) Portal,ASSOCIATED_WITH_ICO,nihorganizational-unit:nia:5fb35d52763b,NIA,1
resource:R90,Exceptional Longevity Translational Resources (ELITE) Portal,IDENTIFIED_BY,external-identifier:bmic-row-r90:9ff9ab279cac,bmic_row: R90,1
resource:R90,Exceptional Longevity Translational Resources (ELITE) Portal,IDENTIFIED_BY,external-identifier:data-access-url-https-eliteportal-synapse-org-data-20access-how-20to-20access-20:24d42d47fe34,data_access_url: https://eliteportal.synapse.org/Data%20Access/How%20to%20Access%20Data,1
resource:R90,Exceptional Longevity Translational Resources (ELITE) Portal,IDENTIFIED_BY,external-identifier:data-submission-url-https-eliteportal-synapse-org-contribute-20data:561a0f4c11ad,data_submission_url: https://eliteportal.synapse.org/Contribute%20Data,1
resource:R90,Exceptional Longevity Translational Resources (ELITE) Portal,IMPLEMENTS_STANDARD,standard:generic:a9a2542e57ab,generic,1
resource:R90,Exceptional Longevity Translational Resources (ELITE) Portal,IMPLEMENTS_STANDARD,standard:https-spec-openapis-org-oas-latest-html:ddce3578cfaa,OpenAPI Specification,1
resource:R91,National Archive of Computerized Data on Aging (NACDA),ASSOCIATED_WITH_ICO,nihorganizational-unit:nia:5fb35d52763b,NIA,1
resource:R91,National Archive of Computerized Data on Aging (NACDA),EXPOSES_API,apiservice:r91-https-gw-api-it-umich-edu-icpsr-objectexport-export-requests:d7e923d8963b,other service for National Archive of Computerized Data on Aging (NACDA),1
resource:R91,National Archive of Computerized Data on Aging (NACDA),EXPOSES_API,apiservice:r91-https-harmonize-icpsr-umich-edu-oai-request-verb-identify:90d4e8fd263a,OAI-PMH service for National Archive of Computerized Data on Aging (NACDA),1
resource:R91,National Archive of Computerized Data on Aging (NACDA),IDENTIFIED_BY,external-identifier:bmic-row-r91:f09c6f5e203a,bmic_row: R91,1
resource:R91,National Archive of Computerized Data on Aging (NACDA),IDENTIFIED_BY,external-identifier:data-access-url-https-www-icpsr-umich-edu-sites-nacda-home:64bb0b6eb0f8,data_access_url: https://www.icpsr.umich.edu/sites/nacda/home,1
resource:R91,National Archive of Computerized Data on Aging (NACDA),IDENTIFIED_BY,external-identifier:data-submission-url-https-www-icpsr-umich-edu-sites-nacda-deposit-data:4075e2f8dc06,data_submission_url: https://www.icpsr.umich.edu/sites/nacda/deposit-data,1
resource:R91,National Archive of Computerized Data on Aging (NACDA),IDENTIFIED_BY,external-identifier:re3data-https-www-re3data-org-search-query-national-20archive-20of-20computerize:cbc219df5533,re3data: https://www.re3data.org/search?query=National%20Archive%20of%20Computerized%20Data%20on%20Aging,1
resource:R91,National Archive of Computerized Data on Aging (NACDA),IDENTIFIED_BY,external-identifier:rrid-rrid-scr-008902:4e85004c6960,rrid: RRID:SCR_008902,1
resource:R91,National Archive of Computerized Data on Aging (NACDA),IMPLEMENTS_STANDARD,standard:generic:a9a2542e57ab,generic,1
resource:R91,National Archive of Computerized Data on Aging (NACDA),IMPLEMENTS_STANDARD,standard:https-rdamsc-bath-ac-uk-msc-m12:9675aaeab3c1,DCAT 3,1
resource:R91,National Archive of Computerized Data on Aging (NACDA),IMPLEMENTS_STANDARD,standard:https-rdamsc-bath-ac-uk-msc-m13:e641100b6dfa,DDI (Data Documentation Initiative),1
resource:R91,National Archive of Computerized Data on Aging (NACDA),IMPLEMENTS_STANDARD,standard:https-rdamsc-bath-ac-uk-msc-m15:886fcef4bcaa,Dublin Core Metadata Terms,1
resource:R91,National Archive of Computerized Data on Aging (NACDA),IMPLEMENTS_STANDARD,standard:https-rdamsc-bath-ac-uk-msc-m88:8355240550d0,MARC (Machine-Readable Cataloging),1
resource:R91,National Archive of Computerized Data on Aging (NACDA),IMPLEMENTS_STANDARD,standard:https-spec-openapis-org-oas-latest-html:ddce3578cfaa,OpenAPI Specification,1
resource:R91,National Archive of Computerized Data on Aging (NACDA),IMPLEMENTS_STANDARD,standard:https-www-w3-org-tr-sparql11-query:2d6377d7c0d3,SPARQL 1.1,1
resource:R91,National Archive of Computerized Data on Aging (NACDA),SUPPORTS_IDENTIFIER_SCHEME,identifier-scheme:https-www-doi-org:5861c32be6d4,DOI,1
resource:R92,Network for Investigation of Delirium: Unifying Scientists,ASSOCIATED_WITH_ICO,nihorganizational-unit:nia:5fb35d52763b,NIA,1
resource:R92,Network for Investigation of Delirium: Unifying Scientists,IDENTIFIED_BY,external-identifier:bmic-row-b91:9b48df0c486e,bmic_row: B91,1
resource:R92,Network for Investigation of Delirium: Unifying Scientists,IDENTIFIED_BY,external-identifier:csv-id-92:317bcbe1489f,csv_id: 92,1
resource:R92,Network for Investigation of Delirium: Unifying Scientists,IDENTIFIED_BY,external-identifier:data-access-url-https-deliriumnetwork-org-delirium-research-hub-delirium-hub-bro:284006527d6e,data_access_url: https://deliriumnetwork.org/delirium-research-hub/delirium-hub-browse/,1
resource:R92,Network for Investigation of Delirium: Unifying Scientists,IDENTIFIED_BY,external-identifier:data-submission-url-https-deliriumnetwork-org-delirium-research-hub:9215a31d5800,data_submission_url: https://deliriumnetwork.org/delirium-research-hub/,1
resource:R92,Network for Investigation of Delirium: Unifying Scientists,IMPLEMENTS_STANDARD,standard:generic:a9a2542e57ab,generic,1
resource:R92,Network for Investigation of Delirium: Unifying Scientists,IMPLEMENTS_STANDARD,standard:https-spec-openapis-org-oas-latest-html:ddce3578cfaa,OpenAPI Specification,1
resource:R93,NIA Data Linkage Program,ASSOCIATED_WITH_ICO,nihorganizational-unit:nia:5fb35d52763b,NIA,1
resource:R93,NIA Data Linkage Program,HAS_ACCESS_SYSTEM,access-system:nia-data-linkage-program-access-system:4113c84dac67,NIA Data LINKAGE Program Access System,1
resource:R93,NIA Data Linkage Program,HAS_POLICY_DESIGNATION,policy-designation:nih-controlled-access-data-repository:fc6f37ee4801,NIH Controlled-Access Data Repository,1
resource:R93,NIA Data Linkage Program,IDENTIFIED_BY,external-identifier:bmic-row-r93:4bc10534bfdb,bmic_row: R93,1
resource:R93,NIA Data Linkage Program,IDENTIFIED_BY,external-identifier:data-access-url-https-www-nia-nih-gov-research-dbsr-nia-data-linkage-program-lin:2df4fcc77675,data_access_url: https://www.nia.nih.gov/research/dbsr/nia-data-linkage-program-linkage/available-data,1
resource:R93,NIA Data Linkage Program,IDENTIFIED_BY,external-identifier:data-submission-url-https-www-nia-nih-gov-research-dbsr-nia-data-linkage-program:ed94e8555350,data_submission_url: https://www.nia.nih.gov/research/dbsr/nia-data-linkage-program-linkage/access-or-share-linkage-data,1
resource:R93,NIA Data Linkage Program,IDENTIFIED_BY,external-identifier:re3data-https-www-re3data-org-search-query-nia-20data-20linkage-20program:9187a8fb5122,re3data: https://www.re3data.org/search?query=Nia%20Data%20Linkage%20Program,1
resource:R93,NIA Data Linkage Program,IMPLEMENTS_STANDARD,standard:generic:a9a2542e57ab,generic,1
resource:R93,NIA Data Linkage Program,IMPLEMENTS_STANDARD,standard:https-spec-openapis-org-oas-latest-html:ddce3578cfaa,OpenAPI Specification,1
resource:R94,NIA Genetics of Alzheimer's Disease Data Storage Site (NIAGADS),ASSOCIATED_WITH_ICO,nihorganizational-unit:nia:5fb35d52763b,NIA,1
resource:R94,NIA Genetics of Alzheimer's Disease Data Storage Site (NIAGADS),HAS_ACCESS_SYSTEM,access-system:niagads-access-system:6357b748da81,NIAGADS Access System,1
resource:R94,NIA Genetics of Alzheimer's Disease Data Storage Site (NIAGADS),HAS_POLICY_DESIGNATION,policy-designation:nih-controlled-access-data-repository:fc6f37ee4801,NIH Controlled-Access Data Repository,1
resource:R94,NIA Genetics of Alzheimer's Disease Data Storage Site (NIAGADS),IDENTIFIED_BY,external-identifier:bmic-row-b93:e073abaaebb4,bmic_row: B93,1
resource:R94,NIA Genetics of Alzheimer's Disease Data Storage Site (NIAGADS),IDENTIFIED_BY,external-identifier:csv-id-94:6ea032a9dae9,csv_id: 94,1
resource:R94,NIA Genetics of Alzheimer's Disease Data Storage Site (NIAGADS),IDENTIFIED_BY,external-identifier:data-access-url-https-dss-niagads-org-datasets:92da12dffe36,data_access_url: https://dss.niagads.org/datasets/,1
resource:R94,NIA Genetics of Alzheimer's Disease Data Storage Site (NIAGADS),IDENTIFIED_BY,external-identifier:data-submission-url-https-dss-niagads-org-documentation-data-application-and-sub:b7f26c3c4266,data_submission_url: https://dss.niagads.org/documentation/data-application-and-submission/data-submission-instructions/,1
resource:R94,NIA Genetics of Alzheimer's Disease Data Storage Site (NIAGADS),IDENTIFIED_BY,external-identifier:fairsharing-doi-10-25504-fairsharing-de1d81:4289a2b336f6,fairsharing_doi: 10.25504/FAIRsharing.de1d81,1
resource:R94,NIA Genetics of Alzheimer's Disease Data Storage Site (NIAGADS),IDENTIFIED_BY,external-identifier:rrid-rrid-scr-007314:22519f91d043,rrid: RRID:SCR_007314,1
resource:R94,NIA Genetics of Alzheimer's Disease Data Storage Site (NIAGADS),IMPLEMENTS_STANDARD,standard:generic:a9a2542e57ab,generic,1
resource:R94,NIA Genetics of Alzheimer's Disease Data Storage Site (NIAGADS),IMPLEMENTS_STANDARD,standard:https-spec-openapis-org-oas-latest-html:ddce3578cfaa,OpenAPI Specification,1
resource:R94,NIA Genetics of Alzheimer's Disease Data Storage Site (NIAGADS),IMPLEMENTS_STANDARD,standard:https-www-ga4gh-org-product-data-repository-service-drs:ffeeea5aada2,GA4GH Data Repository Service (DRS),1
resource:R95,Primate Aging Database,ASSOCIATED_WITH_ICO,nihorganizational-unit:nia:5fb35d52763b,NIA,1
resource:R95,Primate Aging Database,IDENTIFIED_BY,external-identifier:bmic-row-r95:fa880d15d779,bmic_row: R95,1
resource:R95,Primate Aging Database,IDENTIFIED_BY,external-identifier:data-access-url-https-primatedatabase-org-help-policies-data-access-policy:6e66e3f7fe83,data_access_url: https://primatedatabase.org/help/policies#data-access-policy,1
resource:R95,Primate Aging Database,IDENTIFIED_BY,external-identifier:data-submission-url-https-primatedatabase-org-help-policies-data-submit-policy:f5cb6598dcb1,data_submission_url: https://primatedatabase.org/help/policies#data-submit-policy,1
resource:R95,Primate Aging Database,IDENTIFIED_BY,external-identifier:fairsharing-doi-10-25504-fairsharing-6704ba:4cf9544003a9,fairsharing_doi: 10.25504/FAIRsharing.6704ba,1
resource:R95,Primate Aging Database,IDENTIFIED_BY,external-identifier:re3data-https-www-re3data-org-search-query-primate-20aging-20database:bc58e3752ae6,re3data: https://www.re3data.org/search?query=Primate%20Aging%20Database,1
resource:R95,Primate Aging Database,IMPLEMENTS_STANDARD,standard:generic:a9a2542e57ab,generic,1
resource:R95,Primate Aging Database,IMPLEMENTS_STANDARD,standard:https-hl7-org-fhir:24110bbf8f70,HL7 FHIR,1
resource:R95,Primate Aging Database,IMPLEMENTS_STANDARD,standard:https-spec-graphql-org:f96d667c7f20,GraphQL Specification,1
resource:R95,Primate Aging Database,IMPLEMENTS_STANDARD,standard:https-spec-openapis-org-oas-latest-html:ddce3578cfaa,OpenAPI Specification,1
resource:R95,Primate Aging Database,IMPLEMENTS_STANDARD,standard:rest:f201967f1d34,rest,1
resource:R97,NeuroImaging Tools and Resources Collaboratory (NITRC),ASSOCIATED_WITH_ICO,nihorganizational-unit:nia:5fb35d52763b,NIA,1
resource:R97,NeuroImaging Tools and Resources Collaboratory (NITRC),ASSOCIATED_WITH_ICO,nihorganizational-unit:nibib:aed22c486521,NIBIB,1
resource:R97,NeuroImaging Tools and Resources Collaboratory (NITRC),ASSOCIATED_WITH_ICO,nihorganizational-unit:nimh:e34089bd2ccf,NIMH,1
resource:R97,NeuroImaging Tools and Resources Collaboratory (NITRC),ASSOCIATED_WITH_ICO,nihorganizational-unit:ninds:5cfdd7438e69,NINDS,1
resource:R97,NeuroImaging Tools and Resources Collaboratory (NITRC),EXPOSES_API,apiservice:r97-https-www-nitrc-org-soap:e85ef3474c6b,SOAP service for NeuroImaging Tools and Resources Collaboratory (NITRC),1
resource:R97,NeuroImaging Tools and Resources Collaboratory (NITRC),IDENTIFIED_BY,external-identifier:bmic-row-r97:ca22fae22c50,bmic_row: R97,1
resource:R97,NeuroImaging Tools and Resources Collaboratory (NITRC),IDENTIFIED_BY,external-identifier:data-access-url-https-www-nitrc-org-plugins-mwiki-index-php-nitrc-user-guide-dat:99e3a2149adb,data_access_url: https://www.nitrc.org/plugins/mwiki/index.php/nitrc:User_Guide_-_Data_Access,1
resource:R97,NeuroImaging Tools and Resources Collaboratory (NITRC),IDENTIFIED_BY,external-identifier:data-submission-url-https-www-nitrc-org-plugins-mwiki-index-php-nitrc-user-guide:713dd031b2c4,data_submission_url: https://www.nitrc.org/plugins/mwiki/index.php/nitrc:User_Guide_-_Data_Submission,1
resource:R97,NeuroImaging Tools and Resources Collaboratory (NITRC),IDENTIFIED_BY,external-identifier:fairsharing-doi-10-25504-fairsharing-6b9re3:d41ed157c7cb,fairsharing_doi: 10.25504/FAIRsharing.6b9re3,1
resource:R97,NeuroImaging Tools and Resources Collaboratory (NITRC),IDENTIFIED_BY,external-identifier:re3data-https-www-re3data-org-search-query-neuroimaging-20tools-20and-20resource:ee19c68c7fe7,re3data: https://www.re3data.org/search?query=NeuroImaging%20Tools%20and%20Resources%20Collaboratory,1
resource:R97,NeuroImaging Tools and Resources Collaboratory (NITRC),IDENTIFIED_BY,external-identifier:rrid-rrid-scr-007278:33206686a564,rrid: RRID:SCR_007278,1
resource:R97,NeuroImaging Tools and Resources Collaboratory (NITRC),IMPLEMENTS_STANDARD,standard:generic:a9a2542e57ab,generic,1
resource:R97,NeuroImaging Tools and Resources Collaboratory (NITRC),IMPLEMENTS_STANDARD,standard:https-spec-openapis-org-oas-latest-html:ddce3578cfaa,OpenAPI Specification,1
resource:R97,NeuroImaging Tools and Resources Collaboratory (NITRC),SUPPORTS_IDENTIFIER_SCHEME,identifier-scheme:none:a293bcf5747a,none,1
resource:R98,Inter-university Consortium for Political and Social Research (ICPSR),ACCEPTABLE_FALLBACK_FOR_PUBLISHER_POLICY,publisher-policy:plos-plos-portfolio-https-journals-plos-org-plosone-s-data-availability:58792aebfbae,PLOS ONE Data Availability,1
resource:R98,Inter-university Consortium for Political and Social Research (ICPSR),ASSOCIATED_WITH_ICO,nihorganizational-unit:nia:5fb35d52763b,NIA,1
resource:R98,Inter-university Consortium for Political and Social Research (ICPSR),ASSOCIATED_WITH_ICO,nihorganizational-unit:nichd:02216d8a5581,NICHD,1
resource:R98,Inter-university Consortium for Political and Social Research (ICPSR),ASSOCIATED_WITH_ICO,nihorganizational-unit:nida:509096dabb23,NIDA,1
resource:R98,Inter-university Consortium for Political and Social Research (ICPSR),IDENTIFIED_BY,external-identifier:bmic-row-r98:ff3c7b566ca2,bmic_row: R98,1
resource:R98,Inter-university Consortium for Political and Social Research (ICPSR),IDENTIFIED_BY,external-identifier:data-access-url-https-www-icpsr-umich-edu-sites-icpsr-find-data:5542e3484ffa,data_access_url: https://www.icpsr.umich.edu/sites/icpsr/find-data,1
resource:R98,Inter-university Consortium for Political and Social Research (ICPSR),IDENTIFIED_BY,external-identifier:data-submission-url-https-www-icpsr-umich-edu-sites-icpsr-manage-data-deposit:5f9337ae0ab0,data_submission_url: https://www.icpsr.umich.edu/sites/icpsr/manage-data/deposit,1
resource:R98,Inter-university Consortium for Political and Social Research (ICPSR),IDENTIFIED_BY,external-identifier:rrid-rrid-scr-008902:4e85004c6960,rrid: RRID:SCR_008902,1
resource:R98,Inter-university Consortium for Political and Social Research (ICPSR),IMPLEMENTS_STANDARD,standard:generic:a9a2542e57ab,generic,1
resource:R98,Inter-university Consortium for Political and Social Research (ICPSR),IMPLEMENTS_STANDARD,standard:https-rdamsc-bath-ac-uk-msc-m13:e641100b6dfa,DDI (Data Documentation Initiative),1
resource:R98,Inter-university Consortium for Political and Social Research (ICPSR),IMPLEMENTS_STANDARD,standard:https-rdamsc-bath-ac-uk-msc-m15:886fcef4bcaa,Dublin Core Metadata Terms,1
resource:R98,Inter-university Consortium for Political and Social Research (ICPSR),IMPLEMENTS_STANDARD,standard:https-spec-openapis-org-oas-latest-html:ddce3578cfaa,OpenAPI Specification,1
resource:R98,Inter-university Consortium for Political and Social Research (ICPSR),RECOMMENDED_BY_PUBLISHER_POLICY,publisher-policy:scientific-data-scientific-data-https-www-nature-com-sdata-policies-repositories:a57755dccb0f,Data Repository Guidance,1
resource:R98,Inter-university Consortium for Political and Social Research (ICPSR),SUPPORTS_IDENTIFIER_SCHEME,identifier-scheme:https-www-doi-org:5861c32be6d4,DOI,1
resource:R99,Accelerating Medicines Partnership in Parkinson's Disease (AMP-PD),ASSOCIATED_WITH_ICO,nihorganizational-unit:fnih:77ab8cc6e7bd,FNIH,1
resource:R99,Accelerating Medicines Partnership in Parkinson's Disease (AMP-PD),ASSOCIATED_WITH_ICO,nihorganizational-unit:nia:5fb35d52763b,NIA,1
resource:R99,Accelerating Medicines Partnership in Parkinson's Disease (AMP-PD),HAS_ACCESS_SYSTEM,access-system:amp-pd-access-system:b5b2d16994cb,AMP PD Access System,1
resource:R99,Accelerating Medicines Partnership in Parkinson's Disease (AMP-PD),HAS_POLICY_DESIGNATION,policy-designation:nih-controlled-access-data-repository:fc6f37ee4801,NIH Controlled-Access Data Repository,1
resource:R99,Accelerating Medicines Partnership in Parkinson's Disease (AMP-PD),IDENTIFIED_BY,external-identifier:bmic-row-b6:0884c9f0a592,bmic_row: B6,1
resource:R99,Accelerating Medicines Partnership in Parkinson's Disease (AMP-PD),IDENTIFIED_BY,external-identifier:csv-id-99:6b4f0a1747b8,csv_id: 99,1
resource:R99,Accelerating Medicines Partnership in Parkinson's Disease (AMP-PD),IDENTIFIED_BY,external-identifier:data-access-url-https-amp-pdrd-org-faqs:4108d7e3caac,data_access_url: https://amp-pdrd.org/faqs,1
resource:R99,Accelerating Medicines Partnership in Parkinson's Disease (AMP-PD),IDENTIFIED_BY,external-identifier:data-submission-url-https-amp-pdrd-org-faqs:3f424cfcc4dd,data_submission_url: https://amp-pdrd.org/faqs,1
resource:R99,Accelerating Medicines Partnership in Parkinson's Disease (AMP-PD),IDENTIFIED_BY,external-identifier:fairsharing-doi-10-25504-fairsharing-51f408:c2475a3f3ea7,fairsharing_doi: 10.25504/FAIRsharing.51f408,1
resource:R99,Accelerating Medicines Partnership in Parkinson's Disease (AMP-PD),IDENTIFIED_BY,external-identifier:re3data-https-www-re3data-org-search-query-accelerating-20medicines-20partnershi:137302f635d7,re3data: https://www.re3data.org/search?query=Accelerating%20Medicines%20Partnership%C3%82%C2%AE%20Parkinson%27s%20Disease,1
resource:R99,Accelerating Medicines Partnership in Parkinson's Disease (AMP-PD),IMPLEMENTS_STANDARD,standard:generic:a9a2542e57ab,generic,1
resource:R99,Accelerating Medicines Partnership in Parkinson's Disease (AMP-PD),IMPLEMENTS_STANDARD,standard:https-spec-openapis-org-oas-latest-html:ddce3578cfaa,OpenAPI Specification,1
