repo_uid,name,abbreviation,resource_types,purpose,nih_relationship,nih_icos,operational_status,submission_model,access_pathway,data_modalities,organism_scope,human_data_sensitivity,model_systems,taxonomies,subject_areas,programmatic_access,api_status,pid_level,guid_system_count,nih_cadr_status,last_reviewed,next_review_due,homepage
B10,"HEAL Data Ecosystem (federatation of Repositories, and a knowledgebase)",,Data repository,"The HEAL Data Ecosystem About page provides information on the HEAL Data Ecosystem (HDE) and it's tools, support teams and framework.",NIH ICO-associated,NCCIH; NCI; NEI; NIA; NIAAA; NIAMS; NICHD; NIDA; NIDCR; NIDDK,Active,Limited or programmatic intake,Mixed access,Clinical and real-world data,Human data or participants,Mixed human-data access,human,,"Clinical research, Imaging, Sequence biology",No public API reported,no_public_api_reported,Persistent identifier practice not established,0,not_listed,2026-09-16,2027-03-01,https://www.healdatafair.org/about
B105,Children's Allergy and Asthma Data Repository (CADRE),CADRE,Data repository; Other resource,"The CADRE dataset provides an ideal foundation for developing a national, real-world allergy and asthma data repository. We are working to expand CADRE with data from additional asthma birth cohorts in the US and internationally to address key questions about childhood asthma. Developing Harmonized Data The dataset includes data on 9,600 newborns recruited over a …",NIH ICO-associated,NIAID,Active,Limited or programmatic intake,Access pathway not established,Clinical and real-world data,Human data or participants,Human-data sensitivity not established,human,,"Clinical research, Computational biology, Sequence biology",No public API reported,no_public_api_reported,Persistent identifier practice not established,0,not_listed,2026-09-10,2027-03-01,https://cadre.med.wisc.edu/data/
B106,"Database of Immune Cell Expression, Expression quantitative trait loci (eQTLs) and Epigenomics (DICE)",DICE,Data repository,"This FAIRsharing record describes: The DICE (Database of Immune Cell Expression, Expression quantitative trait loci (eQTLs) and Epigenomics) project aims to understand the role of common genetic variations in human disease by (i) generating reference transcriptomic and epigenomic maps in human immune cell types from healthy subjects, (ii) identifying functional single nucleotide polymorphisms (SNPs) that affect gene expression (eQTLs and chromatin QTLs) in immune cells, and (iii) identifying regulatory mechanisms and novel target genes implicated in the development of human disease. These datasets will help reveal the effects of disease risk-associated genetic polymorphisms on specific immune cell types, providing mechanistic insights into pathogenesis.",NIH ICO-associated,NIAID,Active,Limited or programmatic intake,Mixed access,Genomics; Clinical and real-world data; Epigenomics; Single-cell and spatial omics; Transcriptomics,Non-human organisms or data; Human and non-human or multi-species; Human data or participants,Mixed human-data access,human,Homo sapiens,"Clinical research, Sequence biology; immune system; Clinical Studies; gene; Transcriptomics; Epigenomics",No public API reported,no_public_api_reported,Persistent identifier practice not established,0,not_listed,2026-09-10,2027-03-01,https://dice-database.org
B113,Papillomavirus Episteme (PaVE),PaVE,Data repository,Searchable database of papilloma genomes with visualization and analysis tools.,NIH ICO-associated,NIAID,Active,Limited or programmatic intake,Open access,Genomics; Transcriptomics,Non-human organisms or data; Human and non-human or multi-species; Human data or participants,Open or registered human-data access,non-human,,"Computational biology, Sequence biology",No public API reported,no_public_api_reported,Persistent identifier practice not established,0,not_listed,2026-09-10,2027-03-01,https://pave.niaid.nih.gov/
B122,Arthritis and Autoimmune and Related Diseases Knowledge Portal (ARK Portal),,Data repository,The ARK Portal hosts data generated by a network of research teams working collaboratively to deepen the understanding of Arthritis and Autoimmune and Related Diseases. It was established by the National Institute of Arthritis and Musculoskeletal and Skin Diseases (NIAMS) and includes data from the Accelerating Medicines Partnership® (AMP®).,NIH ICO-associated,NIAMS,Active,Limited or programmatic intake,Open access,Data modality not established,Non-human organisms or data; Human data or participants; Human and non-human or multi-species,Open or registered human-data access,human,,"Computational biology, Sequence biology",Public API,api_documented,Persistent identifier practice not established,0,not_listed,2026-09-16,2027-03-01,https://arkportal.synapse.org/
B126,Rodent Open Science Skeletal Archive,,Data repository,"The Rodent Open Science Skeletal Archive (ROSSA) is a comprehensive resource designed to advance skeletal biology research through open data sharing, collaborative analysis, and global networking. ROSSA brings together three essential components that address the critical needs of the skeletal research community: data preservation, discovery tools, and research infrastructure connectivity.",NIH ICO-associated,NIAMS; OD,Active,Limited or programmatic intake,Open access,Data modality not established,Non-human organisms or data; Human and non-human or multi-species; Human data or participants,Open or registered human-data access,non-human,,Sequence biology,No public API reported,no_public_api_reported,Persistent identifier practice not established,0,not_listed,2026-09-16,2027-03-01,https://rossa.uchc.edu/
B14,All RNA-seq and ChIP-seq sample and signature search (ARCHS4),ARCHS4,Data repository,,NIH ICO-associated,NCI,Active,Limited or programmatic intake,Open access,Data modality not established,Non-human organisms or data; Human and non-human or multi-species; Human data or participants,Open or registered human-data access,"human, non-human",,Sequence biology,No public API reported,no_public_api_reported,Persistent identifier practice not established,0,not_listed,2026-09-10,2027-03-01,https://maayanlab.cloud/archs4/data.html
B140,Somatic Mosaicism across Human Tissues (SMaHT),SMaHT,Data repository; Other resource,"The SMaHT Data Portal hosts data generated by the Somatic Mosaicism across Human Tissues (SMaHT) Network and provides a platform to search, visualize, and download somatic mosaic variants in normal tissues.",NIH ICO-associated,NIDA,Active,Limited or programmatic intake,Mixed access,Genomics,Human data or participants; Human and non-human or multi-species; Non-human organisms or data,Mixed human-data access,human,,Sequence biology,No public API reported,no_public_api_reported,Persistent identifier practice not established,0,not_listed,2026-09-10,2027-03-01,https://data.smaht.org/
B146,gEAR,gEAR,Data repository,"Genomic Expression Archive (GEA) is a public database of functional genomics data such as gene expression, epigenetics and genotyping SNP array. Both microarray- and sequence-based data are accepted in the MAGE-TAB format in compliance with MIAME and MINSEQE guidelines, respectively. GEA issues accession numbers, E-GEAD-n to experiment and A-GEAD-n to array design.",NIH ICO-associated,NIDCD,Active,Limited or programmatic intake,Mixed access,Transcriptomics; Epigenomics; Genomics,Human data or participants; Human and non-human or multi-species; Non-human organisms or data,Mixed human-data access,"human, non-human",All,Neuroscience; microarray assay; Functional Genomics; Epigenetics; Expression data; gene expression; DNA microarray; SNP; Life Science,No public API reported,no_public_api_reported,Dataset-level persistent identifier,0,not_listed,2026-09-10,2027-03-01,https://umgear.org
B154,Accelerating Medicines Partnership in Common Metabolic Diseases Knowledge Portal (AMP-CMDKP),AMP-CMDKP,Data repository,"The Common Metabolic Diseases Knowledge Portal (CMDKP) aggregates and analyzes genetic association results, epigenomic annotations, and results of computational prediction methods to provide data, visualizations, and tools in an open-access portal. The aim of the CMDKP is to facilitate research on the molecular basis of complex diseases, including type 1 and type 2 diabetes, cardiovascular and cerebrovascular disease, and sleep disorders.",Sustained or historical NIH support; NIH ICO-associated,NIDDK; OD,Active,Accepts broad investigator deposits,Access pathway not established,Genomics; Epigenomics,Human data or participants,Human-data sensitivity not established,human,Homo sapiens,Sequence biology; genetic disorder; Genetics; region; gene-disease association,No public API reported,no_public_api_reported,Persistent identifier practice not established,0,not_listed,2026-09-10,2027-03-01,https://hugeamp.org/
B155,Accelerating Medicines Partnership in Type 2 Diabetes Knowledge Portal (AMP-T2D),AMP-T2D,Data repository,,NIH ICO-associated,NIDDK; OD,Active,Limited or programmatic intake,Open access,Data modality not established,Human data or participants,Open or registered human-data access,human,,Sequence biology,No public API reported,no_public_api_reported,Persistent identifier practice not established,0,not_listed,2026-09-16,2027-03-01,https://t2d.hugeamp.org/
B159,Human Health Exposure Analysis Resource (HHEAR) Data Repository,,Data repository,"This FAIRsharing record describes: Human Health Exposure Analysis Resource (HHEAR) Data Center provides a data repository for storing epidemiologic and biomarker data for CHEAR and HHEAR research studies to improve our knowledge of the comprehensive effects of environmental exposures on human health throughout the life course. Registered users will have access to publicly available deidentified datasets. In addition, there is a publicly accessible HHEAR ontology that provides a common vocabulary with unambiguous definitions of concepts and variables across studies to allow for pooling of studies.",NIH ICO-associated; Sustained or historical NIH support,NIEHS,Active,Limited or programmatic intake,Access pathway not established,"Ontologies, vocabularies, common data elements, and terminology artifacts; Clinical and real-world data; Environmental exposures and geospatial data",Human data or participants,Human-data sensitivity not established,human,Homo sapiens,Clinical research; exposure; Public Health; Clinical Studies; Health Science,No public API reported,no_public_api_reported,Persistent identifier practice not established,0,not_listed,2026-09-16,2027-03-01,https://hheardatacenter.mssm.edu/
B162,Reasoning Over Biomedical Objects Linked in Knowledge-Oriented Pathways (ROBOKOP),ROBOKOP,Data repository,,NIH ICO-associated,NIEHS; OD,Active,Limited or programmatic intake,Open access,Data modality not established,Human and non-human or multi-species; Non-human organisms or data; Human data or participants,Open or registered human-data access,"human, non-human",,"Computational biology, Other",No public API reported,no_public_api_reported,Persistent identifier practice not established,0,not_listed,2026-09-10,2027-03-01,https://robokop.renci.org/
B175,Allen Brain Cell (ABC) Atlas (aka Adult whole brain cell atlas in human and NHP),,Data repository,,NIH ICO-associated,NIMH,Active,Limited or programmatic intake,Open access,Data modality not established,Human data or participants; Human and non-human or multi-species; Non-human organisms or data,Open or registered human-data access,"human, non-human",,"Imaging, Neuroscience",No public API reported,no_public_api_reported,Persistent identifier practice not established,0,not_listed,2026-09-10,2027-03-01,https://knowledge.brain-map.org/abcatlas
B180,Distributed Archives for Neurophysiology Data Integration (The DANDI Archive),,Data repository,,NIH ICO-associated,NIMH,Active,Limited or programmatic intake,Open access,"Behavioral, social, and population health data",Non-human organisms or data; Human and non-human or multi-species; Human data or participants,Open or registered human-data access,"human, non-human",,"Behavioral and social sciences, Imaging, Neuroscience",Public API,api_documented,Dataset-level persistent identifier,0,not_listed,2026-09-10,2027-03-01,https://www.dandiarchive.org/
B181,Ecosystem for Multimodal Brain-Behavior Experimentation and Research (EMBER),EMBER,Data repository,EMBER Archive Web Application Frontend,NIH ICO-associated,NIMH,Active,Limited or programmatic intake,Controlled access,Clinical and real-world data,Human data or participants; Non-human organisms or data; Human and non-human or multi-species,Controlled or potentially sensitive human data,"human, non-human",,"Clinical research, Computational biology, Neuroscience, Real-World Data",No public API reported,no_public_api_reported,Persistent identifier practice not established,0,not_listed,2026-09-10,2027-03-01,https://emberarchive.org
B190,"Accelerating Medicine Partnership in Amyotrophic Lateral Sclerosis (AMP-ALS), ALS Knowledge Portal",,Data repository,,NIH ICO-associated,NINDS,Active,Limited or programmatic intake,Controlled access,Clinical and real-world data,Human data or participants,Controlled or potentially sensitive human data,human,,"Clinical research, Computational biology, Neuroscience, Other, Sequence biology",No public API reported,no_public_api_reported,Persistent identifier practice not established,0,listed,2026-09-10,2027-03-01,https://fnih.org/our-programs/accelerating-medicines-partnership-amp/amyotrophic-lateral-sclerosis/
B193,Imaging Repository for the Cerebrovascular Disease Knowledge Portal (iCDKP),iCDKP,Data repository,A website by WashU Sites,NIH ICO-associated,NINDS; OD,Active,Limited or programmatic intake,Controlled access,Clinical and real-world data,Human data or participants,Controlled or potentially sensitive human data,human,,"Clinical research, Neuroscience",No public API reported,no_public_api_reported,Persistent identifier practice not established,0,not_listed,2026-09-10,2027-03-01,https://sites.wustl.edu/icdkp/
B205,"NCBI Datasets: Gene, Genome, Assembly, Orthologs, and Taxonomy Database",,Data repository,Explore and download genomic data for species across the tree of life,NIH ICO-associated,NLM,Active,Limited or programmatic intake,Open access,Genomics; Epigenomics; Proteomics; Transcriptomics,Human and non-human or multi-species; Non-human organisms or data; Human data or participants,Open or registered human-data access,"human, non-human",All,Sequence biology; Genomics; sequence variant; Next Generation Sequencing; DNA sequencing assay; sequencing assay; Functional Genomics; Epigenomics; Comparative Genomics; Sequence annotation; Bioinformatics; Microbiology; Metaproteomics; Transcriptomics; RNA-seq assay; Genome assembly; Metagenomics; Genome alignment; reference genome; Virology,No public API reported,no_public_api_reported,Dataset-level persistent identifier,0,not_listed,2026-09-10,2027-03-01,https://www.ncbi.nlm.nih.gov/datasets/
B40,The BRCA Exchange Knowledgebase,,Data repository,,NIH ICO-associated,NCI,Active,Limited or programmatic intake,Open access,Data modality not established,Human data or participants,Open or registered human-data access,human,,Sequence biology,No public API reported,no_public_api_reported,Persistent identifier practice not established,0,not_listed,2026-09-16,2027-03-01,https://brcaexchange.org/
B46,UCSC Genome Browser,,Data repository,"Explore, visualize, and compare genomic data with the UCSC Genome Browser: free, open-access tools for the human genome and beyond.",NIH ICO-associated,NCI; NHGRI,Active,Limited or programmatic intake,Open access,Transcriptomics; Proteomics; Genomics,Human and non-human or multi-species; Non-human organisms or data; Human data or participants,Open or registered human-data access,"human, non-human",Mustela putorius furo; SARS-CoV-2; Tetraodon nigroviridis; Danio rerio; Pan troglodytes; Vicugna pacos; Loxodonta africana; Dasypus novemcinctus; Sarcophilus harrisii; Oryctolagus cuniculus; Spermophilus tridecemlineatus; Callithrix jacchus; Nomascus leucogenys; Pongo abelii; Felis catus; Monodelphis domestica; Cavia porcellus; Canis familiaris; Gorilla gorilla gorilla; Cricetulus griseus; Papio anubis; Mus musculus; Myotis lucifugus; Takifugu rubripes; Tupaia belangeri; Ovis aries; Macaca mulatta; Bos taurus; Xenopus tropicalis; Sorex araneus; Saimiri boliviensis; Balaenoptera acutorostrata scammoni; Caenorhabditis elegans; Homo sapiens; Otolemur garnettii; Tursiops truncatus; Pteropus vampyrus; Oryzias latipes; Ailuropoda melanoleuca; Macropus eugenii; Tarsius syrichta; Dipodomys ordii; Ornithorhynchus anatinus; Procavia capensis; Pan paniscus; Rattus norvegicus; Ochotona princeps; Gallus gallus; Choloepus hoffmanni; Echinops telfairi; Trichechus manatus latirostris; Microcebus murinus; Alligator Mississippiensis; Heterocephalus glaber; Pongo pygmaeus; Sus scrofa; Equus caballus; Ceratotherium simum,"Computational biology, Sequence biology; Gene prediction; ribonucleic acid; Immunology; gene; regulatory region; sequence alignment; biological regulation; genotype; DNA sequence; region; Comparative Genomics; DNA microarray; Life Science; Sequence annotation; Proteomics; Microbiology; Sequence composition, complexity and repeats; deoxyribonucleic acid; disease phenotype; chromosome structure variation; mRNA; genome; regulation of gene expression; Expression data; delins; Genetic Polymorphism; Transcriptomics; Annotation",No public API reported,no_public_api_reported,Dataset-level persistent identifier,0,not_listed,2026-09-10,2027-03-01,https://genome.ucsc.edu/
B62,gnomAD Genome Aggregation Database,,Data repository,"Welcome to the Animal Genome Size Database, Release 2.0, a comprehensive catalogue of animal genome size data.",NIH ICO-associated,NHGRI,Active,Limited or programmatic intake,Open access,Genomics,Human and non-human or multi-species; Human data or participants; Non-human organisms or data,Open or registered human-data access,human,Homo sapiens,Sequence biology; Computational Biology; gene-disease association; disease; Population Genetics; Genomics; genome,No public API reported,no_public_api_reported,Dataset-level persistent identifier,0,not_listed,2026-09-16,2027-03-01,https://gnomad.broadinstitute.org/
B65,"NHGRI Genomic Data Science Analysis, Visualization, and Informatics Lab-space (AnVIL)",AnVIL,Data repository,,Sustained or historical NIH support; NIH ICO-associated,NHGRI,Active,Accepts broad investigator deposits,Mixed access,Clinical and real-world data,Human data or participants,Mixed human-data access,human,,"Clinical research, Computational biology, Neuroscience, Other, Sequence biology",No public API reported,no_public_api_reported,Persistent identifier practice not established,0,listed,2026-09-16,2027-03-01,https://anvil.terra.bio
B78,Biologic Specimen and Data Repository Information Coordinating Center (BioLINCC),BioLINCC,Data repository,"BioLincc is a clinical specimen database where you can search for open specimen collections, request processes, and study datasets and biospecimens.",NIH ICO-associated; Sustained or historical NIH support,NHLBI,Active,Accepts broad investigator deposits,Controlled access,"Clinical and real-world data; Biospecimen and biobank metadata; Behavioral, social, and population health data",Model systems or preclinical resources; Human data or participants; Human and non-human or multi-species; Non-human organisms or data,Controlled or potentially sensitive human data,human,Homo sapiens,"Behavioral and social sciences, Clinical research, Imaging, Other, Sequence biology; Biomedical Science; data storage; Preclinical Studies; Epidemiology; Biospecimen; disease; Sample annotation",No public API reported,no_public_api_reported,Dataset-level persistent identifier,0,listed,2026-09-10,2027-03-01,https://biolincc.nhlbi.nih.gov/home/
B97,National NeuroHIV Tissue Consortium,,Data repository,,NIH ICO-associated,NIA; NIDA; NIMH; NINDS,Active,Limited or programmatic intake,Controlled access,Data modality not established,Human data or participants,Controlled or potentially sensitive human data,human,,"Imaging, Neuroscience",No public API reported,no_public_api_reported,Persistent identifier practice not established,0,not_listed,2026-09-16,2027-03-01,https://nntc.org/
R1,Federal Interagency Traumatic Brain Injury Research (FITBIR) Informatics System,,Data repository,"To achieve its vision, FITBIR implements the interagency Common Data Elements for TBI research and provides tools and resources to extend the data dictionary.",Sustained or historical NIH support; NIH ICO-associated,CIT; NINDS,Active,Limited or programmatic intake,Controlled access,"Clinical and real-world data; Electrophysiology and neural recordings; Ontologies, vocabularies, common data elements, and terminology artifacts; Neuroimaging; Genomics",Human data or participants; Non-human organisms or data; Human and non-human or multi-species,Controlled or potentially sensitive human data,human,Homo sapiens,"Clinical research, Imaging, Neuroscience; Neurobiology; injury; genotype; Biomedical Science; brain; Imaging; biomarker; neuroimaging measurement; Neurophysiology",No public API reported,no_public_api_reported,Dataset-level persistent identifier,1,listed,2026-09-16,2027-03-01,https://fitbir.nih.gov/
R10,NCATS OpenData Portal,,Data repository,"National Center for Advancing Translational Sciences (NCATS) OpenData Portal development aims to share COVID-19-related drug repurposing data and experiments for all approved drugs. The NCATS OpenData COVID-19 portal is a resource designed for rapid and open sharing of SARS-CoV-2 screening data and assay information for the global health community, measuring over 10,000 compound related assays including the NCATS Pharmaceutical Collection of nearly 3,000 approved drugs. This research was supported by the National Center for Advancing Translational Sciences (NCATS) Intramural Research Program of the NIH, aimed to enable researchers with the resources needed to formulate and test hypotheses, prioritize research opportunities, and efficiently search for effective therapies against viral and disease exposures.",NIH ICO-associated; Sustained or historical NIH support,NCATS,Active,Limited or programmatic intake,Open access,"Chemical, pharmacologic, and screening data; Environmental exposures and geospatial data",Human data or participants; Human and non-human or multi-species; Non-human organisms or data,Open or registered human-data access,"human, non-human",SARS-CoV-2,Other; assay; Medical Virology; bioactive entity; Resource metadata; Medical Toxicology; Virology; data visualization; chemical screen; infectious disease,Programmatic access not established,not_established,Persistent identifier practice not established,0,not_listed,2026-09-16,2027-03-01,https://opendata.ncats.nih.gov/home
R100,NIAAA Controlled Datasets,,Data repository,Datasets from NIAAA contract-supported research are available to qualified researchers. Study details and instructions to access each dataset can be found by selecting the study of interest. Any questions pertaining to access or study details should be directed to NIAAA-DAC@mail.gov.,NIH ICO-associated,NIAAA,Active,Limited or programmatic intake,Controlled access,Clinical and real-world data,Human data or participants,Controlled or potentially sensitive human data,human,,Clinical research,No public API reported,no_public_api_reported,Persistent identifier practice not established,0,listed,2026-09-16,2027-03-01,https://www.niaaa.nih.gov/research/data-archive-resources/niaaa-controlled-datasets
R101,NIAAA Data Archive,,Data repository,The Connectome Coordination Facility (CCF) processes and distributes public research data for a series of neuroimaging studies that focus on connections within the human brain. These are known as Human Connectome Projects (HCP). The CCF currently supports 19 NIH-funded human connectome studies (see menus above). All data releases from CCF HCP studies are being made available on the NIMH Data Archive.,Sustained or historical NIH support; NIH ICO-associated,NIAAA,Active,Accepts broad investigator deposits,Controlled access,"Neuroimaging; Clinical and real-world data; Medical imaging; Behavioral, social, and population health data",Human data or participants,Controlled or potentially sensitive human data,human,Homo sapiens,"Behavioral and social sciences, Clinical research, Imaging, Neuroscience, Other, Sequence biology; Neuroscience; Neurobiology; Biomedical Science; Medical imaging; Life Science",Public API,api_documented,Dataset-level persistent identifier,0,not_listed,2026-09-22,2027-03-01,https://nda.nih.gov/niaaa/
R102,Southern HIV and Alcohol Research Consortium Biomedical Data Repository,,Data repository,"The Research Information Center brings together data measures and findings from research projects and health and demographic information from participants across the state of Florida in one central location. Researchers can explore SHARC’s research projects, data measures, study tools, publications, and presentations. Researchers can also request and receive approval to access and analyze datasets from…",NIH ICO-associated,NIAAA,Active,Limited or programmatic intake,Controlled access,"Behavioral, social, and population health data; Clinical and real-world data",Human data or participants,Controlled or potentially sensitive human data,human,,"Behavioral and social sciences, Clinical research",No public API reported,no_public_api_reported,Persistent identifier practice not established,0,not_listed,2026-09-16,2027-03-01,https://sharc-research.org/research/data/
R103,NIMH Data Archive,NDA,Data repository,This FAIRsharing record describes: The Connectome Coordination Facility (CCF) processes and distributes public research data for a series of neuroimaging studies that focus on connections within the human brain. These are known as Human Connectome Projects (HCP). The CCF currently supports 19 NIH-funded human connectome studies (see menus above). All data releases from CCF HCP studies are being made available on the NIMH Data Archive.,NIH ICO-associated; Sustained or historical NIH support,NIAAA; NIMH; NINDS,Active,Accepts broad investigator deposits,Mixed access,"Medical imaging; Neuroimaging; Behavioral, social, and population health data; Clinical and real-world data",Human data or participants,Mixed human-data access,human,Homo sapiens,"Behavioral and social sciences, Clinical research, Imaging, Neuroscience, Sequence biology; Medical imaging; Neuroscience; Life Science; Neurobiology; Biomedical Science",Programmatic access not established,not_established,Dataset-level persistent identifier,1,listed,2026-09-10,2027-03-01,https://nda.nih.gov/
R104,AccessClinicalData@NIAID,,Data repository,"AccessClinicalData@NIAID is a NIAID cloud-based, controlled access, secure data platform that enables sharing of and access to reports and data sets from NIAID COVID-19 and other sponsored clinical trials for the basic and clinical research community.",Sustained or historical NIH support; NIH ICO-associated,NIAID,Active,Accepts broad investigator deposits,Controlled access,Clinical trials and study protocols; Clinical and real-world data,Human data or participants,Controlled or potentially sensitive human data,human,SARS-CoV-2; Homo sapiens,Clinical research; Clinical Studies,Programmatic access not established,not_established,Persistent identifier practice not established,0,listed,2026-09-10,2027-03-01,https://accessclinicaldata.niaid.nih.gov/
R105,AIRR Data Commons (ADC),ADC,Data repository; Other resource,the official website of the antibody society,NIH ICO-associated,NIAID,Active,Limited or programmatic intake,Open access,Environmental exposures and geospatial data,Human data or participants,Open or registered human-data access,human,,Sequence biology,Public API,api_documented,Dataset-level persistent identifier,0,not_listed,2026-09-16,2027-03-01,https://www.antibodysociety.org/the-airr-community/airr-data-commons/
R106,Bacterial and Viral Bioinformatics Resource Center (BV-BRC),BV-BRC,Data repository,"The Bacterial and Viral Bioinformatics Resource Center (BV-BRC) is an information system designed to support research on bacterial and viral infectious diseases. BV-BRC combines two long-running BRCs: PATRIC, the bacterial system, and IRD/ViPR, the viral systems. The migration of the data, tools, and services from the legacy IRD and ViPR applications to BV-BRC is now complete. All web traffic from the IRD and ViPR resources is also being forwarded to the BV-BRC home page.",NIH ICO-associated,NIAID,Active,Accepts broad investigator deposits,Open access,Data modality not established,Human data or participants; Human and non-human or multi-species; Non-human organisms or data,Open or registered human-data access,"human, non-human",Viruses; Archaea; Bacteria,"Computational biology, Sequence biology; Immunology; pathogen; Bioinformatics; Data analysis; disease; Pathology; infection process",Public API,api_documented,Dataset-level persistent identifier,0,not_listed,2026-09-16,2027-03-01,https://www.bv-brc.org/
R108,HIV Drug Resistance Database,,Data repository,,NIH ICO-associated,NIAID,Active,Limited or programmatic intake,Mixed access,Clinical and real-world data,Human data or participants,Mixed human-data access,human,,"Clinical research, Sequence biology",No public API reported,no_public_api_reported,Persistent identifier practice not established,0,not_listed,2026-09-16,2027-03-01,https://hivdb.stanford.edu/
R109,Immune Epitope Database and Analysis Resource (IEDB),IEDB,Data repository,"Free resource for searching and exporting immune epitopes. Includes more than 95% of all published infectious disease, allergy, autoimmune, and transplant epitope data.",NIH ICO-associated,NIAID,Active,Limited or programmatic intake,Open access,Data modality not established,Human data or participants; Non-human organisms or data; Human and non-human or multi-species,Open or registered human-data access,"human, non-human",,"Computational biology, Sequence biology",No public API reported,no_public_api_reported,Dataset-level persistent identifier,0,not_listed,2026-09-16,2027-03-01,https://www.iedb.org/
R11,National Clinical Cohort Collaborative (N3C),N3C,Data repository,"The National COVID Cohort Collaborative (N3C) is a collaboration among the NCATS-supported Clinical and Translational Science Awards (CTSA) Program hubs, the National Center for Data to Health (CD2H), distributed clinical data networks (PCORnet, OHDSI, ACT, TriNetX), and other partner organizations, with overall stewardship by NIH’s National Center for Advancing Translational Sciences (NCATS). The N3C aims to improve the efficiency and accessibility of analyses with COVID-19 clinical data, expand our ability to analyze and understand COVID, and demonstrate a novel approach for collaborative pandemic data sharing.",NIH ICO-associated,NIGMS,Active,Limited or programmatic intake,Controlled access,Clinical and real-world data,Non-human organisms or data; Human data or participants; Human and non-human or multi-species,Controlled or potentially sensitive human data,human,SARS-CoV-2; Homo sapiens,"Clinical research, Real-World Data; Patient Care; Clinical Studies; Public Health; Medical Virology",No public API reported,no_public_api_reported,Persistent identifier practice not established,0,listed,2026-09-10,2027-03-01,https://covid.cd2h.org/n3c
R110,ImmuneSpace,,Data repository,"The most pressing questions in immunology — why do people respond differently to infection, vaccination or therapy? Why do some develop chronic inflammatory disease while others remain resilient? See high-dimensional public data resources.",Sustained or historical NIH support; NIH ICO-associated,NIAID,Active,Limited or programmatic intake,Open access,Clinical and real-world data,Human data or participants,Open or registered human-data access,human,,"Clinical research, Computational biology, Sequence biology",Programmatic access not established,not_established,Persistent identifier practice not established,0,not_listed,2026-09-16,2027-03-01,https://immunespace.org/
R111,Immunological Genome Project (ImmGen),ImmGen,Data repository,"This FAIRsharing record describes: The Immunological Genome Project (ImmGen) is a collaborative group of immunology and computational biology laboratories that perform a thorough dissection of gene expression and its regulation in the immune system of the mouse. The project defines gene expression signatures and modules, regulatory elements in the genome, their connectivity, and the factors that control them. The data and metadata are publicly accessible through ImmGen’s dedicated interfaces, and may also be visualized using tools available on the website.",NIH ICO-associated; Sustained or historical NIH support,NIAID,Active,Limited or programmatic intake,Open access,Transcriptomics; Genomics,Human and non-human or multi-species; Non-human organisms or data; Human data or participants,Open or registered human-data access,non-human,Mus musculus; Homo sapiens,Sequence biology; gene expression; Immunology; gene; miRNA; Genomics; genome; Immunogenetics,No public API reported,no_public_api_reported,Persistent identifier practice not established,0,not_listed,2026-09-10,2027-03-01,https://www.immgen.org/
R112,International Committee on Taxonomy of Viruses (ICTV),ICTV,Data repository,ICTV - European Viral Outbreak Response Alliance Collaboration to provide taxonomic data access via an application programming interface (API),NIH ICO-associated,NIAID,Active,Limited or programmatic intake,Open access,"Environmental exposures and geospatial data; Ontologies, vocabularies, common data elements, and terminology artifacts",Non-human organisms or data; Human data or participants; Human and non-human or multi-species,Open or registered human-data access,non-human,Viruses,"Other, Sequence biology; Taxonomic classification; Virology; Life Science; Global Health; Microbial Ecology; Environmental Science",No public API reported,no_public_api_reported,Persistent identifier practice not established,0,not_listed,2026-09-16,2027-03-01,https://ictv.global/
R113,NIAID-DOE LANL HIV Database and Analysis Unit,,Data repository,"The HIV Databases cover HIV sequences, HIV molecular immunology, HIV drug resistance mutations and nonhuman primate HIV/SIV vaccine trials. Each of these topics are available through a dedicated database, extensively annotated and with many specialized search and analysis tools. The HIV databases are supported by the NIH and DOE and maintained at the Los Alamos National Laboratory.",NIH ICO-associated; Sustained or historical NIH support,NIAID,Active,Accepts broad investigator deposits,Open access,"Chemical, pharmacologic, and screening data; Clinical and real-world data",Human and non-human or multi-species; Human data or participants; Non-human organisms or data,Open or registered human-data access,"human, non-human",Homo sapiens; Human immunodeficiency virus,"Clinical research, Computational biology, Other, Sequence biology; region; Clinical Studies; Computational Biology",Programmatic access not established,not_established,Persistent identifier practice not established,0,not_listed,2026-09-10,2027-03-01,https://www.hiv.lanl.gov/content/index
R114,SCREEN: Search Candidate cis-Regulatory Elements by ENCODE,,Data repository,"Explore candidate cis-regulatory elements (cCREs) from ENCODE. Search genes, cCREs, variants, GWAS studies, and genomic regions across human (GRCh38) and mouse (mm10).",NIH ICO-associated,NIAID,Active,Limited or programmatic intake,Open access,Genomics,Non-human organisms or data; Human and non-human or multi-species; Human data or participants,Open or registered human-data access,"human, non-human",,Sequence biology,No public API reported,no_public_api_reported,Persistent identifier practice not established,0,not_listed,2026-09-16,2027-03-01,https://screen.wenglab.org/
R115,Structure Database,,Data repository,"This FAIRsharing record describes: GenBank ® is the NIH genetic sequence database of annotated collections of all publicly available DNA sequences. GenBank is part of an International Nucleotide Sequence Database Collaboration, which comprises the DNA DataBank of Japan (DDBJ), the European Nucleotide Archive (ENA), and GenBank at NCBI. The GenBank database is designed to provide and encourage access within the scientific community to the most up-to-date and comprehensive DNA sequence information, and release available versioned collections every two months from the ftp site. As part of the International Nucleotide Sequence Database Collaboration (INSDC), a long-standing foundational initiative (operating between DDBJ, EMBL-EBI and NCBI), the INSDC covers the spectrum of data raw reads, through alignments and assemblies to functional annotation, enriched with contextual information relating to samples and experimental configurations. GenBank data submission types include: mRNA sequences, Prokaryotic genes, Eukaryotic genes, rRNA and/or ITS, viral sequences, transposon or insertion sequences, microsatellite sequences, pseudogenes, cloning vectors, phylogenetic or population sets, and non-coding RNAs.",NIH ICO-associated,NIAID,Active,Limited or programmatic intake,Open access,Proteomics; Genomics; Transcriptomics; Epigenomics,Human and non-human or multi-species; Human data or participants; Non-human organisms or data,Open or registered human-data access,"human, non-human",All,"Computational biology, Sequence biology; Virology; sequence variant; Metagenomics; Comparative Genomics; Genomics; Genome assembly; Epigenomics; Bioinformatics; reference genome; Transcriptomics; DNA sequencing assay; Functional Genomics; RNA-seq assay; Sequence annotation; Next Generation Sequencing; sequencing assay; Genome alignment; Microbiology; Metaproteomics",No public API reported,no_public_api_reported,Persistent identifier practice not established,0,not_listed,2026-09-10,2027-03-01,https://www.ncbi.nlm.nih.gov/structure
R116,TB Portals Program,,Data repository,Tuberculosis (TB) Portal for public health impact with data science.,Sustained or historical NIH support; NIH ICO-associated,NIAID,Active,Accepts broad investigator deposits,Controlled access,"Clinical and real-world data; Medical imaging; Environmental exposures and geospatial data; Genomics; Chemical, pharmacologic, and screening data",Human and non-human or multi-species; Human data or participants; Non-human organisms or data,Controlled or potentially sensitive human data,human,Mycobacterium tuberculosis; Homo sapiens,"Clinical research, Imaging, Sequence biology; region; infectious disease; Radiology; Clinical Studies; Imaging; Genomics",Public API,api_documented,Persistent identifier practice not established,0,listed,2026-09-10,2027-03-01,https://tbportals.niaid.nih.gov/
R117,Vaccine Investigation and Online Information Network (VIOLIN),VIOLIN,Data repository,"Vaccine Investigation and Online Information Network (VIOLIN) is a web-based basebase and analysis system that integrates vaccine literature data mining, vaccine research data curation and storage, and curated vaccine data analysis for vaccines and vaccine candidates developed against various pathogens of high priority in public health and biological safety. VIOLIN also provides a new program for vaccine target prediction.",NIH ICO-associated,NIAID,Active,Limited or programmatic intake,Open access,"Clinical and real-world data; Ontologies, vocabularies, common data elements, and terminology artifacts",Human and non-human or multi-species; Human data or participants; Non-human organisms or data,Open or registered human-data access,"human, non-human",Viruses; Bacteria; Vertebrata,"Clinical research, Other; virulence; disease phenotype; Medical Microbiology; Infectious Disease Medicine; Immunology; Immunity; infectious disease; vaccination; Virology",No public API reported,no_public_api_reported,Persistent identifier practice not established,0,not_listed,2026-09-02,2027-03-01,https://violinet.org/
R118,VDJServer Community Data Portal,,Data repository,,NIH ICO-associated,NIAID,Active,Limited or programmatic intake,Access pathway not established,Data modality not established,Human and non-human or multi-species; Human data or participants; Non-human organisms or data,Human-data sensitivity not established,"human, non-human",,"Computational biology, Sequence biology",Programmatic access not established,not_established,Persistent identifier practice not established,0,not_listed,2026-09-16,2027-03-01,https://vdj-staging.tacc.utexas.edu/
R119,TrialShare,,Data repository,,Sustained or historical NIH support; NIH ICO-associated,NIAID; NIDDK,Active,Limited or programmatic intake,Access pathway not established,"Clinical and real-world data; Behavioral, social, and population health data",Human data or participants,Human-data sensitivity not established,human,,"Behavioral and social sciences, Clinical research, Computational biology, Imaging, Neuroscience, Sequence biology",Programmatic access not established,not_established,Persistent identifier practice not established,0,not_listed,2026-09-16,2027-03-01,https://www.itntrialshare.org/login/home/login.view?returnUrl=%2Fhome%2Fproject-start.view%3F
R12,mapMECFS,mapMECFS,Data repository,"This FAIRsharing record describes: mapMECFS houses Myalgic Encephalomyelitis/Chronic Fatigue Syndrome (ME/CFS) research data and results from across many biological and clinical disciplines. This interactive data portal enables exploration and access to complex experimental data with the goal of advancing ME/CFS discoveries, including diagnosis and treatments. Data types shared on mapMECFS include, but are not limited to, metabolomics, gene expression, microbiome, demographic, health and survey data, and others.",Sustained or historical NIH support; NIH ICO-associated,NCCIH; NHLBI; NIAAA; NIAID; NINDS,Active,Accepts broad investigator deposits,Access pathway not established,"Clinical and real-world data; Behavioral, social, and population health data; Transcriptomics; Metabolomics",Non-human organisms or data; Human and non-human or multi-species; Human data or participants,Human-data sensitivity not established,"human, non-human",Homo sapiens,"Clinical research, Sequence biology; gene expression; Public Health; Metabolomics; Genetics; Clinical Studies; region",Public API,api_documented,Persistent identifier practice not established,0,listed,2026-09-10,2027-03-01,https://www.mapmecfs.org/
R120,Immunology Database and Analysis Portal (ImmPort),ImmPort,Data repository,,NIH ICO-associated; Sustained or historical NIH support,NIAID; OD,Active,Accepts broad investigator deposits,Mixed access,Clinical and real-world data,Non-human organisms or data; Human and non-human or multi-species; Human data or participants,Mixed human-data access,"human, non-human",,"Clinical research, Computational biology, Sequence biology",Public API,api_documented,Dataset-level persistent identifier,0,listed,2026-09-16,2027-03-01,https://www.immport.org/home
R123,Hair-GEL,,Data repository,Searchable Gene Expression Library for hair follicles.,NIH ICO-associated,NIAMS,Active,Limited or programmatic intake,Open access,Transcriptomics,Human data or participants; Human and non-human or multi-species; Non-human organisms or data,Open or registered human-data access,non-human,Mus musculus,"Computational biology, Sequence biology; gene expression; region; Computational Biology",Programmatic access not established,not_established,Persistent identifier practice not established,0,not_listed,2026-09-16,2027-03-01,http://www.hair-gel.net/
R124,Musculoskeletal Knowledge Portal,,Data repository,,NIH ICO-associated,NIAMS,Active,Limited or programmatic intake,Open access,Clinical and real-world data,Human data or participants,Open or registered human-data access,human,,"Clinical research, Computational biology, Real-World Data, Sequence biology",No public API reported,no_public_api_reported,Persistent identifier practice not established,0,not_listed,2026-09-16,2027-03-01,https://msk.hugeamp.org/
R125,SkinRegeneration,,Data repository,Collection of gene expression datasets for normal and regenerating murine skin,NIH ICO-associated,NIAMS,Active,Limited or programmatic intake,Open access,Transcriptomics,Human data or participants; Non-human organisms or data; Human and non-human or multi-species,Open or registered human-data access,non-human,Not applicable,"Computational biology, Imaging, Sequence biology; region; Computational Biology; Imaging",Programmatic access not established,not_established,Persistent identifier practice not established,0,not_listed,2026-09-16,2027-03-01,https://skinregeneration.org/
R126,Medical Imaging and Data Resource Center (MIDRC),MIDRC,Data repository; Other resource,"Medical Imaging and Data Resource Center (MIDRC) is a multi-institutional initiative driven by the medical imaging community aimed at accelerating the transfer of knowledge and innovation in the current COVID-19 pandemic. Funded by the NIBIB, it is a collaborative effort under the umbrella of the RS",NIH ICO-associated; Sustained or historical NIH support,NIBIB,Active,Accepts broad investigator deposits,Open access,Clinical and real-world data; Medical imaging,Non-human organisms or data; Human and non-human or multi-species; Human data or participants,Open or registered human-data access,human,,"Clinical research, Imaging",Programmatic access not established,not_established,Persistent identifier practice not established,0,not_listed,2026-09-16,2027-03-01,https://www.midrc.org/
R127,PhysioNet,,Data repository,"The PhysioNet Resource is intended to stimulate current research and new investigations in the study of complex biomedical and physiologic signals. It offers free web access to large collections of recorded physiologic signals and related open-source software. Data includes well-characterized digital recordings of physiologic signals, time series, and related data for use by the biomedical research community. PhysioNet includes collections of cardiopulmonary, neural, and other biomedical signals from healthy subjects and patients with a variety of conditions with major public health implications, including sudden cardiac death, congestive heart failure, epilepsy, gait disorders, sleep apnea, and aging.",NIH ICO-associated; Sustained or historical NIH support,NHLBI; NIBIB; ODSS,Active,Accepts broad investigator deposits,Mixed access,"Models, software, workflows, notebooks, and containers; Clinical and real-world data; Physiologic signals, wearables, and mobile health",Human data or participants,Mixed human-data access,human,Homo sapiens,"Clinical research, Other; Biomedical Science; signaling; aging; epilepsy; sleep; cardiovascular disease; Physiology",Public API,api_documented,Dataset-level persistent identifier,0,not_listed,2026-09-16,2027-03-01,https://physionet.org/
R128,Child Language Data Exchange System (CHILDES),CHILDES,Data repository,"CHILDES is part of the TalkBank corpus which includes language transcript data from aphasics, second language acquisition, conversation analysis, and classroom language learning. CHILDES is mainly used for analyzing the language of young children and adult speech directed to children.",NIH ICO-associated; Sustained or historical NIH support,NICHD,Active,Accepts broad investigator deposits,Mixed access,"Behavioral, social, and population health data; Transcriptomics; Clinical and real-world data",Human data or participants,Mixed human-data access,human,Homo sapiens,Behavioral and social sciences; Communication Science; Social and Behavioural Science; Clinical Studies,No public API reported,no_public_api_reported,Dataset-level persistent identifier,0,not_listed,2026-09-16,2027-03-01,https://childes.talkbank.org/
R13,Natural Products Magnetic Resonance Database (NP-MRD),NP-MRD,Data repository,"The NP-MRD is a freely available cloud-based, user-friendly, FAIR electronic database. NP-MRD accepts NMR data and associated metadata from newly undertaken NP studies. The NP-MRD accepts raw (time domain data, processed spectra, assigned chemical shifts, J-couplings, RDCs, etc.), and meta-data (structures, sources, methods, taxonomy, geospatial data, etc) from natural products ranging from purified substances to crude extracts, in all major solvents. The NP-MRD include NPs such as vitamins, minerals, and probiotics as well as small molecules derived from plants, fungi, bacteria, marine organisms, or animals. The NP-MRD accepts, converts, and stores all major vendor NMR formats and all major NMR data exchange formats from all common NMR experiments as well as new/uncommon NMR experiments or data sets. The NP-MRD have an intuitive user interface for spectra/structure deposition, retrieva…",NIH ICO-associated; Sustained or historical NIH support,NCCIH; OD,Active,Accepts broad investigator deposits,Open access,"Metabolomics; Environmental exposures and geospatial data; Chemical, pharmacologic, and screening data",Non-human organisms or data; Human data or participants; Human and non-human or multi-species,Open or registered human-data access,non-human,Not applicable,Other; Metabolomics; Organic Chemistry; metabolite; nuclear magnetic resonance spectroscopy; Biochemistry; Chemistry; Natural Product,No public API reported,no_public_api_reported,Persistent identifier practice not established,0,not_listed,2026-09-16,2027-03-01,https://np-mrd.org/
R130,Data Sharing for Demographic Research (DSDR),DSDR,Data repository,"Data Sharing for Demographic Research (DSDR) supports the demographic community by disseminating, archiving, and preserving data relevant for population studies. The mission of DSDR is to serve as a locus of information for researchers who collect, analyze, and distribute primary data as well as researchers who analyze secondary data. DSDR aims to foster interdisciplinary collaborations between Demography and other disciplines. DSDR is located within ICPSR and supported by the Population Dynamics Branch (PDB) of the Eunice Kennedy Shriver National Institute of Child Health and Human Development (U24 HD048404).",NIH ICO-associated,NICHD,Active,Limited or programmatic intake,Mixed access,"Behavioral, social, and population health data",Human and non-human or multi-species; Human data or participants; Non-human organisms or data,Mixed human-data access,human,Homo sapiens,Behavioral and social sciences; Data Management; behavior; Demographics; curated information; Population Dynamics; Social Science,Programmatic access not established,not_established,Dataset-level persistent identifier,0,not_listed,2026-09-10,2027-03-01,https://www.icpsr.umich.edu/sites/dsdr/home
R131,Echinobase,,Data repository,,NIH ICO-associated,NICHD,Active,Limited or programmatic intake,Open access,Data modality not established,Human and non-human or multi-species; Non-human organisms or data; Human data or participants,Open or registered human-data access,non-human,,Sequence biology,No public API reported,no_public_api_reported,Persistent identifier practice not established,0,not_listed,2026-09-16,2027-03-01,https://www.echinobase.org/entry/
R132,Environmental influences on Child Health Outcomes (ECHO),ECHO,Data repository,,NIH ICO-associated,CIT; NICHD,Active,Limited or programmatic intake,Controlled access,Clinical and real-world data,Human data or participants,Controlled or potentially sensitive human data,human,,"Clinical research, Real-World Data",No public API reported,no_public_api_reported,Persistent identifier practice not established,0,not_listed,2026-09-16,2027-03-01,https://echochildren.org/dash/
R133,IPUMS,IPUMS,Data repository,U.S. Census and American Community Survey microdata from 1850 to the present. Learn More about the IPUMS USA project,NIH ICO-associated,NICHD,Active,Limited or programmatic intake,Controlled access,"Behavioral, social, and population health data",Human data or participants,Controlled or potentially sensitive human data,human,,"Behavioral and social sciences, Other",No public API reported,no_public_api_reported,Dataset-level persistent identifier,0,not_listed,2026-09-16,2027-03-01,https://www.ipums.org/
R134,Learning &amp; Development Data Repository (LDbase),LDbase,Data repository,"LDbase is an open science resource for the educational and developmental science scientific communities, providing a secure place to store and access data, as well access materials about aspects of data management and analyses. LDbase is unique in that it is project oriented, rather than dataset oriented, meeting the needs of how our field thinks about data.",Sustained or historical NIH support; NIH ICO-associated,NICHD,Active,Accepts broad investigator deposits,Mixed access,"Behavioral, social, and population health data; Clinical and real-world data",Human and non-human or multi-species; Non-human organisms or data; Human data or participants,Mixed human-data access,human,,"Behavioral and social sciences, Clinical research",No public API reported,no_public_api_reported,Dataset-level persistent identifier,0,not_listed,2026-09-10,2027-03-01,https://ldbase.org
R135,NICHD Data and Specimen Hub (DASH),DASH,Data repository,New users are encouraged to visit our Tutorial (New tutorial updates coming soon!),NIH ICO-associated; Sustained or historical NIH support,CIT; NICHD,Active,Accepts broad investigator deposits,Controlled access,"Clinical and real-world data; Behavioral, social, and population health data",Human data or participants,Controlled or potentially sensitive human data,human,,"Behavioral and social sciences, Clinical research",No public API reported,no_public_api_reported,Dataset-level persistent identifier,0,listed,2026-09-16,2027-03-01,https://dash.nichd.nih.gov/
R136,PhonBank,,Data repository,,NIH ICO-associated,NICHD,Active,Limited or programmatic intake,Open access,"Behavioral, social, and population health data",Human data or participants,Open or registered human-data access,human,,Behavioral and social sciences,Programmatic access not established,not_established,Dataset-level persistent identifier,0,not_listed,2026-09-16,2027-03-01,https://talkbank.org/phon/
R137,Xenbase,,Data repository,"This FAIRsharing record describes: The Xenopus Anatomical Ontology (XAO) describes Xenopus anatomy and embryological development using a 'controlled vocabulary' of anatomy terms that are organized in an hierarchy with a graphical structure. XAO terms describe gene expression, and the XAO is constantly being updated in response to the latest published Xenopus research.",NIH ICO-associated,NICHD; OD,Active,Limited or programmatic intake,Open access,"Transcriptomics; Ontologies, vocabularies, common data elements, and terminology artifacts",Non-human organisms or data; Human data or participants; Human and non-human or multi-species,Open or registered human-data access,non-human,Xenopus,"Imaging, Neuroscience, Other, Sequence biology; morphology; Developmental Biology; life cycle; structure; Anatomy; life cycle stage; Life Science",Public API,api_documented,Dataset-level persistent identifier,0,not_listed,2026-09-16,2027-03-01,https://www.xenbase.org/
R138,Mouse Phenome Database,MPD,Data repository,"Mouse phenome database, MPD",NIH ICO-associated; Sustained or historical NIH support,NIDA,Active,Accepts broad investigator deposits,Open access,"Behavioral, social, and population health data",Non-human organisms or data; Human data or participants; Human and non-human or multi-species,Open or registered human-data access,non-human,,"Behavioral and social sciences, Computational biology, Neuroscience, Sequence biology",Public API,api_documented,Dataset-level persistent identifier,0,not_listed,2026-09-16,2027-03-01,https://phenome.jax.org/
R139,National Addiction and Health Data Archive Program (NAHDAP),NAHDAP,Data repository,,NIH ICO-associated,NIDA,Active,Limited or programmatic intake,Mixed access,"Behavioral, social, and population health data",Human data or participants,Mixed human-data access,human,,"Behavioral and social sciences, Other",No public API reported,no_public_api_reported,Dataset-level persistent identifier,0,not_listed,2026-09-16,2027-03-01,https://www.icpsr.umich.edu/sites/nahdap/home
R14,Topological Atlas and Repository for Acupoint research (TARA),TARA,Data repository,,NIH ICO-associated,NCCIH; OD,Active,Limited or programmatic intake,Open access,Clinical and real-world data,Human and non-human or multi-species; Human data or participants; Non-human organisms or data,Open or registered human-data access,"human, non-human",,"Clinical research, Other",No public API reported,no_public_api_reported,Persistent identifier practice not established,0,not_listed,2026-09-16,2027-03-01,https://tara-repository.mgb.org/
R142,NIDA Center for Genetics Studies,,Other resource; Data repository,"This repository is under review for potential modification in compliance with Administration directives. The National Institute on Drug Abuse, in collaboration with the National Institutes of Health, has established the NIDA Center for Genetic Studies, also known as the NIDA Genetic Repository, under a contract to Rutgers University and its subcontractor, WashU Medicine, to produce, store, and distribute clinical data … Continue reading ""Welcome""",Sustained or historical NIH support; NIH ICO-associated,NIDA,Active,Accepts broad investigator deposits,Controlled access,"Chemical, pharmacologic, and screening data; Clinical and real-world data; Behavioral, social, and population health data",Non-human organisms or data; Human data or participants; Human and non-human or multi-species,Controlled or potentially sensitive human data,human,,"Behavioral and social sciences, Neuroscience, Sequence biology",No public API reported,no_public_api_reported,Persistent identifier practice not established,0,listed,2026-09-10,2027-03-01,https://nidagenetics.org/
R143,NIH Brain Development Cohorts (NBDC) Data Hub,,Data repository,NIH Brain Development Cohorts (NBDC) Data Sharing Platform: Unifying ABCD and HBCD data management in one powerful platform.,NIH ICO-associated,NCI; NHLBI; NIAAA; NICHD; NIDA; NIMH; NIMHD; NINDS; OBSSR; ORWH,Active,Limited or programmatic intake,Controlled access,"Behavioral, social, and population health data; Clinical and real-world data",Human data or participants,Controlled or potentially sensitive human data,human,,"Behavioral and social sciences, Clinical research, Neuroscience, Sequence biology",No public API reported,no_public_api_reported,Persistent identifier practice not established,0,listed,2026-09-10,2027-03-01,https://www.nbdc-datahub.org
R144,NeMO Single Cell Opioid Responses in the Context of HIV (NeMO SCORCH),,Data repository,"The SCORCH data coordination, analysis, and scientific outreach center will be established to standardize and share single cell molecular HIV/SUD data generated by this program by ensuring that the data is FAIR (Findable, Accessible, Interoperable, and Reusable)",NIH ICO-associated; Sustained or historical NIH support,NIDA,Active,Accepts broad investigator deposits,Mixed access,Transcriptomics; Genomics; Single-cell and spatial omics; Epigenomics,Non-human organisms or data; Human and non-human or multi-species; Human data or participants,Mixed human-data access,"human, non-human",Homo sapiens,Sequence biology; Transcriptomics; Public Health; region; Neurology,No public API reported,no_public_api_reported,Persistent identifier practice not established,0,not_listed,2026-09-22,2027-03-01,https://scorch.igs.umaryland.edu/
R145,Neuroscience Information Framework,,Data repository,,NIH ICO-associated; Sustained or historical NIH support,NIDA; NIDDK,Active,Accepts broad investigator deposits,Access pathway not established,"Behavioral, social, and population health data",Human and non-human or multi-species; Human data or participants; Non-human organisms or data,Human-data sensitivity not established,"human, non-human",,"Behavioral and social sciences, Imaging, Neuroscience, Sequence biology",Public API,api_documented,Dataset-level persistent identifier,0,not_listed,2026-09-16,2027-03-01,https://neuinfo.org/
R146,AphasiaBank,,Data repository,AphasiaBank is a shared database of multimedia interactions for the study of communication in aphasia. Access to the data in AphasiaBank is password protected and restricted to registered researchers.,Sustained or historical NIH support; NIH ICO-associated,NIDCD,Active,Accepts broad investigator deposits,Mixed access,"Clinical and real-world data; Behavioral, social, and population health data",Human data or participants,Mixed human-data access,human,Homo sapiens,"Behavioral and social sciences, Clinical research; Clinical Studies; Social and Behavioural Science",Programmatic access not established,not_established,Persistent identifier practice not established,0,not_listed,2026-09-16,2027-03-01,https://aphasia.talkbank.org/
R147,FluencyBank,,Data repository,"This FAIRsharing record describes: FluencyBank is a shared database for the study of fluency development. Participants include typically-developing monolingual and bilingual children, children and adults who stutter (C/AWS) or who clutter (C/AWC), and second language learners.",NIH ICO-associated,NIDCD,Active,Limited or programmatic intake,Mixed access,"Clinical and real-world data; Behavioral, social, and population health data",Human data or participants,Mixed human-data access,human,Homo sapiens,"Behavioral and social sciences, Clinical research, Neuroscience; Clinical Studies; Social and Behavioural Science; Neuroscience; Communication Science",Programmatic access not established,not_established,Persistent identifier practice not established,0,not_listed,2026-09-16,2027-03-01,https://fluency.talkbank.org
R148,Candida Genome Database,,Data repository,"Curated genomic, gene, protein, phenotype, literature, and sequence information for Candida species.",Sustained or historical NIH support; NIH ICO-associated,NIDCR,Active,Limited or programmatic intake,Open access,Genomics,Human and non-human or multi-species; Human data or participants; Non-human organisms or data,Open or registered human-data access,non-human,,Sequence biology,Public API,api_documented,Dataset-level persistent identifier,0,not_listed,2026-09-16,2027-03-01,http://www.candidagenome.org/
R149,Human Oral Microbiome Database (HOMD),HOMD,Data repository,Human Oral Microbiome Database,NIH ICO-associated; Sustained or historical NIH support,NIDCR,Active,Limited or programmatic intake,Open access,Data modality not established,Human data or participants; Non-human organisms or data; Human and non-human or multi-species,Open or registered human-data access,"human, non-human",,Sequence biology,Public API,api_documented,Dataset-level persistent identifier,0,not_listed,2026-09-16,2027-03-01,https://www.homd.org/
R150,Human Salivary Proteome,,Data repository,"HSP is a collaborative, community-based Web portal to more than 1,000 unique human saliva proteins identified by high-throughput proteomic technologies.",NIH ICO-associated; Sustained or historical NIH support,NIDCR,Active,Accepts broad investigator deposits,Open access,Proteomics; Clinical and real-world data,Non-human organisms or data; Human and non-human or multi-species; Human data or participants,Open or registered human-data access,human,Homo sapiens,"Clinical research, Computational biology, Sequence biology; Protein interactions; Protein Analysis; Clinical Studies; Computational Biology; Proteomics; Protein structure; protein",No public API reported,no_public_api_reported,Persistent identifier practice not established,0,not_listed,2026-09-10,2027-03-01,https://www.salivaryproteome.org/
R151,FaceBase,,Data repository; Other resource,"FaceBase is the NIH-funded data repository for craniofacial research, offering FAIR, AI-ready datasets spanning dental, oral, craniofacial, and inner ear biology.",Sustained or historical NIH support; NIH ICO-associated,NIDCD; NIDCR; OD,Active,Accepts broad investigator deposits,Mixed access,Clinical and real-world data,Non-human organisms or data; Human and non-human or multi-species; Human data or participants,Mixed human-data access,"human, non-human",,"Imaging, Real-World Data, Sequence biology",Public API,api_documented,Dataset-level persistent identifier,0,listed,2026-09-10,2027-03-01,https://www.facebase.org/
R154,NIDA Data Share,,Data repository,This repository is under review for potential modification in compliance with Administration directives.,NIH ICO-associated,NIDDK,Active,Limited or programmatic intake,Controlled access,"Environmental exposures and geospatial data; Clinical and real-world data; Chemical, pharmacologic, and screening data; Behavioral, social, and population health data; Clinical trials and study protocols",Model systems or preclinical resources; Non-human organisms or data; Human data or participants; Human and non-human or multi-species,Controlled or potentially sensitive human data,human,Homo sapiens,"Behavioral and social sciences, Clinical research, Other; addiction; drug; Clinical Studies; Preclinical Studies; Biomedical Science",No public API reported,no_public_api_reported,Persistent identifier practice not established,0,not_listed,2026-09-16,2027-03-01,https://datashare.nida.nih.gov
R157,United States Renal Data System (USRDS),USRDS,Data repository,"The United States Renal Data System (USRDS) compiles, analyzes, and distributes information on chronic kidney disease (CKD) and end-stage renal disease (ESRD).",NIH ICO-associated,NIDDK,Active,Limited or programmatic intake,Controlled access,Clinical and real-world data,Human data or participants,Controlled or potentially sensitive human data,human,,"Clinical research, Real-World Data",No public API reported,no_public_api_reported,Persistent identifier practice not established,0,not_listed,2026-09-16,2027-03-01,https://www.niddk.nih.gov/about-niddk/strategic-plans-reports/usrds
R16,Cancer Complexity Knowledge Portal,,Data catalog; Data repository,"The NIH National Cancer Institute-sponsored Cancer Systems Biology Consortium (CSBC) and Physical Sciences in Oncology Network (PS-ON) aim to tackle the most perplexing issues in cancer to increase our understanding of tumor biology, treatment options, and patient outcome. The CSBC PS-ON Data Portal highlights ongoing research efforts in these richly interdisciplinary fields, including the data generated and methods developed in the addressing fundamental questions in cancer research.",NIH ICO-associated; Sustained or historical NIH support,NCI,Active,Accepts broad investigator deposits,Mixed access,Data modality not established,Human data or participants; Human and non-human or multi-species; Non-human organisms or data,Mixed human-data access,"human, non-human",,"Computational biology, Imaging, Other, Sequence biology",Programmatic access not established,not_established,Persistent identifier practice not established,0,not_listed,2026-09-16,2027-03-01,https://cancercomplexity.synapse.org/
R160,Chemical Effects in Biological Systems (CEBS),CEBS,Data repository,"The CEBS database is a public resource that houses data of interest to environmental health scientists. Data in CEBS are housed in a relational database designed to display data in the context of biology and study design, and permit data integration for cross-study analysis, knowledge generation and novel meta analysis. For access assistance please contact CEBS-support .",NIH ICO-associated,NIEHS,Active,Limited or programmatic intake,Open access,Environmental exposures and geospatial data,Human and non-human or multi-species; Non-human organisms or data; Human data or participants,Open or registered human-data access,non-human,,Other,No public API reported,no_public_api_reported,Dataset-level persistent identifier,0,not_listed,2026-09-16,2027-03-01,https://cebs.niehs.nih.gov/cebs/
R161,Exposome Correlation and Interpretation Database (ECID),ECID,Data repository,ECID is a biomedical knowledgebase of curated inter-chemical correlations from the core chemical datasets in exposomics. These datasets are prioritized from human biomonitoring studies using targeted and untargeted assays. ECID has applications in characterizing and understanding the effects of,NIH ICO-associated,NIEHS,Active,Limited or programmatic intake,Open access,"Chemical, pharmacologic, and screening data",Non-human organisms or data; Human data or participants; Human and non-human or multi-species,Open or registered human-data access,human,,"Other, Sequence biology",No public API reported,no_public_api_reported,Persistent identifier practice not established,0,not_listed,2026-09-16,2027-03-01,https://www.ecidbase.org/
R162,GeoSpace,,Data repository,"GeoSpace is a NIEHS funded biomedical knowledgebase to provide a curated collection of geospatial exposures, datasets and literature information. It enables, data discoverability, data harmonization and data re-uses of GeoSpatial datasets in the USA. GeoSpace has three core modules.",NIH ICO-associated,NIEHS,Active,Limited or programmatic intake,Open access,"Environmental exposures and geospatial data; Behavioral, social, and population health data",Non-human organisms or data; Human and non-human or multi-species; Human data or participants,Open or registered human-data access,human,,"Behavioral and social sciences, Other",No public API reported,no_public_api_reported,Persistent identifier practice not established,0,not_listed,2026-09-16,2027-03-01,https://www.gsbase.org/
R164,Integrated Chemical Environment (ICE),ICE,Data repository,Successful computational toxicology projects depend on high-quality data that are freely available and formatted for use in computational workflows. The NIH Integrated Chemical Environment (NICE) addresses the data needs frequently expressed by NICEATM stakeholders.,NIH ICO-associated,NIEHS,Active,Limited or programmatic intake,Open access,"Models, software, workflows, notebooks, and containers; Chemical, pharmacologic, and screening data; Environmental exposures and geospatial data",Human data or participants; Non-human organisms or data; Human and non-human or multi-species,Open or registered human-data access,non-human,,Other,No public API reported,no_public_api_reported,Persistent identifier practice not established,0,not_listed,2026-09-16,2027-03-01,https://ntp.niehs.nih.gov/whatwestudy/niceatm/comptox/ct-ice/ice
R165,Pathogen Detection,,Data repository,"NCBI Pathogen Detection integrates bacterial and fungal pathogen genomic sequences from numerous ongoing surveillance and research efforts whose sources include food, environmental sources such as water or production facilities, and patient samples. Foodborne, hospital-acquired, and other clinically infectious pathogens are included.",NIH ICO-associated,NLM,Active,Limited or programmatic intake,Access pathway not established,Genomics; Environmental exposures and geospatial data; Transcriptomics; Proteomics; Clinical and real-world data; Epigenomics,Human and non-human or multi-species; Non-human organisms or data; Human data or participants,Human-data sensitivity not established,non-human,All,"Clinical research, Sequence biology; reference genome; Functional Genomics; sequencing assay; DNA sequencing assay; Epigenomics; Virology; Comparative Genomics; RNA-seq assay; Genome assembly; Microbiology; sequence variant; Genome alignment; Genomics; Sequence annotation; Transcriptomics; Metagenomics; Metaproteomics; Bioinformatics; Next Generation Sequencing",No public API reported,no_public_api_reported,Persistent identifier practice not established,0,not_listed,2026-09-10,2027-03-01,https://www.ncbi.nlm.nih.gov/pathogens/
R166,Comparative Toxicogenomics Database (CTD),CTD,Data repository,"CTD is a robust, publicly available database that aims to advance understanding about how environmental exposures affect human health. It provides manually curated information about chemical–gene/protein interactions, chemical–disease and gene–disease relationships. These data are integrated with functional and pathway data to aid in development of hypotheses about the mechanisms underlying environmentally influenced diseases. We also have additional ongoing projects involving manual curation of exposome data and chemical–phenotype relationships to help identify pre–disease biomarkers resulting from environmental exposures. The initial release of CTD was on November 12, 2004. We’re grateful to our strong community support and encourage you to give us feedback so we can continue to evolve with your research needs.",NIH ICO-associated,NIEHS; NINDS,Active,Limited or programmatic intake,Open access,"Chemical, pharmacologic, and screening data; Genomics; Ontologies, vocabularies, common data elements, and terminology artifacts; Environmental exposures and geospatial data",Human data or participants; Human and non-human or multi-species; Non-human organisms or data,Open or registered human-data access,human,Rattus norvegicus; Gallus gallus; Mus musculus; Canis lupus; Caenorhabditis elegans; Homo sapiens; Bos taurus; Eumetazoa; Drosophila; Danio rerio,Sequence biology; literature curation; protein; Annotation; Comparative Genomics; exposure; molecular interaction; drug interaction; Biomedical Science; Protein interactions; disease phenotype; Systems Biology; gene; pathway; Text mining; Anatomy; chemical-disease association; Expression data; Toxicology; gene-disease association; Toxicogenomics; phenotype; chemical-gene association; Adverse Reaction; curated information; chemical entity; GO-term enrichment data; disease; Environmental Science,No public API reported,no_public_api_reported,Dataset-level persistent identifier,0,not_listed,2026-09-16,2027-03-01,https://ctdbase.org/
R168,Binding Database (BindingDB),BindingDB,Data repository,Protein-Ligand Binding and Molecular Recognition Database,NIH ICO-associated,NIGMS,Active,Limited or programmatic intake,Open access,"Chemical, pharmacologic, and screening data",Non-human organisms or data; Human and non-human or multi-species; Human data or participants,Open or registered human-data access,"human, non-human",,"Computational biology, Other",Public API,api_documented,Persistent identifier practice not established,0,not_listed,2026-09-16,2027-03-01,https://www.bindingdb.org/rwd/bind/index.jsp
R169,Biological Magnetic Resonance Data Bank (BMRB),BMRB,Data repository,"A Repository for Data from NMR Spectroscopy on Proteins, Peptides, Nucleic Acids, and other Biomolecules",Sustained or historical NIH support; NIH ICO-associated,NIGMS,Active,Accepts broad investigator deposits,Open access,Data modality not established,Human and non-human or multi-species; Human data or participants; Non-human organisms or data,Open or registered human-data access,"human, non-human",,Imaging,Public API,api_documented,Dataset-level persistent identifier,0,not_listed,2026-09-16,2027-03-01,https://bmrb.io/
R17,Cancer Data Access System (CDAS),CDAS,Data repository,"CDAS allows the research community to submit research projects to request data, biospecimens, or images from cancer trials and other studies. Approved projects and publications may be viewed.",NIH ICO-associated,NCI,Active,Limited or programmatic intake,Controlled access,Clinical and real-world data; Biospecimen and biobank metadata,Human data or participants,Controlled or potentially sensitive human data,human,,Clinical research,No public API reported,no_public_api_reported,Persistent identifier practice not established,0,listed,2026-09-16,2027-03-01,https://cdas.cancer.gov/
R170,BioPortal,,Data repository,"This FAIRsharing record describes: BioPortal is a library of biomedical ontologies and terminologies developed in Web Ontology Language (OWL), Resource Description Framework (RDF)(S), Open Biological and Biomedical Ontologies (OBO) format, and Protégé frames and Rich Release Format. BioPortal groups ontologies by domain to aid discoverability and allows users to browse, search and visualize the content of ontologies. BioPortal also provides ontology recommendation, text annotation, ontology mapping, and a reference index to resources like PubMed.",NIH ICO-associated,NIGMS,Active,Accepts broad investigator deposits,Mixed access,"Ontologies, vocabularies, common data elements, and terminology artifacts",Human data or participants; Human and non-human or multi-species; Non-human organisms or data,Mixed human-data access,"human, non-human",Not applicable,Computational biology; Life Science,Authenticated API,api_documented,Persistent identifier practice not established,0,not_listed,2026-09-10,2027-03-01,https://bioportal.bioontology.org/
R173,DOCKGROUND,DOCKGROUND,Data repository,,NIH ICO-associated,NIGMS,Active,Limited or programmatic intake,Open access,Data modality not established,Human data or participants,Open or registered human-data access,human,,Sequence biology,No public API reported,no_public_api_reported,Persistent identifier practice not established,0,not_listed,2026-09-16,2027-03-01,https://dockground.compbio.ku.edu/
R174,EcoCyc,,Data repository,"The EcoCyc database describes the genome, metabolic pathways, and regulatory network of Escherichia coli and provides extensive bioinformatics tools.",NIH ICO-associated,NIGMS,Active,Limited or programmatic intake,Access pathway not established,Transcriptomics; Genomics,Human data or participants; Non-human organisms or data; Human and non-human or multi-species,Human-data sensitivity not established,non-human,,Sequence biology,Public API,api_documented,Dataset-level persistent identifier,0,not_listed,2026-09-16,2027-03-01,https://ecocyc.org/
R175,GlyGen,,Data repository,GlyGen is a data integration and dissemination project for carbohydrate and glycoconjugate related data.,NIH ICO-associated,NIGMS,Active,Limited or programmatic intake,Open access,Data modality not established,Human data or participants; Non-human organisms or data; Human and non-human or multi-species,Open or registered human-data access,"human, non-human",Rattus norvegicus; Homo sapiens; Mus musculus,"Other, Sequence biology; glycosylated residue; Life Science; glycosylation; Glycomics",Programmatic access not established,not_established,Persistent identifier practice not established,0,not_listed,2026-09-10,2027-03-01,https://www.glygen.org/about/
R176,Nucleic Acid Knowledge Base (NAKB),NAKB,Data repository,"NAKB provides Search, Report, Statistics, Atlas and Visualization for all nucleic-acid containing experimentally determined 3D structures held by NDB and by the Protein Data Bank (PDB), including all major methods: X-ray, Electron Microscopy, and NMR. For each structure, links are provided to external resources that annotate and analyze nucleic acid structures and their complexes.",NIH ICO-associated,NIGMS,Active,Limited or programmatic intake,Open access,Microscopy,Human data or participants,Open or registered human-data access,human,All,"Other, Sequence biology; Structural Biology; nucleic acid; Structure; Molecular biology",No public API reported,no_public_api_reported,Dataset-level persistent identifier,0,not_listed,2026-09-16,2027-03-01,https://nakb.org/
R178,PeptideAtlas,,Data repository,"The PeptideAtlas Project provides a publicly-accessible database of peptides identified in tandem mass spectrometry proteomics studies and software tools. Mass spectrometer output files are collected for human, mouse, yeast, and several other organisms, and sequence and spectral library searches are applied. Analyses are performed to produce a probability of correct identification for all results in a uniform manner, together with false discovery rates at the whole-atlas level.",NIH ICO-associated; Sustained or historical NIH support,NIGMS,Active,Accepts broad investigator deposits,Open access,"Proteomics; Models, software, workflows, notebooks, and containers",Human data or participants; Human and non-human or multi-species; Non-human organisms or data,Open or registered human-data access,"human, non-human",Drosophila; Equus caballus; Caenorhabditis elegans; Streptococcus; Mus musculus; Sus scrofa; Apis; Rattus rattus; Candida; Halobacteria; Schizosaccharomyces pombe; Saccharomyces cerevisiae; Bos taurus; Danio rerio; Homo sapiens; Leptospira interrogans,"Computational biology, Sequence biology; Structure; Mass spectrum; Annotation; Proteomics; protein",Programmatic access not established,not_established,Dataset-level persistent identifier,0,not_listed,2026-09-16,2027-03-01,http://www.peptideatlas.org
R179,Redfly,,Data repository,,NIH ICO-associated,NIGMS,Active,Limited or programmatic intake,Open access,Data modality not established,Non-human organisms or data; Human data or participants; Human and non-human or multi-species,Open or registered human-data access,non-human,,"Computational biology, Sequence biology",Programmatic access not established,not_established,Persistent identifier practice not established,0,not_listed,2026-09-16,2027-03-01,http://redfly.ccr.buffalo.edu/index.php
R18,Cancer Epidemiology Descriptive Cohort Database,,Data repository,,NIH ICO-associated,NCI,Active,Limited or programmatic intake,Open access,Data modality not established,Human data or participants,Open or registered human-data access,human,,Other,No public API reported,no_public_api_reported,Persistent identifier practice not established,0,not_listed,2026-09-16,2027-03-01,https://cedcd.nci.nih.gov/home
R180,Research Resource Identification (RRID),RRID,Data repository; Other resource,"Research Resource Identifiers (#RRID) are ID numbers assigned to help researchers cite key resources (core facilities, instruments, software projects, antibodies, model organisms and cell lines) in the scientific literature to improve transparency of research methods. RRIDs are created by many of your favorite research resource repositories, but the RRID portion of the identifier helps to disambiguate the things that scientists used in the study (ingredients) from the things that they may be citing for intellectual merit.",NIH ICO-associated,NIGMS,Active,Limited or programmatic intake,Open access,"Models, software, workflows, notebooks, and containers",Model systems or preclinical resources; Human and non-human or multi-species; Non-human organisms or data; Human data or participants,Open or registered human-data access,"human, non-human",,Other,No public API reported,no_public_api_reported,Persistent identifier practice not established,0,not_listed,2026-09-16,2027-03-01,https://www.rrids.org/
R181,Virtual Nanostructure Simulation (VINAS) Web Portal,,Data repository,,NIH ICO-associated,NIGMS,Active,Limited or programmatic intake,Access pathway not established,Data modality not established,Human and non-human or multi-species; Human data or participants; Non-human organisms or data,Human-data sensitivity not established,"human, non-human",,"Computational biology, Imaging, Sequence biology",No public API reported,no_public_api_reported,Persistent identifier practice not established,0,not_listed,2026-09-16,2027-03-01,https://vinas-toolbox.com/
R183,AMP Schizophrenia (SCZ),SCZ,Data repository,The Accelerating Medicines Partnership® program for Schizophrenia (AMP® SCZ) is a public-private partnership that aims to generate tools that will considerably improve success in developing early-stage interventions for patients who are at risk of developing schizophrenia.,NIH ICO-associated,NIMH,Active,Limited or programmatic intake,Controlled access,"Clinical and real-world data; Behavioral, social, and population health data",Non-human organisms or data; Human data or participants; Human and non-human or multi-species,Controlled or potentially sensitive human data,human,,"Behavioral and social sciences, Clinical research, Imaging, Real-World Data",No public API reported,no_public_api_reported,Persistent identifier practice not established,0,not_listed,2026-09-10,2027-03-01,https://www.nimh.nih.gov/research/research-funded-by-nimh/research-initiatives/accelerating-medicines-partnershipr-program-schizophrenia-ampr-scz
R184,Brain Analysis Library of Spatial maps and Atlases (BALSA),BALSA,Data repository,"Brain Analysis Library of Spatial maps and Atlases (BALSA) is a database for hosting and sharing neuroimaging and neuroanatomical datasets for human and primate species. BALSA houses curated, user-created Study datasets, extensively analyzed neuroimaging data associated with published figures and Reference datasets mapped to brain atlas surfaces and volumes in human and nonhuman primates as a general resource (e.g., published cortical parcellations). ConnectomeDB powered by BALSA is designed for distributing HCP-Young Adult and related HCP-style processed imaging and phenotypic datasets. Datasets in BALSA may include PMID and/or DOI that links them directly to relevant publications.",Sustained or historical NIH support; NIH ICO-associated,NIMH,Active,Accepts broad investigator deposits,Open access,Neuroimaging,Human data or participants; Non-human organisms or data; Human and non-human or multi-species,Open or registered human-data access,human,Primates; Homo sapiens,"Imaging, Neuroscience; Functional Magnetic Resonance Imaging; Neuroscience; neuroimaging measurement; Systemic Neuroscience; Neurobiology; Computational Neuroscience; Diffusion Tensor Imaging; Bioimaging; Magnetic Resonance Imaging",No public API reported,no_public_api_reported,Dataset-level persistent identifier,0,not_listed,2026-09-16,2027-03-01,https://balsa.wustl.edu/
R185,Brain Image Library,,Data repository,A public archive of high-resolution brain microscopy data - free for researchers everywhere.,NIH ICO-associated,NIMH,Active,Limited or programmatic intake,Open access,Microscopy,Non-human organisms or data; Human and non-human or multi-species; Human data or participants,Open or registered human-data access,"human, non-human",,"Imaging, Neuroscience",Public API,api_documented,Dataset-level persistent identifier,0,not_listed,2026-09-16,2027-03-01,https://www.brainimagelibrary.org
R186,BRAIN Initiative - Cell Atlas Network (BICAN),BICAN,Data repository,"Explore the newest public BICAN Data Release, with expanded post-QC single-cell and epigenomic datasets across human, mouse, and additional mammalian species.",NIH ICO-associated,NIMH,Active,Limited or programmatic intake,Open access,Genomics; Single-cell and spatial omics; Epigenomics,Human and non-human or multi-species; Non-human organisms or data; Human data or participants,Open or registered human-data access,"human, non-human",,"Imaging, Neuroscience",No public API reported,no_public_api_reported,Persistent identifier practice not established,0,not_listed,2026-09-16,2027-03-01,https://www.portal.brain-bican.org/
R189,Neuroelectromagnetic Data Archive and Tools Resource (NEMAR),NEMAR,Data repository,"NEMAR (Neuroelectromagnetic Data Archive and Tools Resource): search, visualize, analyze, and download EEG, MEG, iEEG, and EMG datasets.",NIH ICO-associated,NIMH,Active,Limited or programmatic intake,Open access,Neuroimaging; Electrophysiology and neural recordings,Non-human organisms or data; Human data or participants; Human and non-human or multi-species,Open or registered human-data access,human,Homo sapiens,"Imaging, Neuroscience; Cognitive Neuroscience; Neuroscience; Electrophysiology; electroencephalography; neuroimaging measurement",Public API,api_documented,Dataset-level persistent identifier,0,not_listed,2026-09-16,2027-03-01,https://nemar.org/
R19,Cancer Epitope Database and Analysis Resource (CEDAR),CEDAR,Data repository,"Free resource for searching and exporting immune epitopes. Includes more than 95% of all published infectious disease, allergy, autoimmune, and transplant epitope data.",NIH ICO-associated,NCI,Active,Limited or programmatic intake,Open access,Data modality not established,Non-human organisms or data; Human data or participants; Human and non-human or multi-species,Open or registered human-data access,"human, non-human",,Other,No public API reported,no_public_api_reported,Persistent identifier practice not established,0,not_listed,2026-09-16,2027-03-01,https://cedar.iedb.org
R190,Neuroscience Multi-omic Archive (NeMO),NeMO,Data repository,To search the NeMO Archive please visit the NeMO Archive Data Portal .,NIH ICO-associated; Sustained or historical NIH support,NIMH,Active,Accepts broad investigator deposits,Mixed access,Transcriptomics; Epigenomics; Genomics,Human and non-human or multi-species; Human data or participants; Non-human organisms or data,Mixed human-data access,"human, non-human",Homo sapiens,Sequence biology; binding site; nucleic acid; disease; chromatin binding; Neuroscience; Transcription Factor; gene-disease association; region; Genomics; histone,No public API reported,no_public_api_reported,Persistent identifier practice not established,0,listed,2026-09-10,2027-03-01,https://nemoarchive.org/
R191,NeuroVault and NeuroSynth,,Data repository,,NIH ICO-associated,NIMH,Active,Limited or programmatic intake,Open access,Data modality not established,Human data or participants,Open or registered human-data access,human,,"Imaging, Neuroscience",No public API reported,no_public_api_reported,Persistent identifier practice not established,0,not_listed,2026-09-16,2027-03-01,https://neurosynth.org/
R192,National Neighborhood Data Archive (NaNDA),NaNDA,Data repository,"The National Neighborhood Data Archive (NaNDA) is a publicly available data archive containing measures of the physical, economic, demographic, and social environment at multiple levels of spatial scale (eg, census tract, ZIP code tabulation area, county). Each NaNDA dataset covers all or most of the entire nation (including both rural and urban areas) and represents a set of measures on a single topic of interest, including socioeconomic disadvantage, healthcare, housing, partisanship, and public transit, with temporal coverage dating back to 1981.",NIH ICO-associated,NIMH; NIMHD; NINR; OD,Active,Limited or programmatic intake,Open access,"Environmental exposures and geospatial data; Behavioral, social, and population health data",Human data or participants,Open or registered human-data access,human,,Behavioral and social sciences,No public API reported,no_public_api_reported,Dataset-level persistent identifier,0,not_listed,2026-09-10,2027-03-01,https://www.icpsr.umich.edu/web/ICPSR/series/1920
R193,Brain Observatory Storage Service &amp; Database (BossDB),BossDB,Data repository,Scalable volumetric 3D and 4D database for the cloud,Sustained or historical NIH support; NIH ICO-associated,NIMH; NINDS,Active,Accepts broad investigator deposits,Open access,Neuroimaging; Microscopy,Human and non-human or multi-species; Human data or participants; Non-human organisms or data,Open or registered human-data access,"human, non-human",Danio rerio; Rodentia; Taeniopygia guttata; Lepidoptera; Drosophila melanogaster; Mus musculus; Pristionchus pacificus; Callithrix jacchus; Homo sapiens; Rhesus macaques; Drosophila; Caenorhabditis elegans,"Imaging, Neuroscience; electron microscopy; Neurobiology; Anatomy; brain; Neuroscience; cell; neuron; tissue; neuroimaging measurement",No public API reported,no_public_api_reported,Persistent identifier practice not established,0,not_listed,2026-09-16,2027-03-01,https://bossdb.org/
R194,Data Archive for the BRAIN Initiative (DABI),DABI,Data repository,"The Data Archive for the BRAIN Initiative (DABI) provides storage, sharing, and analysis infrastructure for invasive neurophysiology research data.",NIH ICO-associated; Sustained or historical NIH support,NIMH; NINDS,Active,Accepts broad investigator deposits,Mixed access,"Electrophysiology and neural recordings; Behavioral, social, and population health data",Human data or participants,Mixed human-data access,human,Homo sapiens,"Behavioral and social sciences, Imaging, Neuroscience; Neuroscience; brain; Cognitive Neuroscience; Neurophysiology",No public API reported,no_public_api_reported,Persistent identifier practice not established,0,not_listed,2026-09-16,2027-03-01,https://dabi.loni.usc.edu/
R195,OpenNeuro,,Data repository,"This FAIRsharing record describes: The OpenNeuro project (formerly known as the OpenfMRI project) was established in 2010 to provide a resource for researchers interested in making their neuroimaging data openly available to the research community. It is managed by Russ Poldrack and Chris Gorgolewski of the Center for Reproducible Neuroscience at Stanford University. The project has been developed with funding from the National Science Foundation, National Institute of Drug Abuse, and the Laura and John Arnold Foundation.",Sustained or historical NIH support; NIH ICO-associated,NIMH; NINDS,Active,Accepts broad investigator deposits,Open access,"Neuroimaging; Medical imaging; Chemical, pharmacologic, and screening data",Human and non-human or multi-species; Human data or participants; Non-human organisms or data,Open or registered human-data access,"human, non-human",Homo sapiens,Imaging; Life Science; Biomedical Science; Neurobiology; Magnetic Resonance Imaging; cognition,Public API,api_documented,Dataset-level persistent identifier,0,not_listed,2026-09-10,2027-03-01,https://openneuro.org/
R196,SCHARE (NIMHD),NIMHD,Data repository,Science Collaborative for Health and Artificial intelligence Reduction of Errors,NIH ICO-associated,NIMHD,Active,Limited or programmatic intake,Controlled access,"Clinical and real-world data; Behavioral, social, and population health data",Human data or participants; Non-human organisms or data; Human and non-human or multi-species,Controlled or potentially sensitive human data,human,,"Behavioral and social sciences, Clinical research",No public API reported,no_public_api_reported,Persistent identifier practice not established,0,not_listed,2026-09-16,2027-03-01,https://www.nimhd.nih.gov/resources/schare
R198,NINDS Human Cell and Data Repository (NHCDR),NHCDR,Data repository,"Our collaborator NeuroLINCS provides datasets for research on motor neuron iPSCs using epigenomics, transcriptomics, proteomics, and robotic imaging",NIH ICO-associated; Sustained or historical NIH support,NINDS,Active,Limited or programmatic intake,Open access,Epigenomics; Clinical and real-world data; Transcriptomics; Genomics; Proteomics,Non-human organisms or data; Human and non-human or multi-species; Human data or participants,Open or registered human-data access,human,Homo sapiens,"Clinical research, Neuroscience; Neuroscience; Neurology; Clinical Studies",No public API reported,no_public_api_reported,Persistent identifier practice not established,0,not_listed,2026-09-16,2027-03-01,https://nindsgenetics.org/
R199,Parkinson's Disease Biomarker Program,,Data repository,"Through the sharing of information and resources, researchers, healthcare professionals, patients, and their families will accelerate the pace of Parkinson's Disease biomarker discovery.",NIH ICO-associated; Sustained or historical NIH support,NINDS,Active,Limited or programmatic intake,Controlled access,"Clinical and real-world data; Behavioral, social, and population health data",Non-human organisms or data; Human and non-human or multi-species; Human data or participants,Controlled or potentially sensitive human data,human,,"Behavioral and social sciences, Clinical research, Imaging, Neuroscience, Sequence biology",Programmatic access not established,not_established,Persistent identifier practice not established,0,listed,2026-09-10,2027-03-01,https://pdbp.ninds.nih.gov/
R20,Cancer Models.org,,Data repository,BioStudies – one package for all the data supporting a study,NIH ICO-associated,NCI,Active,Limited or programmatic intake,Open access,"Clinical and real-world data; Digital pathology; Chemical, pharmacologic, and screening data; Genomics",Human data or participants; Human and non-human or multi-species; Non-human organisms or data; Model systems or preclinical resources,Open or registered human-data access,human,Homo sapiens; Mus musculus,Other; Neoplasm; Translational Medicine; Rare Disorder; Model organisms; Preclinical Studies; cancer; Personalized Medicine; Patient Care; Genetics,Public API,api_documented,Dataset-level persistent identifier,0,not_listed,2026-09-16,2027-03-01,https://www.cancermodels.org
R201,Open Data Commons - Traumatic Brain Injury (ODC-TBI),ODC-TBI,Data repository,"The ODC-TBI accelerates progress in pre-clinical TBI research through sharing and re-using data generated by the ODC-TBI community, and promoting transparency, rigor",Sustained or historical NIH support; NIH ICO-associated,NINDS; OD,Active,Accepts broad investigator deposits,Mixed access,Clinical and real-world data,Non-human organisms or data; Human and non-human or multi-species; Human data or participants,Mixed human-data access,non-human,,Neuroscience,No public API reported,no_public_api_reported,Dataset-level persistent identifier,0,not_listed,2026-09-16,2027-03-01,https://odc-tbi.org/
R202,Open Data Commons for Spinal Cord Injury,,Data repository,"Spinal cord injury (SCI) produces a complex syndrome characterized by loss of motor control and mobility; loss of bladder, bowel and sexual function; pathological",Sustained or historical NIH support; NIH ICO-associated,NINDS; OD,Active,Accepts broad investigator deposits,Controlled access,Data modality not established,Non-human organisms or data; Human data or participants; Human and non-human or multi-species,Controlled or potentially sensitive human data,"human, non-human",,"Computational biology, Neuroscience",Programmatic access not established,not_established,Dataset-level persistent identifier,0,not_listed,2026-09-16,2027-03-01,https://odc-sci.org/
R204,ClinicalTrials.gov,,Data repository,"ClinicalTrials.gov hosts a large collection of clinical studies from around the world. You can search for clinical studies by condition or disease name or other terms such as a drug name. Note: ClinicalTrials.gov is an official website of the U.S. Department of Health and Human Services, National Institutes of Health, National Library of Medicine, and National Center for Biotechnology Information. The National Library of Medicine (NLM) maintains this website.",Sustained or historical NIH support; NIH ICO-associated,NLM,Active,Accepts broad investigator deposits,Open access,"Chemical, pharmacologic, and screening data; Clinical and real-world data; Biospecimen and biobank metadata",Human data or participants; Model systems or preclinical resources,Open or registered human-data access,human,Homo sapiens,Clinical research; Biomedical Science; Immunology; Resource metadata; Data Management; Clinical Studies; Pharmacology; study design; Epidemiology; data storage; Biobank; Omics; Drug report; disease; Preclinical Studies,Public API,api_documented,Dataset-level persistent identifier,0,not_listed,2026-09-10,2027-03-01,https://clinicaltrials.gov/
R205,ClinVar,,Data repository,ClinVar aggregates information about genomic variation and its relationship to human health.,Sustained or historical NIH support; NIH ICO-associated,NLM,Active,Accepts broad investigator deposits,Open access,Clinical and real-world data; Proteomics; Genomics; Transcriptomics; Epigenomics,Human data or participants; Human and non-human or multi-species; Non-human organisms or data,Open or registered human-data access,human,All,"Clinical research, Sequence biology; Sequence annotation; Transcriptomics; Genomics; Epigenomics; Microbiology; RNA-seq assay; sequencing assay; Metaproteomics; reference genome; Next Generation Sequencing; sequence variant; DNA sequencing assay; Bioinformatics; Comparative Genomics; Virology; Genome assembly; Functional Genomics; Genome alignment; Metagenomics",Public API,api_documented,Dataset-level persistent identifier,0,not_listed,2026-09-10,2027-03-01,https://www.ncbi.nlm.nih.gov/clinvar/
R206,Conserved Domains Database (CDD),CDD,Data repository,"This FAIRsharing record describes: GenBank ® is the NIH genetic sequence database of annotated collections of all publicly available DNA sequences. GenBank is part of an International Nucleotide Sequence Database Collaboration, which comprises the DNA DataBank of Japan (DDBJ), the European Nucleotide Archive (ENA), and GenBank at NCBI. The GenBank database is designed to provide and encourage access within the scientific community to the most up-to-date and comprehensive DNA sequence information, and release available versioned collections every two months from the ftp site. As part of the International Nucleotide Sequence Database Collaboration (INSDC), a long-standing foundational initiative (operating between DDBJ, EMBL-EBI and NCBI), the INSDC covers the spectrum of data raw reads, through alignments and assemblies to functional annotation, enriched with contextual information relating to samples and experimental configurations. GenBank data submission types include: mRNA sequences, Prokaryotic genes, Eukaryotic genes, rRNA and/or ITS, viral sequences, transposon or insertion sequences, microsatellite sequences, pseudogenes, cloning vectors, phylogenetic or population sets, and non-coding RNAs.",NIH ICO-associated,NLM,Active,Limited or programmatic intake,Open access,Transcriptomics; Proteomics; Genomics; Epigenomics,Human and non-human or multi-species; Non-human organisms or data; Human data or participants,Open or registered human-data access,"human, non-human",All,"Computational biology, Sequence biology; Genome alignment; Epigenomics; Metaproteomics; Next Generation Sequencing; sequencing assay; Genome assembly; RNA-seq assay; Genomics; Metagenomics; Transcriptomics; Comparative Genomics; Sequence annotation; Microbiology; Functional Genomics; reference genome; Bioinformatics; sequence variant; Virology; DNA sequencing assay",Public API,api_documented,Dataset-level persistent identifier,0,not_listed,2026-09-10,2027-03-01,https://www.ncbi.nlm.nih.gov/cdd/
R207,Database for Genotypes and Phenotypes (dbGaP),dbGaP,Data repository,"The Database of Genotypes and Phenotypes (dbGaP) archives and distributes the results of studies that have investigated the interaction of genotype and phenotype. Such studies include genome-wide association studies, medical sequencing, molecular diagnostic assays, as well as association between genotype and non-clinical traits.",Sustained or historical NIH support; NIH ICO-associated,NLM,Active,Accepts broad investigator deposits,Mixed access,"Behavioral, social, and population health data; Clinical and real-world data; Genomics; Clinical trials and study protocols; Epigenomics",Human data or participants,Mixed human-data access,human,Homo sapiens,"Behavioral and social sciences, Clinical research, Computational biology, Imaging, Sequence biology; genotype; Expression data; Genetics; Epigenetics; Genetic Polymorphism; Biomedical Science; phenotype; genome-wide association study",No public API reported,no_public_api_reported,Dataset-level persistent identifier,0,listed,2026-09-10,2027-03-01,https://www.ncbi.nlm.nih.gov/gap/ https://dbgap.ncbi.nlm.nih.gov/home/
R208,Database of human genomic Structural Variation (dbVar),dbVar,Data repository,"dbVar is a database of large scale genomic variants. dbVar includes events such as insertions, deletions and inversions. dbVar is an archival database that will store submitter data, providing a stable identifier for all submitter defined variant regions and for all instances supporting a given variant.",Sustained or historical NIH support; NIH ICO-associated,NLM,Active,Accepts broad investigator deposits,Open access,Clinical and real-world data; Transcriptomics; Proteomics; Epigenomics; Genomics,Human data or participants; Human and non-human or multi-species; Non-human organisms or data,Open or registered human-data access,human,All,"Clinical research, Computational biology, Sequence biology; Microbiology; Bioinformatics; Genomics; DNA sequencing assay; sequence variant; Sequence annotation; sequencing assay; Epigenomics; Metagenomics; RNA-seq assay; Functional Genomics; Transcriptomics; Virology; Comparative Genomics; Genome assembly; Metaproteomics; Genome alignment; reference genome; Next Generation Sequencing",No public API reported,no_public_api_reported,Dataset-level persistent identifier,0,not_listed,2026-09-10,2027-03-01,https://www.ncbi.nlm.nih.gov/dbvar/
R209,GenBank,,Data repository,"This FAIRsharing record describes: GenBank ® is the NIH genetic sequence database of annotated collections of all publicly available DNA sequences. GenBank is part of an International Nucleotide Sequence Database Collaboration, which comprises the DNA DataBank of Japan (DDBJ), the European Nucleotide Archive (ENA), and GenBank at NCBI. The GenBank database is designed to provide and encourage access within the scientific community to the most up-to-date and comprehensive DNA sequence information, and release available versioned collections every two months from the ftp site. As part of the International Nucleotide Sequence Database Collaboration (INSDC), a long-standing foundational initiative (operating between DDBJ, EMBL-EBI and NCBI), the INSDC covers the spectrum of data raw reads, through alignments and assemblies to functional annotation, enriched with contextual information relating to samples and experimental configurations. GenBank data submission types include: mRNA sequences, Prokaryotic genes, Eukaryotic genes, rRNA and/or ITS, viral sequences, transposon or insertion sequences, microsatellite sequences, pseudogenes, cloning vectors, phylogenetic or population sets, and non-coding RNAs.",NIH ICO-associated; Sustained or historical NIH support,NLM,Active,Accepts broad investigator deposits,Open access,Epigenomics; Proteomics; Genomics; Transcriptomics,Human data or participants; Non-human organisms or data; Human and non-human or multi-species,Open or registered human-data access,"human, non-human",All,Sequence biology; Next Generation Sequencing; sequencing assay; Functional Genomics; Comparative Genomics; Sequence annotation; Transcriptomics; reference genome; Metagenomics; DNA sequencing assay; Microbiology; Virology; sequence variant; RNA-seq assay; Genome assembly; Metaproteomics; Genomics; Bioinformatics; Epigenomics; Genome alignment,Programmatic access not established,not_established,Dataset-level persistent identifier,0,not_listed,2026-09-10,2027-03-01,https://www.ncbi.nlm.nih.gov/genbank/
R21,Cancer Proteome Atlas,,Data repository,"The Swedish Human Protein Atlas project has been set up to allow for a systematic exploration of the human proteome using Antibody-Based Proteomics. This is accomplished by combining high-throughput generation of affinity-purified antibodies with protein profiling in a multitude of tissues and cells assembled in tissue microarrays. Confocal microscopy analysis using human cell lines is performed for more detailed protein localization. The program hosts the Human Protein Atlas portal with expression profiles of human proteins in tissues and cells. The main objective of the resource centre is to produce specific antibodies to human target proteins using a high-throughput production method involving the cloning and protein expression of Protein Epitope Signature Tags (PrESTs). After purification, the antibodies are used to study expression profiles in cells and tissues and for functional analysis of the corresponding proteins in a wide range of platforms.",NIH ICO-associated,NCI,Active,Limited or programmatic intake,Open access,Single-cell and spatial omics; Microscopy; Transcriptomics; Proteomics; Medical imaging,Human and non-human or multi-species; Non-human organisms or data; Human data or participants; Model systems or preclinical resources,Open or registered human-data access,human,Homo sapiens,"Sequence biology; cell line; cellular localization; Systems Biology; brain; Medical imaging; tissue; Transcriptomics; Biomedical Science; Proteomics; Bioimaging; Protein Expression; Structure; protein localization; cancer; mass spectrometry assay; blood; immunoglobulin complex, circulating; protein; gene expression",No public API reported,no_public_api_reported,Dataset-level persistent identifier,0,not_listed,2026-09-16,2027-03-01,https://tcpa.drbioright.org/landing/
R210,Gene Expression Omnibus (GEO),GEO,Data repository,"Gene Expression Omnibus (GEO) is a database repository of high throughput gene expression data and hybridization arrays, chips, microarrays.",Sustained or historical NIH support; NIH ICO-associated,NLM,Active,Accepts broad investigator deposits,Open access,Transcriptomics; Epigenomics; Genomics,Non-human organisms or data; Human and non-human or multi-species; Human data or participants,Open or registered human-data access,"human, non-human",All,Sequence biology; microarray assay; miRNA-mediated post-transcriptional gene silencing; array design; gene array; Expression data; Differential gene expression profiling; miRNA; Life Science; mRNA; Epigenomics; Clone library; sequencing assay; Next Generation Sequencing; Transcriptomics; Omics; Phenomics; Raw microarray data; Genomics; Comparative Genomics,Public API,api_documented,Dataset-level persistent identifier,0,not_listed,2026-09-16,2027-03-01,https://www.ncbi.nlm.nih.gov/geo/
R211,Mass Spectrometry Interactive Virtual Environment (MassIVE),MassIVE,Data repository,,Sustained or historical NIH support; NIH ICO-associated,NLM,Active,Accepts broad investigator deposits,Open access,Data modality not established,Human data or participants; Human and non-human or multi-species; Non-human organisms or data,Open or registered human-data access,"human, non-human",,"Computational biology, Other",No public API reported,no_public_api_reported,Persistent identifier practice not established,0,not_listed,2026-09-16,2027-03-01,https://massive.ucsd.edu/ProteoSAFe/static/massive.jsp
R212,National Database of Antimicrobial Resistant Organisms (NDARO),NDARO,Data repository,"Welcome to the NCBI National Database of Antibiotic Resistant Organisms (NDARO), a collaborative, cross-agency, centralized hub for researchers to access AMR data to facilitate real-time surveillance of pathogenic organisms.",NIH ICO-associated,NLM,Active,Limited or programmatic intake,Open access,Proteomics; Genomics; Clinical and real-world data; Transcriptomics; Epigenomics,Human and non-human or multi-species; Non-human organisms or data; Human data or participants,Open or registered human-data access,non-human,All,"Clinical research, Sequence biology; Sequence annotation; sequence variant; DNA sequencing assay; Next Generation Sequencing; sequencing assay; Metagenomics; Genome alignment; reference genome; Genomics; Microbiology; Metaproteomics; RNA-seq assay; Virology; Comparative Genomics; Genome assembly; Functional Genomics; Epigenomics; Transcriptomics; Bioinformatics",No public API reported,no_public_api_reported,Persistent identifier practice not established,0,not_listed,2026-09-10,2027-03-01,https://www.ncbi.nlm.nih.gov/pathogens/antimicrobial-resistance/
R214,Genetic Testing Registry (GTR),GTR,Data repository,"Centralized resource for clinical geneticists, genetic counselors and other healthcare professionals to find clinical and research, molecular, cytogenetic, biochemical and serology tests for human health and Mendelian disorders, pharmacogenetic drug responses, somatic phenotypes, complex conditions and infectious diseases like COVID-19. There is information about the disease, genes and links to practice guidelines and authoritative resources like GeneReviews, PubMed, MedlinePlus, PharmGKB to support the clinician's informed test selection.",NIH ICO-associated,NLM,Active,Deposit eligibility not established,Access pathway not established,"Genomics; Clinical and real-world data; Chemical, pharmacologic, and screening data",Human and non-human or multi-species; Human data or participants; Non-human organisms or data,Human-data sensitivity not established,"human, non-human",Homo sapiens,"Other, Sequence biology; Clinical Studies; gene; Genetics",No public API reported,no_public_api_reported,Persistent identifier practice not established,0,not_listed,2026-09-10,2027-03-01,https://www.ncbi.nlm.nih.gov/gtr/
R216,PubChem,,Data repository,"PubChem is the world's largest collection of freely accessible chemical information. Search chemicals by name, molecular formula, structure, and other identifiers. Find chemical and physical properties, biological activities, safety and toxicity information, patents, literature citations and more.",NIH ICO-associated; Sustained or historical NIH support,NLM,Active,Accepts broad investigator deposits,Open access,"Chemical, pharmacologic, and screening data",Human data or participants; Human and non-human or multi-species; Non-human organisms or data,Open or registered human-data access,"human, non-human",,"Computational biology, Sequence biology",Public API,api_documented,Dataset-level persistent identifier,0,not_listed,2026-09-10,2027-03-01,https://pubchem.ncbi.nlm.nih.gov/
R217,Sequence Read Archive (SRA),SRA,Data repository,"GenBank ® is the NIH genetic sequence database of annotated collections of all publicly available DNA sequences. GenBank is part of an International Nucleotide Sequence Database Collaboration, which comprises the DNA DataBank of Japan (DDBJ), the European Nucleotide Archive (ENA), and GenBank at NCBI. The GenBank database is designed to provide and encourage access within the scientific community to the most up-to-date and comprehensive DNA sequence information, and release available versioned collections every two months from the ftp site. As part of the International Nucleotide Sequence Database Collaboration (INSDC), a long-standing foundational initiative (operating between DDBJ, EMBL-EBI and NCBI), the INSDC covers the spectrum of data raw reads, through alignments and assemblies to functional annotation, enriched with contextual information relating to samples and experimental configurations. GenBank data submission types include: mRNA sequences, Prokaryotic genes, Eukaryotic genes, rRNA and/or ITS, viral sequences, transposon or insertion sequences, microsatellite sequences, pseudogenes, cloning vectors, phylogenetic or population sets, and non-coding RNAs.",Sustained or historical NIH support; NIH ICO-associated,NLM,Active,Limited or programmatic intake,Open access,Proteomics; Epigenomics; Transcriptomics; Genomics,Non-human organisms or data; Human data or participants; Human and non-human or multi-species,Open or registered human-data access,"human, non-human",All,"Computational biology, Sequence biology; Metaproteomics; Next Generation Sequencing; Sequence annotation; Epigenomics; DNA sequencing assay; Comparative Genomics; reference genome; Genomics; Genome assembly; Microbiology; Functional Genomics; sequence variant; RNA-seq assay; sequencing assay; Bioinformatics; Metagenomics; Genome alignment; Transcriptomics; Virology",No public API reported,no_public_api_reported,Dataset-level persistent identifier,0,not_listed,2026-09-22,2027-03-01,https://www.ncbi.nlm.nih.gov/sra/
R218,Single Nucleotide Polymorphism Database (dbSNP),dbSNP,Data repository,"dbSNP is a public-domain archive for human single nucleotide variations, microsatellites, and small-scale insertions and deletions along with publication, population frequency, molecular consequence, and genomic and RefSeq mapping information for both common variations and clinical mutations.",Sustained or historical NIH support; NIH ICO-associated,NLM,Active,Accepts broad investigator deposits,Open access,Genomics; Clinical and real-world data,Human data or participants,Open or registered human-data access,human,Homo sapiens,"Clinical research, Computational biology, Other, Sequence biology; Life Science; SNP; genome; Genetic Polymorphism",Public API,api_documented,Dataset-level persistent identifier,0,not_listed,2026-09-10,2027-03-01,https://www.ncbi.nlm.nih.gov/snp/
R22,cBioPortal,,Data repository,"AgroPortal is a research data repository dedicated to ontologies and semantic artefacts in the agri-food domain. It provides a catalog of agricultural, food, and environmental ontologies, enabling semantic interoperability and supporting the adoption of FAIR principles. Offering ontology hosting, versioning, metadata management, semantic search, and annotation and recommendation services, AgroPortal supports researchers and data managers in structuring and linking their data. It facilitates ontology alignment, promotes open science, and integrates with linked open data to enhance knowledge organization in agriculture and related fields.",NIH ICO-associated,NCI,Active,Limited or programmatic intake,Open access,"Ontologies, vocabularies, common data elements, and terminology artifacts; Environmental exposures and geospatial data",Non-human organisms or data; Human data or participants; Human and non-human or multi-species,Open or registered human-data access,human,Not applicable,Sequence biology; Aquaculture; Fisheries Science; Biodiversity; Agricultural Engineering; food; Health Science; Plant Anatomy; Earth Science; Farming Systems Research; Entomology; phenotype; Food Security; Ecology; Botany; Plant Cell Biology; Physics; Agricultural Law; Taxonomic classification; Animal Husbandry; Rural and Agricultural Sociology; Environmental Science; Pathology; Geographic location; Plant Breeding; Nutritional Science; Agriculture,Public API,api_documented,Persistent identifier practice not established,0,not_listed,2026-09-16,2027-03-01,https://www.cbioportal.org/
R220,All of Us,,Data repository,,NIH ICO-associated,OD,Active,Limited or programmatic intake,Controlled access,Clinical and real-world data,Human data or participants,Controlled or potentially sensitive human data,human,,"Clinical research, Real-World Data",No public API reported,no_public_api_reported,Persistent identifier practice not established,0,not_listed,2026-09-16,2027-03-01,https://allofus.nih.gov/
R221,Biological General Repository for Interaction Datasets (BioGRID),BioGRID,Other resource; Data repository,"BioGRID Is An Online Interaction Respository With Data Compiled Through Comprehensive Curation Efforts. Our Current Index Contains 3,021,750 Raw Protein And Genetic Interactions From Major Model Organism Species.",NIH ICO-associated,OD,Active,Limited or programmatic intake,Open access,"Proteomics; Chemical, pharmacologic, and screening data",Non-human organisms or data; Human data or participants; Human and non-human or multi-species,Open or registered human-data access,"human, non-human",Escherichia coli; Xenopus laevis; Gallus gallus; Mus musculus; Arabidopsis thaliana; Rattus norvegicus; Schizosaccharomyces pombe; Caenorhabditis elegans; Bos taurus; Drosophila melanogaster; Homo sapiens; Saccharomyces cerevisiae; Human immunodeficiency virus; Plasmodium falciparum; SARS-CoV-2; Candida albicans; Hepatitis C virus,Sequence biology; Life Science; regulation of post-translational protein modification; Protein-Protein Interaction; Protein interactions; molecular interaction; Biochemistry; gene; interactome; post-translational protein modification; Cheminformatics; Biocuration; protein modification process; Systems Biology; protein; Proteomics; Bioinformatics; Chemical Biology,No public API reported,no_public_api_reported,Dataset-level persistent identifier,0,not_listed,2026-09-16,2027-03-01,https://thebiogrid.org/
R222,Dark Kinase Knowledge Base,,Data repository,,NIH ICO-associated,OD,Active,Limited or programmatic intake,Open access,Data modality not established,Human data or participants,Open or registered human-data access,human,,Sequence biology,No public API reported,no_public_api_reported,Persistent identifier practice not established,0,not_listed,2026-09-10,2027-03-01,https://darkkinome.org/
R223,Genotype-Tissue Expression (GTEx),GTEx,Data repository,"The Genotype-Tissue Expression (GTEx) project is an ongoing effort to build a comprehensive public resource to study tissue-specific gene expression and regulation. Samples were collected from 53 non-diseased tissue sites across nearly 1000 individuals, primarily for molecular assays including WGS, WES and RNA-seq. Remaining samples are stored in the GTEx Biobank. The GTEx Portal provides open access to data including gene expression, QTLs, and histology images.",NIH ICO-associated; Sustained or historical NIH support,NHGRI,Active,Limited or programmatic intake,Mixed access,Transcriptomics; Biospecimen and biobank metadata; Genomics,Human data or participants,Mixed human-data access,human,Homo sapiens,Sequence biology; gene expression; Biomedical Science; regulation of gene expression; RNA-seq assay; whole genome sequencing assay; QTL; histological assay,No public API reported,no_public_api_reported,Persistent identifier practice not established,0,not_listed,2026-09-16,2027-03-01,https://gtexportal.org/home/
R224,HuBMAP Data Portal,,Data repository,"HuBMAP is a healthy human tissue atlas advancing biomedical research with single-cell, spatial, and molecular data. Explore datasets, tools, and visualizations.",NIH ICO-associated,OD,Active,Limited or programmatic intake,Open access,"Clinical and real-world data; Biospecimen and biobank metadata; Models, software, workflows, notebooks, and containers; Transcriptomics; Genomics; Proteomics; Metabolomics; Single-cell and spatial omics",Non-human organisms or data; Human and non-human or multi-species; Human data or participants,Open or registered human-data access,human,Homo sapiens,"Computational biology, Imaging, Sequence biology; FAIR; Metabolomics; tissue; Bioinformatics; Nephrology; Translational Medicine; Hematology; Data analysis; Functional Genomics; Expression data; Health Science; Data Management; data visualization; Bioimaging; Data Integration; Human Biology; Biomedical Science; Endocrinology; Biobank; histological assay; Clinical Studies; Cardiology; Protein-Protein Interaction; molecular_function; Omics; Systems Medicine; Gastroenterology; Transcriptomics; sequencing assay; Otolaryngology; Proteomics",Public API,api_documented,Persistent identifier practice not established,0,not_listed,2026-09-16,2027-03-01,https://portal.hubmapconsortium.org/
R226,INCLUDE Data Hub,,Data repository,"The INCLUDE (INvestigation of Co-occurring conditions across the Lifespan to Understand Down syndromE) Project is an NIH-wide collaboration that seeks to improve health and quality-of-life for people with Down syndrome. The INCLUDE Project Data Coordinating Center and partners created the INCLUDE Data Hub, a centralized data resource that allows access to large-scale clinical and multi-omics datasets specific to Down syndrome and supports collaborative, cloud-based analysis to accelerate scientific discoveries related to Down syndrome and its co-occurring conditions.",Sustained or historical NIH support; NIH ICO-associated,OD,Active,Accepts broad investigator deposits,Controlled access,"Behavioral, social, and population health data; Physiologic signals, wearables, and mobile health; Proteomics; Clinical and real-world data; Transcriptomics; Epigenomics; Medical imaging; Genomics; Metabolomics",Non-human organisms or data; Human data or participants; Human and non-human or multi-species,Controlled or potentially sensitive human data,human,Homo sapiens,"Clinical research, Sequence biology; Computational Biology; Neuroscience; sleep; Proteomics; Translational Medicine; Medical imaging; Biocuration; brain; Genomics; Annotation; behavior; microbiome; Social and Behavioural Science; heart; Demographics; immune system; Epigenomics; Clinical Studies; Transcriptomics; Hematology; Cognitive Neuroscience; Biomedical Science; Metabolomics",Programmatic access not established,not_established,Persistent identifier practice not established,0,listed,2026-09-10,2027-03-01,https://portal.includedcc.org/login?redirect_path=/dashboard
R227,JAX Cre Repository,,Data repository,"The JAX Cre Repository serves as a centralized resource for the scientific community, offering a comprehensive collection of well-characterized Cre Driver lines and related information. It includes various strains such as Cre expressing, inducible Cre, Cre reporter, and loxP-flanked strains. The repository is supported by NIH grant OD011190, which should be cited when using the resource.",NIH ICO-associated,OD,Active,Limited or programmatic intake,Open access,Data modality not established,Human data or participants; Human and non-human or multi-species; Non-human organisms or data,Open or registered human-data access,non-human,,Sequence biology,No public API reported,no_public_api_reported,Persistent identifier practice not established,0,not_listed,2026-09-10,2027-03-01,https://www.jax.org/research-and-faculty/resources/cre-repository
R228,Kids First Data Resource Center,,Other resource; Data repository,Working together to put Kids First,NIH ICO-associated; Sustained or historical NIH support,OD,Active,Limited or programmatic intake,Mixed access,"Genomics; Clinical and real-world data; Environmental exposures and geospatial data; Models, software, workflows, notebooks, and containers",Non-human organisms or data; Human and non-human or multi-species; Human data or participants,Mixed human-data access,human,Homo sapiens,Sequence biology; region; Clinical Studies,No public API reported,no_public_api_reported,Persistent identifier practice not established,0,listed,2026-09-22,2027-03-01,https://kidsfirstdrc.org/
R229,LONI Database,,Data repository,The Image and Data Archive at the Laboratory of Neuro Imaging (IDA) provides a safe repository for medical imaging data. LONI seeks to improve the understanding of the brain in health and disease through the development of algorithms and approaches for the comprehensive and quantitative mapping of its structure and function.,NIH ICO-associated,OD,Active,Limited or programmatic intake,Access pathway not established,"Behavioral, social, and population health data; Clinical and real-world data; Neuroimaging; Clinical trials and study protocols; Models, software, workflows, notebooks, and containers; Medical imaging; Environmental exposures and geospatial data",Non-human organisms or data; Human and non-human or multi-species; Human data or participants,Human-data sensitivity not established,human,Homo sapiens,"Behavioral and social sciences, Clinical research, Imaging, Neuroscience; disease course; Biomedical Science; neuroimaging measurement; Developmental Biology; Imaging; Neurobiology; aging",No public API reported,no_public_api_reported,Dataset-level persistent identifier,0,not_listed,2026-09-16,2027-03-01,https://ida.loni.usc.edu/login.jsp?search=true
R23,CCDI Molecular Targets Platform (MTP),MTP,Data repository,"Welcome to the Childhood Cancer Data Initiative Hub - Your Central Resource for Transformative Insights into Childhood Oncology through the Childhood Cancer Data Initiative. Explore curated datasets, Molecular research, and collaborative opportunities dedicated to advancing childhood cancer care and research.",NIH ICO-associated,NCI,Active,Limited or programmatic intake,Open access,"Clinical and real-world data; Chemical, pharmacologic, and screening data",Human data or participants; Human and non-human or multi-species; Non-human organisms or data,Open or registered human-data access,"human, non-human",Homo sapiens,"Clinical research, Computational biology, Sequence biology; Clinical Studies; cancer; Computational Biology; region",Programmatic access not established,not_established,Persistent identifier practice not established,0,not_listed,2026-09-10,2027-03-01,https://moleculartargets.ccdi.cancer.gov/
R230,Monarch Initiative,,Other resource; Data repository,"The Monarch Initiative integrates, aligns, and re-distributes cross-species gene, genotype, variant, disease, and phenotype data.",Sustained or historical NIH support; NIH ICO-associated,OD,Active,Accepts broad investigator deposits,Open access,"Models, software, workflows, notebooks, and containers; Genomics; Clinical and real-world data; Environmental exposures and geospatial data",Human data or participants; Non-human organisms or data; Human and non-human or multi-species; Model systems or preclinical resources,Open or registered human-data access,"human, non-human",Homo sapiens,"Clinical research, Imaging, Neuroscience, Sequence biology; Clinical Studies; Neuroscience; phenotype; Imaging; region; Phenomics",Public API,api_documented,Dataset-level persistent identifier,0,not_listed,2026-09-16,2027-03-01,https://monarchinitiative.org/
R231,MoTrPAC Data Hub,,Data repository,The portal for accessing data and analyses generated by the Molecular Transducers of Physical Activity Consortium (MoTrPAC),NIH ICO-associated,OD,Active,Limited or programmatic intake,Open access,"Metabolomics; Behavioral, social, and population health data; Proteomics; Transcriptomics; Clinical and real-world data",Human data or participants; Human and non-human or multi-species; Model systems or preclinical resources; Non-human organisms or data,Open or registered human-data access,"human, non-human",Homo sapiens; Rattus norvegicus,"Behavioral and social sciences, Clinical research, Other, Sequence biology; Phenomics; Social and Behavioural Science; Clinical Studies; Proteomics; region; Metabolomics; Transcriptomics",Programmatic access not established,not_established,Persistent identifier practice not established,0,not_listed,2026-09-16,2027-03-01,https://motrpac-data.org/
R232,Nutrition Science Data and Biospecimen Resources Portal,,Data repository,"The National Institutes of Health (NIH) Office of Nutrition Research is committed to advancing nutrition science research through promoting access to publicly available datasets, biospecimens, and data analysis tools and resources. In each of the topic areas, the list below provides information and links to resources that may be of interest to nutrition science researchers.",Sustained or historical NIH support; NIH ICO-associated,ONR,Active,Accepts broad investigator deposits,Mixed access,"Behavioral, social, and population health data; Clinical and real-world data; Biospecimen and biobank metadata",Human and non-human or multi-species; Non-human organisms or data; Human data or participants,Mixed human-data access,"human, non-human",,"Behavioral and social sciences, Clinical research, Computational biology, Imaging, Neuroscience, Other, Sequence biology",Programmatic access not established,not_established,Persistent identifier practice not established,0,not_listed,2026-09-16,2027-03-01,https://dpcpsi.nih.gov/onr/onr-nutrition-science-data-and-biospecimen-resources-portal
R24,Childhood Cancer Clinical Data Commons (C3DC),C3DC,Data repository,"Welcome to Childhood Cancer Clinical Data Commons. A primary source for deidentified, individual-level harmonized data that describes the demographic and phenotypic characteristics of participants.",NIH ICO-associated,NCI,Active,Limited or programmatic intake,Open access,"Clinical and real-world data; Behavioral, social, and population health data",Human data or participants,Open or registered human-data access,human,Homo sapiens,Clinical research; Pediatrics; Clinical Studies; cancer,No public API reported,no_public_api_reported,Persistent identifier practice not established,0,not_listed,2026-09-16,2027-03-01,https://clinicalcommons.ccdi.cancer.gov/
R25,Clinical and Translational Data Commons (CTDC),CTDC,Data repository,,NIH ICO-associated,NCI,Active,Limited or programmatic intake,Mixed access,Clinical and real-world data,Human data or participants,Mixed human-data access,human,,Clinical research,No public API reported,no_public_api_reported,Persistent identifier practice not established,0,listed,2026-09-10,2027-03-01,https://clinical.datacommons.cancer.gov/
R26,Clinical Interpretation of Variants in Cancer (CIViC),CIViC,Data repository,"This FAIRsharing record describes: CIViC is an expert-crowdsourced knowledgebase for Clinical Interpretation of Variants in Cancer describing the therapeutic, prognostic, diagnostic and predisposing relevance of inherited and somatic variants of all types. Realizing precision medicine will require information to be centralized, debated and interpreted for application in the clinic. CIViC is an open access, open source, community-driven web resource for Clinical Interpretation of Variants in Cancer. Our goal is to enable precision medicine by providing an educational forum for dissemination of knowledge and active discussion of the clinical significance of cancer genome alterations.",NIH ICO-associated,NCI,Active,Limited or programmatic intake,Open access,Clinical and real-world data; Genomics,Non-human organisms or data; Human and non-human or multi-species; Human data or participants,Open or registered human-data access,human,Homo sapiens,"Clinical research, Sequence biology; Oncology; Bioinformatics; cancer; Translational Medicine; sequence variant; genome; diagnosis; Comparative Genomics",Public API,api_documented,Persistent identifier practice not established,0,not_listed,2026-09-10,2027-03-01,https://civicdb.org
R27,General Commons (GC),GC,Data repository,"GeoCommons is the public community of GeoIQ users who are building an open repository of data and maps for the world. The GeoIQ platform includes a large number of features that empower you to easily access, visualize and analyze your data. The GeoIQ platform powers the growing GeoCommons community of over 25,000 members actively creating and sharing hundreds of thousands of datasets and maps across the world. With GeoCommons, anyone can contribute and share open data, easily build shareable maps and collaborate with others.",NIH ICO-associated,NCI,Active,Limited or programmatic intake,Mixed access,Proteomics; Genomics,Human and non-human or multi-species; Non-human organisms or data; Human data or participants,Mixed human-data access,human,Homo sapiens,"Computational biology, Imaging, Sequence biology; Life Science",Public API,api_documented,Dataset-level persistent identifier,0,not_listed,2026-09-16,2027-03-01,https://general.datacommons.cancer.gov/#/
R28,Genomic Data Commons (GDC),GDC,Data repository,"The NCI's Genomic Data Commons (GDC) provides the cancer research community with a repository and computational platform for cancer researchers who need to understand cancer, its clinical progression, and response to therapy.",NIH ICO-associated; Sustained or historical NIH support,NCI,Active,Limited or programmatic intake,Mixed access,Clinical and real-world data; Genomics,Human data or participants,Mixed human-data access,human,,Sequence biology,Public API,api_documented,Persistent identifier practice not established,0,listed,2026-09-16,2027-03-01,https://gdc.cancer.gov/
R29,HCMI Searchable Catalog,,Data repository,"This FAIRsharing record describes: HCMI Searchable Catalog is a continuously updated resource for querying the available next-generation models developed by the Human Cancer Models Initiative (HCMI). Within the Catalog, users can search by patient demographics, tumor, and model elements including age at diagnosis, sex, treatment information, clinical tumor diagnosis, primary site, clinical stage, and type of model (e.g. 3D-organoid, 2D-conditionally reprogrammed cells), open-access masked somatic MAF variants, etc.",Sustained or historical NIH support; NIH ICO-associated,NCI,Active,Limited or programmatic intake,Open access,"Clinical and real-world data; Behavioral, social, and population health data; Genomics",Human and non-human or multi-species; Model systems or preclinical resources; Non-human organisms or data; Human data or participants,Open or registered human-data access,human,Homo sapiens,"Clinical research, Sequence biology; Health Science; cancer; Clinical Studies; Public Health; Genomics",Programmatic access not established,not_established,Persistent identifier practice not established,0,not_listed,2026-09-16,2027-03-01,https://hcmi-searchable-catalog.nci.nih.gov/
R30,HemOnc Wiki,,Data repository,,NIH ICO-associated,NCI,Active,Limited or programmatic intake,Open access,Clinical and real-world data,Human data or participants,Open or registered human-data access,human,,Clinical research,No public API reported,no_public_api_reported,Persistent identifier practice not established,0,not_listed,2026-09-16,2027-03-01,https://hemonc.org/wiki/Main_Page
R31,Imaging Data Commons (IDC),IDC,Data repository,NCI Imaging Data Commons,NIH ICO-associated; Sustained or historical NIH support,NCI,Active,Limited or programmatic intake,Open access,Clinical and real-world data,Non-human organisms or data; Human and non-human or multi-species; Human data or participants,Open or registered human-data access,"human, non-human",,"Clinical research, Computational biology, Imaging",No public API reported,no_public_api_reported,Persistent identifier practice not established,0,not_listed,2026-09-16,2027-03-01,https://portal.imaging.datacommons.cancer.gov/
R32,Integrated Canine Data Commons (ICDC),ICDC,Data repository,"all focused on canine subjects. The data is harmonized into an integrated data model and then made available to the research community. The ICDC is part of the Cancer Research Data Commons (CRDC), an initiative from NCI’s Center for Biomedical Informatics and Information Technology (CBIIT). Bioinformatic analysis of the ICDC data is accomplished using the CRDC’s Cloud Resources.",Sustained or historical NIH support; NIH ICO-associated,NCI,Active,Limited or programmatic intake,Open access,Clinical and real-world data,Human and non-human or multi-species; Human data or participants; Non-human organisms or data,Open or registered human-data access,non-human,Canis familiaris; Homo sapiens,"Clinical research, Computational biology, Sequence biology; Bioinformatics; Computational Biology; Clinical Studies; cancer",Public API,api_documented,Persistent identifier practice not established,0,not_listed,2026-09-16,2027-03-01,https://caninecommons.cancer.gov/#/
R33,International Skin Imaging Collaboration,,Data repository; Other resource,"ISIC is improving skin cancer diagnosis by promoting standards in skin imaging, gathering and sharing dermatologic images, & engaging clinicians & computer vision researchers",NIH ICO-associated,NCI,Active,Limited or programmatic intake,Open access,Data modality not established,Human data or participants,Open or registered human-data access,human,,Imaging,Programmatic access not established,not_established,Persistent identifier practice not established,0,not_listed,2026-09-16,2027-03-01,https://www.isic-archive.com/
R34,Molecular Signatures Database (MSigDB),MSigDB,Data repository,,NIH ICO-associated,NCI,Active,Limited or programmatic intake,Open access,Data modality not established,Non-human organisms or data; Human data or participants; Human and non-human or multi-species,Open or registered human-data access,"human, non-human",,Sequence biology,No public API reported,no_public_api_reported,Persistent identifier practice not established,0,not_listed,2026-09-16,2027-03-01,https://www.gsea-msigdb.org/gsea/msigdb
R35,Mouse Models of Human Cancer Database,,Data repository,"The Mouse Tumor Biology (MTB) Database supports the use of the mouse as a model system of hereditary cancer by providing electronic access to: Information on endogenous spontaneous and induced tumors in mice, including tumor frequency & latency data, Information on genetically defined mice (inbred, hybrid, mutant, and genetically engineered strains of mice) in which tumors arise, Information on genetic factors associated with tumor susceptibility in mice and somatic genetic-mutations observed in the tumors, Tumor pathology reports and images, References, supporting MTB data and Links to other online resources for cancer.",NIH ICO-associated,NCI,Active,Limited or programmatic intake,Open access,Transcriptomics,Model systems or preclinical resources; Human data or participants; Human and non-human or multi-species; Non-human organisms or data,Open or registered human-data access,non-human,Mus musculus,Other; Pathology; histological assay; Animal Genetics; cancer; Neoplasm,Public API,api_documented,Dataset-level persistent identifier,0,not_listed,2026-09-16,2027-03-01,http://tumor.informatics.jax.org
R36,National Childhood Cancer Registry (NCCR) Data Platform,,Data repository,,NIH ICO-associated,NCI,Active,Limited or programmatic intake,Controlled access,Clinical and real-world data,Human data or participants,Controlled or potentially sensitive human data,human,,Clinical research,No public API reported,no_public_api_reported,Persistent identifier practice not established,0,listed,2026-09-16,2027-03-01,https://nccrdataplatform.ccdi.cancer.gov/home
R37,Protein Family Models,,Data repository,"This FAIRsharing record describes: GenBank ® is the NIH genetic sequence database of annotated collections of all publicly available DNA sequences. GenBank is part of an International Nucleotide Sequence Database Collaboration, which comprises the DNA DataBank of Japan (DDBJ), the European Nucleotide Archive (ENA), and GenBank at NCBI. The GenBank database is designed to provide and encourage access within the scientific community to the most up-to-date and comprehensive DNA sequence information, and release available versioned collections every two months from the ftp site. As part of the International Nucleotide Sequence Database Collaboration (INSDC), a long-standing foundational initiative (operating between DDBJ, EMBL-EBI and NCBI), the INSDC covers the spectrum of data raw reads, through alignments and assemblies to functional annotation, enriched with contextual information relating to samples and experimental configurations. GenBank data submission types include: mRNA sequences, Prokaryotic genes, Eukaryotic genes, rRNA and/or ITS, viral sequences, transposon or insertion sequences, microsatellite sequences, pseudogenes, cloning vectors, phylogenetic or population sets, and non-coding RNAs.",NIH ICO-associated,NLM,Active,Limited or programmatic intake,Open access,Proteomics; Transcriptomics; Epigenomics; Genomics,Human data or participants; Non-human organisms or data; Human and non-human or multi-species,Open or registered human-data access,"human, non-human",All,Sequence biology; Comparative Genomics; Transcriptomics; Genome alignment; sequencing assay; RNA-seq assay; reference genome; Functional Genomics; Microbiology; Epigenomics; Bioinformatics; sequence variant; Metaproteomics; Genomics; Sequence annotation; Next Generation Sequencing; Metagenomics; Genome assembly; Virology; DNA sequencing assay,No public API reported,no_public_api_reported,Persistent identifier practice not established,0,not_listed,2026-09-10,2027-03-01,https://www.ncbi.nlm.nih.gov/protfam/
R38,Proteomic Data Commons (PDC),PDC,Data repository,"The Polar Data Catalogue is an online database of metadata and data that describes, indexes and provides access to diverse data sets generated by polar researchers. These records cover a wide range of disciplines from natural sciences and policy, to health, social sciences, and more.",NIH ICO-associated; Sustained or historical NIH support,NCI,Active,Limited or programmatic intake,Open access,"Behavioral, social, and population health data",Human and non-human or multi-species; Human data or participants; Non-human organisms or data,Open or registered human-data access,human,,Sequence biology,Programmatic access not established,not_established,Dataset-level persistent identifier,0,not_listed,2026-09-16,2027-03-01,https://pdc.cancer.gov/pdc/
R39,SEER Specialized Databases,,Data repository,SEER developed specialized databases to make available variables that are not included in the standard SEER data. These databases are accessed through the SEER*Stat software after a request is approved.,NIH ICO-associated,NCI,Active,Limited or programmatic intake,Controlled access,"Models, software, workflows, notebooks, and containers; Environmental exposures and geospatial data; Clinical and real-world data",Human and non-human or multi-species; Non-human organisms or data; Human data or participants,Controlled or potentially sensitive human data,human,,"Other, Real-World Data",Public API,api_documented,Dataset-level persistent identifier,0,listed,2026-09-10,2027-03-01,https://seer.cancer.gov/data/specialized/
R4,Metabolomics Workbench - National Metabolomics Data Repository,,Data repository,"About the Metabolomics Workbench: The National Institutes of Health (NIH) Common Fund Metabolomics Program was developed with the goal of increasing national capacity in metabolomics by supporting the development of next generation technologies, providing training and mentoring opportunities, increasing the inventory and availability of high quality reference standards, and promoting data sharing and collaboration. In support of this effort, the Metabolomics Program's Data Repository and Coordinating Center (DRCC), housed at the San Diego Supercomputer Center (SDSC), University of California, San Diego, has developed the Metabolomics Workbench. The Metabolomics Workbench will serve as a national and international repository for metabolomics data and metadata and will provide analysis tools and access to metabolite standards, protocols, tutorials, training, and more.",NIH ICO-associated,CA; ES; HL; NIDDK; OD,Active,Accepts broad investigator deposits,Open access,Metabolomics; Clinical and real-world data,Human data or participants; Human and non-human or multi-species; Non-human organisms or data,Open or registered human-data access,"human, non-human",All,"Clinical research, Other; metabolite; Metabolomics",Public API,api_documented,Persistent identifier practice not established,0,not_listed,2026-09-22,2027-03-01,https://www.metabolomicsworkbench.org/
R40,SEER-CAHPS Linked Data Resource,,Data repository,SEER-CAHPS is a resource for research based on a linkage between the SEER and Consumer Assessment of Healthcare Providers and Systems patient surveys.,NIH ICO-associated,NCI,Active,Limited or programmatic intake,Controlled access,"Behavioral, social, and population health data; Clinical and real-world data; Environmental exposures and geospatial data",Human and non-human or multi-species; Human data or participants; Non-human organisms or data,Controlled or potentially sensitive human data,human,,"Other, Real-World Data",Public API,api_documented,Dataset-level persistent identifier,0,listed,2026-09-16,2027-03-01,https://healthcaredelivery.cancer.gov/seer-cahps/
R41,SEER-MHOS Linked Data Resource,,Data repository,SEER-MHOS data set is a resource to research health outcomes in cancer based on a linkage between SEER cancer registry and CMS Medicare Health Outcomes Survey.,NIH ICO-associated,NCI,Active,Limited or programmatic intake,Controlled access,"Clinical and real-world data; Behavioral, social, and population health data; Environmental exposures and geospatial data",Human and non-human or multi-species; Non-human organisms or data; Human data or participants,Controlled or potentially sensitive human data,human,,"Other, Real-World Data",Public API,api_documented,Dataset-level persistent identifier,0,listed,2026-09-16,2027-03-01,https://healthcaredelivery.cancer.gov/seer-mhos/
R42,The Cancer Imaging Archive (TCIA),TCIA,Data repository; Other resource,The Cancer Imaging Archive (TCIA) is a service which de-identifies and hosts a large archive of medical images of cancer accessible for public download.,Sustained or historical NIH support; NIH ICO-associated,NCI,Active,Accepts broad investigator deposits,Mixed access,Genomics; Digital pathology; Medical imaging,Human and non-human or multi-species; Non-human organisms or data; Human data or participants,Mixed human-data access,"human, non-human",Mus musculus; Homo sapiens; Canis lupus familiaris,Imaging; cancer; Oncology; Positron Emission Tomography; histological assay; Biomedical Science; Nuclear Medicine; Artificial Intelligence; Magnetic Resonance Imaging; Digital Image Processing; Radiology; Pathology; Machine Learning; Personalized Medicine,Public API,api_documented,Dataset-level persistent identifier,0,not_listed,2026-09-10,2027-03-01,https://www.cancerimagingarchive.net/
R43,The Network Data Exchange (NDEx),NDEx,Data repository,Next-generation NDEx Web Client,Sustained or historical NIH support; NIH ICO-associated,NCI,Active,Accepts broad investigator deposits,Open access,Data modality not established,Human data or participants; Non-human organisms or data; Human and non-human or multi-species,Open or registered human-data access,"human, non-human",,"Computational biology, Other, Sequence biology",Public API,api_documented,Dataset-level persistent identifier,0,not_listed,2026-09-16,2027-03-01,https://www.ndexbio.org
R44,Universal Protein Resource (UniProt),UniProt,Data repository,"UniProt is the world's leading high-quality, comprehensive and freely accessible resource of protein sequence and functional information.",NIH ICO-associated; Sustained or historical NIH support,NCI; NEI; NHGRI; NHLBI; NIA; NIAID; NIDDK; NIGMS; OD,Active,Accepts broad investigator deposits,Open access,Proteomics; Genomics,Human data or participants; Human and non-human or multi-species; Non-human organisms or data,Open or registered human-data access,"human, non-human",All,Sequence biology; Function analysis; cellular_component; Sequence annotation; Sequence similarity; Biocuration; Functional Genomics; Proteomics; Annotation; literature curation; polypeptide region; Metaproteomics; Gene functional annotation; Protein Binding Domain; Expression data; Life Science; proteome; protein; Omics; structure; Proteogenomics,Public API,api_documented,Dataset-level persistent identifier,0,not_listed,2026-09-10,2027-03-01,https://www.uniprot.org/
R45,GWAS Catalog (NHGRI-EBI Catalog),,Data repository,"The NHGRI-EBI GWAS Catalog: a curated collection of all human genome-wide association studies, produced by a collaboration between EMBL-EBI and NHGRI",NIH ICO-associated,NCI; NHGRI,Active,Limited or programmatic intake,Open access,"Metabolomics; Clinical and real-world data; Biospecimen and biobank metadata; Chemical, pharmacologic, and screening data; Behavioral, social, and population health data; Genomics",Non-human organisms or data; Human and non-human or multi-species; Human data or participants,Open or registered human-data access,human,All,"Behavioral and social sciences, Clinical research, Neuroscience, Sequence biology; lipid; Metabolomics; Chemical structure image; Sample annotation; Data analysis; Chemical formula; Mass spectrum; Lipidomics; Biocuration; assay; Validation; metabolite; Prediction and recognition; nuclear magnetic resonance spectroscopy; Biospecimen",Public API,api_documented,Dataset-level persistent identifier,0,not_listed,2026-09-10,2027-03-01,https://www.ebi.ac.uk/gwas/home
R46,PGS Catalog,,Data repository,The Polygenic Score (PGS) Catalog is an open database of published PGS and the relevant metadata needed to apply and evaluate them correctly.,Sustained or historical NIH support; NIH ICO-associated,NCI; NHGRI,Active,Accepts broad investigator deposits,Open access,"Clinical and real-world data; Genomics; Behavioral, social, and population health data",Human data or participants,Open or registered human-data access,human,,"Behavioral and social sciences, Clinical research, Neuroscience, Sequence biology",Programmatic access not established,not_established,Persistent identifier practice not established,0,not_listed,2026-09-16,2027-03-01,https://www.pgscatalog.org/
R47,ClinPGx,,Data repository,,NIH ICO-associated,NCI; NHGRI; NICHD; NIDA,Active,Limited or programmatic intake,Open access,Clinical and real-world data,Human data or participants; Human and non-human or multi-species; Non-human organisms or data,Open or registered human-data access,"human, non-human",,"Clinical research, Sequence biology",Public API,api_documented,Dataset-level persistent identifier,0,not_listed,2026-09-10,2027-03-01,https://www.clinpgx.org/
R48,Clinical Genome (ClinGen) Resource,,Data repository,"Founded in 2013 by the National Human Genome Research Institute, ClinGen is a collaborative effort, involving over 2,800 contributors from 77 countries.",NIH ICO-associated,NCI; NHGRI; OD,Active,Limited or programmatic intake,Open access,"Genomics; Clinical and real-world data; Chemical, pharmacologic, and screening data",Non-human organisms or data; Human and non-human or multi-species; Human data or participants,Open or registered human-data access,human,Homo sapiens,"Clinical research, Sequence biology; Clinical Studies; obsolete Somatic mutation; Genomics; Genetic Marker; Electronic Health Record; digital curation; genetic disorder; Patient Care; Pharmacogenomics; sequencing assay",Programmatic access not established,not_established,Persistent identifier practice not established,0,not_listed,2026-09-10,2027-03-01,https://clinicalgenome.org/
R49,NIDDK-Central Repository Resources for Research (NIDDK-CR R4R),,Data repository,"This FAIRsharing record describes: The NIDDK Central Repository stores biosamples, genetic and other data collected in designated NIDDK-funded clinical studies. The purpose of the NIDDK Central Repository is to expand the usefulness of these studies by allowing a wider research community to access data and materials beyond the end of the study.",NIH ICO-associated,NIDDK,Active,Limited or programmatic intake,Controlled access,Clinical and real-world data,Human data or participants; Model systems or preclinical resources,Controlled or potentially sensitive human data,human,Homo sapiens,"Clinical research, Computational biology, Imaging, Other, Real-World Data; phenotype; genotype; diabetes mellitus; Genetics; Biomedical Science; kidney disease; Preclinical Studies",No public API reported,no_public_api_reported,Dataset-level persistent identifier,0,listed,2026-09-22,2027-03-01,https://repository.niddk.nih.gov/home
R5,SPARC Portal,,Data repository,"The open community platform for bridging the body and the brain through neuroscience and systems physiology data, computational and spatial modeling, and device design.",Sustained or historical NIH support; NIH ICO-associated,NIBIB; ODSS,Active,Accepts broad investigator deposits,Open access,Clinical and real-world data,Non-human organisms or data; Human and non-human or multi-species; Human data or participants,Open or registered human-data access,"human, non-human",,"Clinical research, Computational biology, Imaging, Neuroscience",Public API,api_documented,Dataset-level persistent identifier,0,not_listed,2026-09-16,2027-03-01,https://sparc.science
R50,Protein Data Bank,PDB,Data repository,"As a member of the wwPDB, the RCSB PDB curates and annotates PDB data according to agreed upon standards. The RCSB PDB also provides a variety of tools and resources. Users can perform simple and advanced searches based on annotations relating to sequence, structure and function. These molecules are visualized, downloaded, and analyzed by users who range from students to specialized scientists.",Sustained or historical NIH support; NIH ICO-associated,NCI; NIAID; NIGMS,Active,Accepts broad investigator deposits,Open access,Microscopy,Non-human organisms or data; Human and non-human or multi-species; Human data or participants,Open or registered human-data access,"human, non-human",All,"Computational biology, Imaging; Epidemiology; ribonucleic acid; peptide; Biochemistry; Virology; protein; Molecular biology; Structure; Biophysics; nuclear magnetic resonance spectroscopy; Bioinformatics; deoxyribonucleic acid; Protein structure; electron microscopy; Annotation; molecular entity; Protein interactions; X-ray diffraction; ligand; Structural Biology; Atomic coordinate",Public API,api_documented,Dataset-level persistent identifier,0,not_listed,2026-09-16,2027-03-01,https://www.rcsb.org/
R51,NEI BRICS,NEI BRICS,Data repository,,NIH ICO-associated,NEI,Active,Limited or programmatic intake,Controlled access,Clinical and real-world data,Human data or participants,Controlled or potentially sensitive human data,human,,"Clinical research, Imaging, Sequence biology",No public API reported,no_public_api_reported,Persistent identifier practice not established,0,listed,2026-09-16,2027-03-01,https://brics.nei.nih.gov/portal/sso/ssoAction!login.action?service=http%3A%2F%2Feyegene-host-prod.cit.nih.gov%3A8081%2Fportal%2FbaseAction%21landing.action%3Fcontinue
R52,NEI Data Commons,,Data repository,Search in keywords or topics you would like to learn more about.,NIH ICO-associated; Sustained or historical NIH support,NEI,Active,Limited or programmatic intake,Mixed access,Clinical and real-world data,Non-human organisms or data; Human and non-human or multi-species; Human data or participants,Mixed human-data access,"human, non-human",Homo sapiens,"Clinical research, Computational biology, Imaging, Neuroscience, Sequence biology; Clinical Studies; Computational Biology; Neuroscience; Imaging; region",Programmatic access not established,not_established,Persistent identifier practice not established,0,not_listed,2026-09-16,2027-03-01,https://neidatacommons.nei.nih.gov/
R53,African Genomics Data Hub (AfriGen-D),AfriGen-D,Data repository,"The African Genomics Data Hub (AfriGen-D) offers a suite of interconnected resources and services to facilitate the implementation of African genomics research throughout the research data life cycle, from data generation and discovery, to analysis and long term archiving.",NIH ICO-associated,NHGRI,Active,Limited or programmatic intake,Open access,Genomics,Human and non-human or multi-species; Human data or participants; Non-human organisms or data,Open or registered human-data access,human,,Sequence biology,No public API reported,no_public_api_reported,Persistent identifier practice not established,0,not_listed,2026-09-16,2027-03-01,https://afrigen-d.org/
R54,Association to Function Knowledge Portal (A2FKP),A2FKP,Data repository,,NIH ICO-associated,NHGRI,Active,Limited or programmatic intake,Open access,Data modality not established,Human data or participants,Open or registered human-data access,human,,Sequence biology,No public API reported,no_public_api_reported,Persistent identifier practice not established,0,not_listed,2026-09-16,2027-03-01,https://a2f.hugeamp.org/
R55,Atlas of Regulatory Variants in Diseases (ARVID),ARVID,Data repository,,NIH ICO-associated,NHGRI,Active,Limited or programmatic intake,Open access,Data modality not established,Human data or participants,Open or registered human-data access,human,,Sequence biology,No public API reported,no_public_api_reported,Persistent identifier practice not established,0,not_listed,2026-09-16,2027-03-01,https://arvid-data.shinyapps.io/home/
R57,Dfam,,Data repository,Open database of transposable elements and repetitive DNA families,NIH ICO-associated,NHGRI,Active,Limited or programmatic intake,Open access,Genomics,Human and non-human or multi-species; Human data or participants; Non-human organisms or data,Open or registered human-data access,human,Drosophila melanogaster; Mus musculus; Danio rerio; Homo sapiens; Caenorhabditis elegans,Sequence biology; Genome annotation; Genomics; DNA sequence; genome; Annotation; transposable element; Multiple sequence alignment,No public API reported,no_public_api_reported,Persistent identifier practice not established,0,not_listed,2026-09-16,2027-03-01,https://www.dfam.org/home
R58,Disease Ontology Knowledgebase (DO-KB),DO-KB,Data repository,"Explore DO's semantic knowledge in the DO-KB Faceted Search, a DO-KB tool built to enable exploration by walking up the semantic relationships defined within the DO disease tree.",NIH ICO-associated,NHGRI,Active,Limited or programmatic intake,Open access,Data modality not established,Human data or participants; Non-human organisms or data; Human and non-human or multi-species,Open or registered human-data access,human,,Sequence biology,Programmatic access not established,not_established,Persistent identifier practice not established,0,not_listed,2026-09-16,2027-03-01,https://disease-ontology.org/
R59,FlyBase: A Drosophila Genomic and Genetic Database,,Data repository,FlyBase: a database for drosophila genetics and molecular biology,NIH ICO-associated,NHGRI,Active,Limited or programmatic intake,Open access,"Behavioral, social, and population health data; Genomics",Non-human organisms or data; Human data or participants; Human and non-human or multi-species,Open or registered human-data access,non-human,,"Behavioral and social sciences, Computational biology, Neuroscience, Sequence biology",No public API reported,no_public_api_reported,Dataset-level persistent identifier,0,not_listed,2026-09-10,2027-03-01,https://flybase.org/
R6,SenNet Consortium,,Data repository,"This FAIRsharing record describes: The goal of the Cellular Senescence Network (SenNet) is to identify and functionally characterize the heterogeneity of senescent cells across multiple tissues in human health, and lifespan at single-cell resolution.",NIH ICO-associated; Sustained or historical NIH support,Common Fund; NCI; NIA,Active,Accepts broad investigator deposits,Mixed access,Single-cell and spatial omics,Non-human organisms or data; Human data or participants; Human and non-human or multi-species,Mixed human-data access,"human, non-human",Homo sapiens,"Computational biology, Imaging, Other, Sequence biology; biological_process; aging; Imaging; region; Computational Biology",Programmatic access not established,not_established,Persistent identifier practice not established,0,not_listed,2026-09-16,2027-03-01,https://data.sennetconsortium.org
R60,GENCODE,GENCODE,Data repository,,NIH ICO-associated,NHGRI,Active,Limited or programmatic intake,Open access,Data modality not established,Human and non-human or multi-species; Human data or participants; Non-human organisms or data,Open or registered human-data access,"human, non-human",,Sequence biology,Public API,api_documented,Dataset-level persistent identifier,0,not_listed,2026-09-10,2027-03-01,https://www.gencodegenes.org/
R61,Genomic tRNA Database (GtRNAdb),GtRNAdb,Data repository,Genomic tRNA database 2.0,NIH ICO-associated,NHGRI,Active,Limited or programmatic intake,Open access,Genomics,Human data or participants; Human and non-human or multi-species; Non-human organisms or data,Open or registered human-data access,non-human,,Sequence biology,No public API reported,no_public_api_reported,Persistent identifier practice not established,0,not_listed,2026-09-16,2027-03-01,http://gtrnadb.ucsc.edu/
R62,HUGO Gene Nomenclature Committee (HGNC),HGNC,Data repository,The HGNC is a resource for approved human gene nomenclature containing ~42000 gene symbols and names and 1300+ gene families and sets,NIH ICO-associated,NHGRI,Active,Limited or programmatic intake,Open access,"Genomics; Proteomics; Ontologies, vocabularies, common data elements, and terminology artifacts",Human data or participants; Human and non-human or multi-species; Non-human organisms or data,Open or registered human-data access,"human, non-human",Homo sapiens,Sequence biology; Gene name; gene; Life Science,Public API,api_documented,Dataset-level persistent identifier,0,not_listed,2026-09-10,2027-03-01,https://www.genenames.org/
R63,Human Phenotype Ontology (HPO),HPO,Data repository,"Human Phenotype Ontology, a standardized vocabulary of phenotypic abnormalities encountered in human disease. With unmatched depth it enables clinicians to record and analyse data with extremely accurate computer interpretable ontology terms.",NIH ICO-associated,NHGRI,Active,Limited or programmatic intake,Open access,"Genomics; Clinical and real-world data; Ontologies, vocabularies, common data elements, and terminology artifacts",Model systems or preclinical resources; Human data or participants; Non-human organisms or data; Human and non-human or multi-species,Open or registered human-data access,human,Homo sapiens,"Computational biology, Sequence biology; disease phenotype; Omics; Genetics; Pathology; Phenomics; Biomedical Science; Preclinical Studies; disorder",No public API reported,no_public_api_reported,Persistent identifier practice not established,0,not_listed,2026-09-10,2027-03-01,https://hpo.jax.org/
R65,OAI Core Knowledgebase,,Data repository,,NIH ICO-associated,NHGRI,Active,Limited or programmatic intake,Controlled access,Clinical and real-world data,Human data or participants,Controlled or potentially sensitive human data,human,,"Clinical research, Imaging, Other",No public API reported,no_public_api_reported,Persistent identifier practice not established,0,not_listed,2026-09-16,2027-03-01,https://www.oaiknowledgebase.com/
R66,OMIM An Online Catalog of Human Genes and Genetic Disorders,,Data repository,"This FAIRsharing record describes: Online Mendelian Inheritance in Man (OMIM) is a comprehensive, authoritative compendium of human genes and genetic phenotypes that is freely available and updated daily. The full-text, referenced overviews in OMIM contain information on all known mendelian disorders and over 15,000 genes. OMIM focuses on the relationship between phenotype and genotype.",NIH ICO-associated,NHGRI,Active,Limited or programmatic intake,Open access,Clinical and real-world data,Human data or participants,Open or registered human-data access,human,Homo sapiens,"Clinical research, Sequence biology; Human Genetics; genotype; gene; phenotype; disease; genetic disorder",Authenticated API,api_documented,Dataset-level persistent identifier,0,not_listed,2026-09-16,2027-03-01,https://www.omim.org/
R67,Reference Sequences (RefSeq),RefSeq,Data repository,"GenBank ® is the NIH genetic sequence database of annotated collections of all publicly available DNA sequences. GenBank is part of an International Nucleotide Sequence Database Collaboration, which comprises the DNA DataBank of Japan (DDBJ), the European Nucleotide Archive (ENA), and GenBank at NCBI. The GenBank database is designed to provide and encourage access within the scientific community to the most up-to-date and comprehensive DNA sequence information, and release available versioned collections every two months from the ftp site. As part of the International Nucleotide Sequence Database Collaboration (INSDC), a long-standing foundational initiative (operating between DDBJ, EMBL-EBI and NCBI), the INSDC covers the spectrum of data raw reads, through alignments and assemblies to functional annotation, enriched with contextual information relating to samples and experimental configurations. GenBank data submission types include: mRNA sequences, Prokaryotic genes, Eukaryotic genes, rRNA and/or ITS, viral sequences, transposon or insertion sequences, microsatellite sequences, pseudogenes, cloning vectors, phylogenetic or population sets, and non-coding RNAs.",NIH ICO-associated,NLM,Active,Limited or programmatic intake,Open access,Genomics; Transcriptomics; Proteomics; Epigenomics,Human and non-human or multi-species; Non-human organisms or data; Human data or participants,Open or registered human-data access,"human, non-human",All,"Computational biology, Sequence biology; sequencing assay; Comparative Genomics; reference genome; Bioinformatics; Epigenomics; Metagenomics; Metaproteomics; Functional Genomics; DNA sequencing assay; Next Generation Sequencing; Genomics; Sequence annotation; Genome alignment; RNA-seq assay; Microbiology; Virology; Transcriptomics; Genome assembly; sequence variant",No public API reported,no_public_api_reported,Dataset-level persistent identifier,0,not_listed,2026-09-10,2027-03-01,https://www.ncbi.nlm.nih.gov/refseq/
R68,RegulomeDB,,Data repository,,NIH ICO-associated,NHGRI,Active,Limited or programmatic intake,Open access,Data modality not established,Human data or participants,Open or registered human-data access,human,,Sequence biology,No public API reported,no_public_api_reported,Persistent identifier practice not established,0,not_listed,2026-09-16,2027-03-01,https://regulomedb.org/regulome-search/
R69,RxNorm,,Data repository,"RxNorm provides normalized names for clinical drugs and links its names to many of the drug vocabularies commonly used in pharmacy management and drug interaction software, including those of First Databank, Micromedex, Multum, and Gold Standard Drug Database. By providing links between these vocabularies, RxNorm can mediate messages between systems not using the same software and vocabulary.",NIH ICO-associated,NHGRI,Active,Limited or programmatic intake,Open access,"Chemical, pharmacologic, and screening data; Models, software, workflows, notebooks, and containers; Clinical and real-world data; Ontologies, vocabularies, common data elements, and terminology artifacts",Model systems or preclinical resources; Human and non-human or multi-species; Non-human organisms or data; Human data or participants,Open or registered human-data access,non-human,Homo sapiens,Other; Preclinical Studies; Approved drug; drug; Biomedical Science,No public API reported,no_public_api_reported,Persistent identifier practice not established,0,not_listed,2026-09-10,2027-03-01,https://www.nlm.nih.gov/research/umls/rxnorm/index.html
R7,OpenPain,,Data repository,This FAIRsharing record describes: The OpenPain includes a data repository of pain and brain MRI data that are collected in subjects undergoing total knee arthroplasty (TKA) and a brain imaging-based prognostic algorism (software development) to prospectively predict outcomes following total knee replacement.,NIH ICO-associated,NIDA; NINDS,Active,Limited or programmatic intake,Open access,"Neuroimaging; Medical imaging; Models, software, workflows, notebooks, and containers",Human data or participants,Open or registered human-data access,human,Homo sapiens,Imaging; Neurobiology,Programmatic access not established,not_established,Persistent identifier practice not established,0,not_listed,2026-09-16,2027-03-01,https://www.openpain.org/
R70,Saccharomyces Genome Database (SGD),SGD,Data repository,The Saccharomyces Genome Database (SGD) provides comprehensive integrated biological information for the budding yeast Saccharomyces cerevisiae.,NIH ICO-associated; Sustained or historical NIH support,NHGRI,Active,Limited or programmatic intake,Open access,Genomics,Non-human organisms or data; Human and non-human or multi-species; Human data or participants,Open or registered human-data access,non-human,,Sequence biology,Public API,api_documented,Dataset-level persistent identifier,0,not_listed,2026-09-10,2027-03-01,https://www.yeastgenome.org/
R71,WormBase,,Data repository,,NIH ICO-associated,NHGRI,Active,Limited or programmatic intake,Open access,"Behavioral, social, and population health data",Human and non-human or multi-species; Non-human organisms or data; Human data or participants,Open or registered human-data access,non-human,,"Behavioral and social sciences, Computational biology, Neuroscience, Sequence biology",Authenticated API,api_documented,Dataset-level persistent identifier,0,not_listed,2026-09-16,2027-03-01,https://wormbase.org/
R72,Alliance of Genome Resources (AGR),AGR,Data repository,"This FAIRsharing record describes: The primary mission of the Alliance of Genome Resources (the Alliance) is to develop and maintain sustainable genome information resources that facilitate the use of diverse model organisms in understanding the genetic and genomic basis of human biology, health and disease.",NIH ICO-associated; Sustained or historical NIH support,NHGRI; NHLBI,Active,Limited or programmatic intake,Open access,Transcriptomics; Genomics,Human data or participants; Human and non-human or multi-species; Non-human organisms or data,Open or registered human-data access,non-human,Homo sapiens; Xenopus laevis; Xenopus tropicalis; Caenorhabditis; Mus musculus; Rattus norvegicus; Drosophila; Danio rerio; Saccharomyces cerevisiae,"Computational biology, Neuroscience, Sequence biology; gene; disease; Gene name; association; gene expression; disease course; orthologous; phenotype; Genomics; Model organisms; Genome map; homologous; Gene functional annotation; genome",Programmatic access not established,not_established,Persistent identifier practice not established,0,not_listed,2026-09-16,2027-03-01,https://www.alliancegenome.org/
R73,PhenX Toolkit,,Data repository,The PhenX Toolkit is a catalog of high-priority measures for consideration and inclusion in genome-wide association studies (GWAS) and other large-scale genomic research efforts.,NIH ICO-associated,NHGRI; NHLBI; NIDA; NIMHD; NINDS; OD,Active,Limited or programmatic intake,Open access,Genomics; Clinical and real-world data; Environmental exposures and geospatial data,Human data or participants; Human and non-human or multi-species; Non-human organisms or data,Open or registered human-data access,human,Homo sapiens,"Clinical research, Other, Sequence biology; phenotype; Epidemiology; Biomedical Science; Genomics",No public API reported,no_public_api_reported,Persistent identifier practice not established,0,not_listed,2026-09-10,2027-03-01,https://www.phenxtoolkit.org/
R74,International Mouse Phenotyping Consortium (IMPC),IMPC,Data repository; Other resource,Generating a complete functional catalogue of the mouse genome,NIH ICO-associated; Sustained or historical NIH support,NIDA; NIDCD; OD,Active,Limited or programmatic intake,Open access,Genomics,Non-human organisms or data; Human data or participants; Human and non-human or multi-species,Open or registered human-data access,non-human,Homo sapiens; Mus musculus,"Imaging, Neuroscience, Other, Sequence biology; genome; Phenomics; protein; Functional Genomics; phenotype",Public API,api_documented,Dataset-level persistent identifier,0,not_listed,2026-09-10,2027-03-01,https://www.mousephenotype.org/
R75,Zebrafish Information Network (ZFIN),ZFIN,Data repository,,Sustained or historical NIH support; NIH ICO-associated,NHGRI; NIEHS; OD,Active,Accepts broad investigator deposits,Open access,Data modality not established,Non-human organisms or data; Human data or participants; Human and non-human or multi-species,Open or registered human-data access,non-human,,Sequence biology,Programmatic access not established,not_established,Dataset-level persistent identifier,0,not_listed,2026-09-16,2027-03-01,https://zfin.org/
R76,Gene Ontology Consortium and Knowledgebase,,Data repository; Other resource,"The Gene Ontology (GO) project is a major bioinformatics initiative to develop a computational representation of our evolving knowledge of how genes encode biological functions at the molecular, cellular and tissue system levels.",NIH ICO-associated,NHGRI; NIGMS,Active,Limited or programmatic intake,Open access,"Ontologies, vocabularies, common data elements, and terminology artifacts",Human and non-human or multi-species; Non-human organisms or data; Human data or participants,Open or registered human-data access,"human, non-human",,Sequence biology,Public API,api_documented,Dataset-level persistent identifier,0,not_listed,2026-09-16,2027-03-01,http://geneontology.org/
R77,Reactome,,Other resource; Data repository,"Reactome is pathway database which provides intuitive bioinformatics tools for the visualisation, interpretation and analysis of pathway knowledge.",NIH ICO-associated,NHGRI; OD,Active,Limited or programmatic intake,Open access,Data modality not established,Non-human organisms or data; Human data or participants; Human and non-human or multi-species,Open or registered human-data access,"human, non-human",,"Computational biology, Other",Public API,api_documented,Dataset-level persistent identifier,0,not_listed,2026-09-16,2027-03-01,https://reactome.org/
R79,BioData Catalyst,,Data repository,"This FAIRsharing record describes: NHLBI BioData Catalyst is a cloud-based platform providing tools, applications, and workflows in secure workspaces for heart, lung, blood, and sleep disorder research. BioData Catalyst allows researchers to find, access, share, store, and compute on large scale datasets.",NIH ICO-associated; Sustained or historical NIH support,NHLBI,Active,Accepts broad investigator deposits,Controlled access,"Clinical and real-world data; Models, software, workflows, notebooks, and containers",Human data or participants,Controlled or potentially sensitive human data,human,Homo sapiens,"Clinical research, Computational biology, Imaging, Real-World Data, Sequence biology; Computational Biology; region; Clinical Studies; Imaging",Programmatic access not established,not_established,Dataset-level persistent identifier,0,listed,2026-09-16,2027-03-01,https://biodatacatalyst.nhlbi.nih.gov/
R8,EveAnalytics,,Data repository,"The mission of EveAnalytics™ is to provide a shared platform that equips every MPS & Organ-Chip user with the tools and data needed to streamline experimental designs, compare data sets, and assure successful study outcomes.",NIH ICO-associated; Sustained or historical NIH support,NCATS,Active,Accepts broad investigator deposits,Open access,Clinical and real-world data,Non-human organisms or data; Human data or participants; Human and non-human or multi-species,Open or registered human-data access,"human, non-human",,"Clinical research, Computational biology, Imaging",Programmatic access not established,not_established,Persistent identifier practice not established,0,not_listed,2026-09-16,2027-03-01,https://eveanalytics.com/
R81,LungMAP,,Data repository,,NIH ICO-associated,NHLBI,Active,Limited or programmatic intake,Open access,Clinical and real-world data,Human data or participants; Non-human organisms or data; Human and non-human or multi-species,Open or registered human-data access,"human, non-human",,Clinical research,No public API reported,no_public_api_reported,Persistent identifier practice not established,0,not_listed,2026-09-16,2027-03-01,https://www.lungmap.net/
R82,National Sleep Research Resource,,Data repository,"This FAIRsharing record describes: The National Sleep Research Resource (NSRR) offers free web access to large collections of de-identified physiological signals and clinical data elements collected in well-characterized research cohorts and clinical trials. Using the tools provided, the researcher can search across thousands of data elements, identify those data of most relevance for given needs, explore the statistical distributions of each, and download the data as CSV files. Data include demographic, physiological, clinical, and other data types collected by each study. Physiologic signals from overnight polysomnograms (sleep studies) are available by downloading European Data Format (EDF) files. The researcher can load summary measures of standardly scored sleep data. Specific scored annotations can be accessed by downloading XML files and can be viewed offline using the EDF Viewer.",Sustained or historical NIH support; NIH ICO-associated,NHLBI,Active,Accepts broad investigator deposits,Access pathway not established,"Physiologic signals, wearables, and mobile health; Behavioral, social, and population health data; Clinical and real-world data; Clinical trials and study protocols",Model systems or preclinical resources; Human data or participants,Human-data sensitivity not established,human,Primates; Homo sapiens,"Behavioral and social sciences, Clinical research, Neuroscience; Physiology; Preclinical Studies; sleep; Biomedical Science; Polysomnography",Programmatic access not established,not_established,Dataset-level persistent identifier,0,not_listed,2026-09-16,2027-03-01,https://www.sleepdata.org/
R83,Rare Disease Cures Accelerator - Data and Analytics Platform (RDCA-DAP),RDCA-DAP,Data repository,,Sustained or historical NIH support; NIH ICO-associated,NHLBI,Active,Accepts broad investigator deposits,Controlled access,Clinical and real-world data,Human data or participants,Controlled or potentially sensitive human data,human,,Clinical research,Programmatic access not established,not_established,Persistent identifier practice not established,0,not_listed,2026-09-16,2027-03-01,https://portal.rdca.c-path.org/
R84,Rat Genome Database (RGD),RGD,Data repository,"The Rat Genome Database houses genomic, genetic, functional, physiological, pathway and disease data for the laboratory rat as well as comparative data for mouse and human. The site also hosts data mining and analysis tools for rat genomics and physiology",NIH ICO-associated,NHLBI,Active,Limited or programmatic intake,Open access,"Physiologic signals, wearables, and mobile health; Genomics",Non-human organisms or data; Human and non-human or multi-species; Human data or participants,Open or registered human-data access,"human, non-human",Homo sapiens; Sus scrofa; Ictidomys tridecemlineatus; Heterocephalus glaber; Canis lupus familiaris; Mus musculus; Pan paniscus; Chinchilla lanigera; Chlorocebus sabaeus; Rattus norvegicus,"Computational biology, Sequence biology; Quantitative Genetics; QTL; interactome; xenobiotic metabolic process; Biomedical Science; deoxyribonucleic acid; genome; gene; Translational Medicine; disease course; pathway; Veterinary Medicine; Molecular Medicine; disease; phenotype; Gene functional annotation; Phenomics; Comparative Genomics; Genomics",Public API,api_documented,Dataset-level persistent identifier,0,not_listed,2026-09-10,2027-03-01,https://rgd.mcw.edu/
R85,Brain Data Science Platform (BDSP),BDSP,Data repository,,Sustained or historical NIH support; NIH ICO-associated,NHLBI; NIA; NINDS,Active,Accepts broad investigator deposits,Mixed access,Clinical and real-world data,Human data or participants,Mixed human-data access,human,,"Clinical research, Computational biology, Imaging, Neuroscience, Other, Real-World Data",No public API reported,no_public_api_reported,Persistent identifier practice not established,0,not_listed,2026-09-16,2027-03-01,https://bdsp.io/
R86,AgingResearchBiobank,,Data repository,AgingResearchBiobank provides a state-of-the-art inventory system for the storage and distribution of NIA collections to the broader scientific community.,NIH ICO-associated; Sustained or historical NIH support,NIA,Active,Accepts broad investigator deposits,Controlled access,Clinical trials and study protocols; Biospecimen and biobank metadata; Clinical and real-world data,Human data or participants,Controlled or potentially sensitive human data,human,Homo sapiens,"Clinical research, Computational biology, Imaging, Neuroscience; Computational Biology; Imaging; Neuroscience; Clinical Studies",Programmatic access not established,not_established,Persistent identifier practice not established,0,listed,2026-09-16,2027-03-01,https://agingresearchbiobank.nia.nih.gov/
R87,Alzheimer's Disease Knowledge Portal (AD Knowledge Portal),,Data repository,"Discover and download Alzheimer's Disease data, analyses, and tools from the National Institute on Aging's Alzheimer's Disease Translational Research Program.",Sustained or historical NIH support; NIH ICO-associated,NIA,Active,Accepts broad investigator deposits,Mixed access,Data modality not established,Human and non-human or multi-species; Non-human organisms or data; Human data or participants,Mixed human-data access,"human, non-human",,"Computational biology, Imaging, Neuroscience, Sequence biology",No public API reported,no_public_api_reported,Persistent identifier practice not established,0,not_listed,2026-09-10,2027-03-01,https://adknowledgeportal.synapse.org/
R88,AMP Alzheimer's Disease (AD),AD,Data repository,,NIH ICO-associated,NIA,Active,Limited or programmatic intake,Mixed access,"Behavioral, social, and population health data; Clinical and real-world data",Non-human organisms or data; Human and non-human or multi-species; Human data or participants,Mixed human-data access,"human, non-human",,"Behavioral and social sciences, Clinical research, Computational biology, Imaging, Sequence biology",No public API reported,no_public_api_reported,Persistent identifier practice not established,0,not_listed,2026-09-16,2027-03-01,https://www.nia.nih.gov/research/amp-ad
R89,Cell Image Library,CIL,Data repository,,NIH ICO-associated,NIA,Active,Limited or programmatic intake,Open access,Data modality not established,Non-human organisms or data; Human and non-human or multi-species; Human data or participants,Open or registered human-data access,"human, non-human",,"Computational biology, Imaging, Neuroscience",Programmatic access not established,not_established,Dataset-level persistent identifier,0,not_listed,2026-09-10,2027-03-01,https://www.cellimagelibrary.org/home
R9,Inxight Informatics System,,Data repository,"The National Center for Advancing Translational Sciences has developed Inxight Drugs — a comprehensive portal for drug development information. NCATS Inxight incorporates and unifies a wealth of data, including marketing and regulatory status, rigorous drug ingredient definitions, biological activity, clinical use and more.",NIH ICO-associated,NCATS,Active,Limited or programmatic intake,Open access,"Chemical, pharmacologic, and screening data; Clinical and real-world data",Human data or participants; Non-human organisms or data; Human and non-human or multi-species,Open or registered human-data access,non-human,,"Clinical research, Other",No public API reported,no_public_api_reported,Persistent identifier practice not established,0,not_listed,2026-09-16,2027-03-01,https://drugs.ncats.io/
R90,Exceptional Longevity Translational Resources (ELITE) Portal,,Data repository,"The Exceptional Longevity Translational Resources (ELITE) Portal hosts multi-omic data, analyses, and tools from the National Institute on Aging (NIA) funded exceptional longevity studies of protective cellular factor(s) that enhance health and life span.",NIH ICO-associated,NIA,Active,Limited or programmatic intake,Controlled access,Data modality not established,Human and non-human or multi-species; Non-human organisms or data; Human data or participants,Controlled or potentially sensitive human data,"human, non-human",,Sequence biology,No public API reported,no_public_api_reported,Persistent identifier practice not established,0,not_listed,2026-09-16,2027-03-01,https://eliteportal.synapse.org/
R91,National Archive of Computerized Data on Aging (NACDA),NACDA,Data repository,,NIH ICO-associated,NIA,Active,Limited or programmatic intake,Mixed access,"Clinical and real-world data; Behavioral, social, and population health data",Human data or participants,Mixed human-data access,human,,"Behavioral and social sciences, Clinical research",Authenticated API,api_documented,Dataset-level persistent identifier,0,not_listed,2026-09-10,2027-03-01,https://www.icpsr.umich.edu/web/pages/NACDA/index.html
R92,Network for Investigation of Delirium: Unifying Scientists,,Data repository,,NIH ICO-associated,NIA,Active,Limited or programmatic intake,Access pathway not established,Clinical and real-world data,Non-human organisms or data; Human data or participants; Human and non-human or multi-species,Human-data sensitivity not established,"human, non-human",,Clinical research,No public API reported,no_public_api_reported,Persistent identifier practice not established,0,not_listed,2026-09-16,2027-03-01,https://deliriumnetwork.org/about/
R93,NIA Data Linkage Program,,Data repository,,NIH ICO-associated,NIA,Active,Limited or programmatic intake,Controlled access,Clinical and real-world data,Human data or participants,Controlled or potentially sensitive human data,human,,"Clinical research, Real-World Data",No public API reported,no_public_api_reported,Persistent identifier practice not established,0,listed,2026-09-16,2027-03-01,https://www.nia.nih.gov/research/dbsr/nia-data-linkage-program-linkage
R94,NIA Genetics of Alzheimer's Disease Data Storage Site (NIAGADS),NIAGADS,Data repository,"NIAGADS is a collaborative agreement between the National Institute on Aging and the University of Pennsylvania that stores and distributes genetics and genomics data from studies on Alzheimer’s disease, related dementias, and aging to qualified researchers globally.",NIH ICO-associated,NIA,Active,Limited or programmatic intake,Mixed access,"Genomics; Behavioral, social, and population health data; Clinical and real-world data; Models, software, workflows, notebooks, and containers",Non-human organisms or data; Human data or participants; Human and non-human or multi-species,Mixed human-data access,human,Homo sapiens,"Behavioral and social sciences, Clinical research, Computational biology, Imaging, Neuroscience, Sequence biology; Computational Biology; Social and Behavioural Science; Clinical Studies; Neuroscience; Imaging; region; Genetics",No public API reported,no_public_api_reported,Persistent identifier practice not established,0,listed,2026-09-10,2027-03-01,https://www.niagads.org/home
R95,Primate Aging Database,,Data repository,Primate Aging Database,Sustained or historical NIH support; NIH ICO-associated,NIA,Active,Accepts broad investigator deposits,Access pathway not established,Environmental exposures and geospatial data,Human and non-human or multi-species; Non-human organisms or data; Human data or participants,Human-data sensitivity not established,non-human,Primates,Other; Hematology; aging; blood,Programmatic access not established,not_established,Persistent identifier practice not established,0,not_listed,2026-09-16,2027-03-01,https://primatedatabase.org/
R97,NeuroImaging Tools and Resources Collaboratory (NITRC),NITRC,Data repository,"This FAIRsharing record describes: Neuroimaging Informatics Tools and Resources Collaboratory Resources Registry (NITRC-R) describes software tools and resources, vocabularies, test data, and databases. It is intended to extend the impact and longevity of previously funded neuroimaging informatics contributions. NITRC-R gives researchers access to tools and resources, categorization and organization of existing tools and resources, facilitation of interactions between researchers and developers, and promotion of best practices through enhanced documentation and tutorials. NITRC’s scientific focus includes: MR, PET/SPECT, CT, EEG/MEG, optical imaging, clinical neuroimaging, computational neuroscience, and imaging genomics software tools, data, and computational resources.",NIH ICO-associated; Sustained or historical NIH support,NIA; NIBIB; NIMH; NINDS,Active,Accepts broad investigator deposits,Mixed access,"Electrophysiology and neural recordings; Neuroimaging; Models, software, workflows, notebooks, and containers; Clinical and real-world data; Genomics",Human and non-human or multi-species; Non-human organisms or data; Human data or participants,Mixed human-data access,"human, non-human",Homo sapiens,"Imaging, Neuroscience; neuron; Structure; brain; Positron Emission Tomography; Computational Neuroscience; Bioinformatics; Neuroscience; neuroimaging measurement; Annotation",Public API,api_documented,Dataset-level persistent identifier,0,not_listed,2026-09-10,2027-03-01,https://www.nitrc.org/
R98,Inter-university Consortium for Political and Social Research (ICPSR),ICPSR,Data repository,,Sustained or historical NIH support; NIH ICO-associated,NIA; NICHD; NIDA,Active,Accepts broad investigator deposits,Mixed access,"Behavioral, social, and population health data",Human data or participants,Mixed human-data access,human,,Behavioral and social sciences,Programmatic access not established,not_established,Dataset-level persistent identifier,0,not_listed,2026-09-10,2027-03-01,https://www.icpsr.umich.edu/web/pages/
R99,Accelerating Medicines Partnership in Parkinson's Disease (AMP-PD),AMP-PD,Data repository,Collaborating toward biomarker discovery to advance the development of Parkinson’s disease therapies,Sustained or historical NIH support; NIH ICO-associated,FNIH; NIA,Active,Limited or programmatic intake,Controlled access,"Clinical and real-world data; Proteomics; Behavioral, social, and population health data; Transcriptomics; Genomics",Non-human organisms or data; Human data or participants; Human and non-human or multi-species,Controlled or potentially sensitive human data,human,Homo sapiens,"Behavioral and social sciences, Clinical research, Computational biology, Neuroscience, Sequence biology; Computational Biology; Social and Behavioural Science; region; Clinical Studies; Neuroscience",No public API reported,no_public_api_reported,Persistent identifier practice not established,0,listed,2026-09-16,2027-03-01,https://amp-pd.org/
